"Class","Reason","RelPath"
"CONFLICT_NEW","submodule","Servers\Libs\NetTopologySuite.Curved\NetTopologySuite\data\NetTopologySuite.Samples.Shapefiles\a.shp"
"CONFLICT_NEW","submodule","Servers\Libs\NetTopologySuite.Curved\NetTopologySuite\data\NetTopologySuite.Samples.Shapefiles\b.shp"
"CONFLICT_NEW","submodule","Servers\Libs\NetTopologySuite.Curved\NetTopologySuite\data\NetTopologySuite.Samples.Shapefiles\BJmultipolygon.shp"
"CONFLICT_NEW","submodule","Servers\Libs\NetTopologySuite.Curved\NetTopologySuite\data\NetTopologySuite.Samples.Shapefiles\blob\wkt.JPG"
"CONFLICT_NEW","submodule","Servers\Libs\NetTopologySuite.Curved\NetTopologySuite\data\NetTopologySuite.Samples.Shapefiles\CA_Cable_region.shp"
"CONFLICT_NEW","submodule","Servers\Libs\NetTopologySuite.Curved\NetTopologySuite\data\NetTopologySuite.Samples.Shapefiles\crustal_test.dbf"
"CONFLICT_NEW","submodule","Servers\Libs\NetTopologySuite.Curved\NetTopologySuite\data\NetTopologySuite.Samples.Shapefiles\DEPARTEMENT.AVL"
"CONFLICT_NEW","submodule","Servers\Libs\NetTopologySuite.Curved\NetTopologySuite\data\NetTopologySuite.Samples.Shapefiles\DEPARTEMENT.SHP"
"CONFLICT_NEW","submodule","Servers\Libs\NetTopologySuite.Curved\NetTopologySuite\data\NetTopologySuite.Samples.Shapefiles\error_union.dbf"
"CONFLICT_NEW","submodule","Servers\Libs\NetTopologySuite.Curved\NetTopologySuite\data\NetTopologySuite.Samples.Shapefiles\error_union.shp"
"CONFLICT_NEW","submodule","Servers\Libs\NetTopologySuite.Curved\NetTopologySuite\data\NetTopologySuite.Samples.Shapefiles\graph"
"CONFLICT_NEW","submodule","Servers\Libs\NetTopologySuite.Curved\NetTopologySuite\data\NetTopologySuite.Samples.Shapefiles\Issue167.shp"
"CONFLICT_NEW","submodule","Servers\Libs\NetTopologySuite.Curved\NetTopologySuite\data\NetTopologySuite.Samples.Shapefiles\Strade.dbf"
"CONFLICT_NEW","submodule","Servers\Libs\NetTopologySuite.Curved\NetTopologySuite\data\NetTopologySuite.Samples.Shapefiles\Strade.shp"
"CONFLICT_NEW","submodule","Servers\Libs\NetTopologySuite.Curved\NetTopologySuite\data\NetTopologySuite.Samples.Shapefiles\US_DMA_region.shp"
"CONFLICT_NEW","submodule","Servers\Libs\NetTopologySuite.Curved\NetTopologySuite\data\NetTopologySuite.Samples.Shapefiles\with_M.shp"
"CONFLICT_NEW","submodule","Servers\Libs\NetTopologySuite.Curved\NetTopologySuite\data\NetTopologySuite.TestRunner.Tests\robust\overlay\TestOverlay-geos-350.xml"
"CONFLICT_NEW","submodule","Servers\Libs\NetTopologySuite.Curved\NetTopologySuite\data\NetTopologySuite.TestRunner.Tests\robust\overlay\TestOverlay-geos-358.xml"
"CONFLICT_NEW","submodule","Servers\Libs\NetTopologySuite.Curved\NetTopologySuite\data\NetTopologySuite.TestRunner.Tests\robust\overlay\TestOverlay-geos-837.xml"
"CONFLICT_NEW","submodule","Servers\Libs\NetTopologySuite.Curved\NetTopologySuite\data\NetTopologySuite.TestRunner.Tests\robust\overlay\TestOverlay-geos-997-union-slow.xml"
"CONFLICT_NEW","submodule","Servers\Libs\NetTopologySuite.Curved\NetTopologySuite\data\NetTopologySuite.TestRunner.Tests\robust\overlay\TestOverlay-misc-4.xml"
"CONFLICT_NEW","submodule","Servers\Libs\NetTopologySuite.Curved\NetTopologySuite\data\NetTopologySuite.TestRunner.Tests\robust\overlay\TestOverlay-pg-4738.xml"
"CONFLICT_NEW","submodule","Servers\Libs\NetTopologySuite.Curved\NetTopologySuite\data\NetTopologySuite.TestRunner.Tests\robust\overlay\TestOverlay-stmlf.xml"
"CONFLICT_NEW","submodule","Servers\Libs\NetTopologySuite.Curved\NetTopologySuite\data\NetTopologySuite.TestRunner.Tests\robust\TestBufferJagged.xml"
"CONFLICT_NEW","submodule","Servers\Libs\NetTopologySuite.Curved\NetTopologySuite\data\NetTopologySuite.TestRunner.Tests\stmlf\stmlf-cases-20061018_int.xml"
"CONFLICT_NEW","submodule","Servers\Libs\NetTopologySuite.Curved\NetTopologySuite\icon.png"
"CONFLICT_NEW","submodule","Servers\Libs\NetTopologySuite.Curved\NetTopologySuite\ISSUE_TEMPLATE.md"
"CONFLICT_NEW","submodule","Servers\Libs\NetTopologySuite.Curved\NetTopologySuite\src\NetTopologySuite\Algorithm\Match\SimilarityMeasureCombiner.cs"
"CONFLICT_NEW","submodule","Servers\Libs\NetTopologySuite.Curved\NetTopologySuite\src\NetTopologySuite\Geometries\Utilities\NoninvertibleTransformationException.cs"
"CONFLICT_NEW","submodule","Servers\Libs\NetTopologySuite.Curved\NetTopologySuite\src\NetTopologySuite\Operation\Overlay\OverlayNodeFactory.cs"
"CONFLICT_NEW","submodule","Servers\Libs\NetTopologySuite.Curved\NetTopologySuite\test\NetTopologySuite.TestRunner\XmlTest.cs"
"CONFLICT_NEW","submodule","Servers\Libs\NetTopologySuite.Curved\NetTopologySuite\test\NetTopologySuite.Tests.NUnit\TestData\africa.wkt"
"CONFLICT_NEW","submodule","Servers\Libs\NetTopologySuite.Curved\NetTopologySuite\test\NetTopologySuite.Tests.NUnit\TestData\Base 64.txt"
"CONFLICT_NEW","submodule","Servers\Libs\NetTopologySuite.Curved\NetTopologySuite\test\NetTopologySuite.Tests.NUnit\TestData\europe.wkt"
"CONFLICT_NEW","submodule","Servers\Libs\NetTopologySuite.Curved\NetTopologySuite\test\NetTopologySuite.Tests.NUnit\TestData\multipolygons.xml"
"CONFLICT_NEW","submodule","Servers\Libs\NetTopologySuite.Curved\NetTopologySuite\test\NetTopologySuite.Tests.NUnit\TestData\world.wkt"
"CONFLICT_NEW","submodule","Servers\Libs\NetTopologySuite\data\NetTopologySuite.Samples.Shapefiles\blob\wkt.JPG"
"CONFLICT_NEW","submodule","Servers\Libs\NetTopologySuite\data\NetTopologySuite.Samples.Shapefiles\error_union.shp"
"CONFLICT_NEW","submodule","Servers\Libs\NetTopologySuite\data\NetTopologySuite.Samples.Shapefiles\graph"
"CONFLICT_NEW","submodule","Servers\Libs\NetTopologySuite\data\NetTopologySuite.Samples.Shapefiles\Issue167.shp"
"CONFLICT_NEW","submodule","Servers\Libs\NetTopologySuite\data\NetTopologySuite.Samples.Shapefiles\Strade.dbf"
"CONFLICT_NEW","submodule","Servers\Libs\NetTopologySuite\data\NetTopologySuite.TestRunner.Tests\general\TestPreparedPointPredicate.xml"
"CONFLICT_NEW","submodule","Servers\Libs\NetTopologySuite\data\NetTopologySuite.TestRunner.Tests\misc\TestBufferJagged.xml"
"CONFLICT_NEW","submodule","Servers\Libs\NetTopologySuite\data\NetTopologySuite.TestRunner.Tests\robust\overlay\TestOverlay-geos-1034.xml"
"CONFLICT_NEW","submodule","Servers\Libs\NetTopologySuite\data\NetTopologySuite.TestRunner.Tests\robust\overlay\TestOverlay-osmwater.xml"
"CONFLICT_NEW","submodule","Servers\Libs\NetTopologySuite\data\NetTopologySuite.TestRunner.Tests\robust\overlay\TestOverlay-pg-2176.xml"
"CONFLICT_NEW","submodule","Servers\Libs\NetTopologySuite\data\NetTopologySuite.TestRunner.Tests\robust\TestBufferJagged.xml"
"CONFLICT_NEW","submodule","Servers\Libs\NetTopologySuite\data\NetTopologySuite.TestRunner.Tests\stmlf\stmlf-cases-20061018_int.xml"
"CONFLICT_NEW","submodule","Servers\Libs\NetTopologySuite\data\NetTopologySuite.TestRunner.Tests\validate\TestRelateLA.xml"
"CONFLICT_NEW","submodule","Servers\Libs\NetTopologySuite\doc\images\minClearance.png"
"CONFLICT_NEW","submodule","Servers\Libs\NetTopologySuite\src\NetTopologySuite\Geometries\CoordinateArrays.cs"
"CONFLICT_NEW","submodule","Servers\Libs\NetTopologySuite\src\NetTopologySuite\Geometries\Geometry.cs"
"CONFLICT_NEW","submodule","Servers\Libs\NetTopologySuite\src\NetTopologySuite\Geometries\GeometryCollection.cs"
"CONFLICT_NEW","submodule","Servers\Libs\NetTopologySuite\src\NetTopologySuite\Operation\Valid\PolygonNode.cs"
"CONFLICT_NEW","submodule","Servers\Libs\NetTopologySuite\test\NetTopologySuite.Samples.Console\Tests\Github\Issue566and567.wkt"
"CONFLICT_NEW","submodule","Servers\Libs\NetTopologySuite\test\NetTopologySuite.Tests.NUnit\TestData\bc_20K.wkt"
"CONFLICT_NEW","submodule","Servers\Libs\NetTopologySuite\test\NetTopologySuite.Tests.NUnit\TestData\papua.wkt"
"CONFLICT_NEW","submodule","Servers\Libs\NetTopologySuite\test\NetTopologySuite.Tests.NUnit\TestData\world.wkt"
"CORRUPT_TRACKED","submodule","Servers\Libs\NetTopologySuite.Curved\NetTopologySuite\data\NetTopologySuite.Samples.Shapefiles\invalid_line_string.dbf"
"CORRUPT_TRACKED","submodule","Servers\Libs\NetTopologySuite.Curved\NetTopologySuite\data\NetTopologySuite.TestRunner.Tests\general\TestFunctionPP.xml"
"CORRUPT_TRACKED","submodule","Servers\Libs\NetTopologySuite.Curved\NetTopologySuite\data\NetTopologySuite.TestRunner.Tests\general\TestNGOverlayP.xml"
"CORRUPT_TRACKED","submodule","Servers\Libs\NetTopologySuite.Curved\NetTopologySuite\data\NetTopologySuite.TestRunner.Tests\misc\TestBufferExternal2.xml"
"CORRUPT_TRACKED","submodule","Servers\Libs\NetTopologySuite.Curved\NetTopologySuite\data\NetTopologySuite.TestRunner.Tests\robust\overlay\TestOverlay-geos-1034.xml"
"CORRUPT_TRACKED","submodule","Servers\Libs\NetTopologySuite.Curved\NetTopologySuite\data\NetTopologySuite.TestRunner.Tests\robust\overlay\TestOverlay-geos-615.xml"
"CORRUPT_TRACKED","submodule","Servers\Libs\NetTopologySuite.Curved\NetTopologySuite\data\NetTopologySuite.TestRunner.Tests\robust\overlay\TestOverlay-geos-737.xml"
"CORRUPT_TRACKED","submodule","Servers\Libs\NetTopologySuite.Curved\NetTopologySuite\data\NetTopologySuite.TestRunner.Tests\robust\overlay\TestOverlay-geos-838.xml"
"CORRUPT_TRACKED","submodule","Servers\Libs\NetTopologySuite.Curved\NetTopologySuite\data\NetTopologySuite.TestRunner.Tests\robust\overlay\TestOverlay-geos-997-union-fail.xml"
"CORRUPT_TRACKED","submodule","Servers\Libs\NetTopologySuite.Curved\NetTopologySuite\data\NetTopologySuite.TestRunner.Tests\robust\overlay\TestOverlay-gisse-345341-lines.xml"
"CORRUPT_TRACKED","submodule","Servers\Libs\NetTopologySuite.Curved\NetTopologySuite\data\NetTopologySuite.TestRunner.Tests\robust\overlay\TestOverlay-misc-3.xml"
"CORRUPT_TRACKED","submodule","Servers\Libs\NetTopologySuite.Curved\NetTopologySuite\data\NetTopologySuite.TestRunner.Tests\validate\TestRelateAA.xml"
"CORRUPT_TRACKED","submodule","Servers\Libs\NetTopologySuite.Curved\NetTopologySuite\data\NetTopologySuite.TestRunner.Tests\validate\TestRelateLA.xml"
"CORRUPT_TRACKED","submodule","Servers\Libs\NetTopologySuite.Curved\NetTopologySuite\data\NetTopologySuite.TestRunner.Tests\vivid\TestSimple.xml"
"CORRUPT_TRACKED","submodule","Servers\Libs\NetTopologySuite.Curved\NetTopologySuite\data\NetTopologySuite.TestRunner.Tests\vivid\TestValid2.xml"
"CORRUPT_TRACKED","submodule","Servers\Libs\NetTopologySuite.Curved\NetTopologySuite\doc\articles\.gitkeep"
"CORRUPT_TRACKED","submodule","Servers\Libs\NetTopologySuite.Curved\NetTopologySuite\generate-and-push-docs.cmd"
"CORRUPT_TRACKED","submodule","Servers\Libs\NetTopologySuite.Curved\NetTopologySuite\src\NetTopologySuite.Lab\IteratedOverlayFunctions.cs"
"CORRUPT_TRACKED","submodule","Servers\Libs\NetTopologySuite.Curved\NetTopologySuite\src\NetTopologySuite.TestRunner.Console\TestRunner.cs"
"CORRUPT_TRACKED","submodule","Servers\Libs\NetTopologySuite.Curved\NetTopologySuite\src\NetTopologySuite\Algorithm\CGAlgorithms3D.cs"
"CORRUPT_TRACKED","submodule","Servers\Libs\NetTopologySuite.Curved\NetTopologySuite\src\NetTopologySuite\Algorithm\CGAlgorithmsDD.cs"
"CORRUPT_TRACKED","submodule","Servers\Libs\NetTopologySuite.Curved\NetTopologySuite\src\NetTopologySuite\Algorithm\HCoordinate.cs"
"CORRUPT_TRACKED","submodule","Servers\Libs\NetTopologySuite.Curved\NetTopologySuite\src\NetTopologySuite\Algorithm\Locate\IPointOnGeometryLocator.cs"
"CORRUPT_TRACKED","submodule","Servers\Libs\NetTopologySuite.Curved\NetTopologySuite\src\NetTopologySuite\Algorithm\Match\AreaSimilarityMeasure.cs"
"CORRUPT_TRACKED","submodule","Servers\Libs\NetTopologySuite.Curved\NetTopologySuite\src\NetTopologySuite\DataStructures\Interval.cs"
"CORRUPT_TRACKED","submodule","Servers\Libs\NetTopologySuite.Curved\NetTopologySuite\src\NetTopologySuite\EdgeGraph\EdgeGraph.cs"
"CORRUPT_TRACKED","submodule","Servers\Libs\NetTopologySuite.Curved\NetTopologySuite\src\NetTopologySuite\Geometries\CoordinateSequence.cs"
"CORRUPT_TRACKED","submodule","Servers\Libs\NetTopologySuite.Curved\NetTopologySuite\src\NetTopologySuite\Geometries\Dimension.cs"
"CORRUPT_TRACKED","submodule","Servers\Libs\NetTopologySuite.Curved\NetTopologySuite\src\NetTopologySuite\Geometries\MultiLineString.cs"
"CORRUPT_TRACKED","submodule","Servers\Libs\NetTopologySuite.Curved\NetTopologySuite\src\NetTopologySuite\Geometries\MultiPoint.cs"
"CORRUPT_TRACKED","submodule","Servers\Libs\NetTopologySuite.Curved\NetTopologySuite\src\NetTopologySuite\Geometries\Prepared\PreparedPolygon.cs"
"CORRUPT_TRACKED","submodule","Servers\Libs\NetTopologySuite.Curved\NetTopologySuite\src\NetTopologySuite\Geometries\Prepared\PreparedPolygonContains.cs"
"CORRUPT_TRACKED","submodule","Servers\Libs\NetTopologySuite.Curved\NetTopologySuite\src\NetTopologySuite\Geometries\Prepared\PreparedPolygonCovers.cs"
"CORRUPT_TRACKED","submodule","Servers\Libs\NetTopologySuite.Curved\NetTopologySuite\src\NetTopologySuite\Geometries\Prepared\PreparedPolygonIntersects.cs"
"CORRUPT_TRACKED","submodule","Servers\Libs\NetTopologySuite.Curved\NetTopologySuite\src\NetTopologySuite\Geometries\Utilities\ComponentGeometryExtractor.cs"
"CORRUPT_TRACKED","submodule","Servers\Libs\NetTopologySuite.Curved\NetTopologySuite\src\NetTopologySuite\Geometries\Utilities\EnvelopeCombiner.cs"
"CORRUPT_TRACKED","submodule","Servers\Libs\NetTopologySuite.Curved\NetTopologySuite\src\NetTopologySuite\Geometries\Utilities\GeometryCollectionMapper.cs"
"CORRUPT_TRACKED","submodule","Servers\Libs\NetTopologySuite.Curved\NetTopologySuite\src\NetTopologySuite\Geometries\Utilities\GeometryMapper.cs"
"CORRUPT_TRACKED","submodule","Servers\Libs\NetTopologySuite.Curved\NetTopologySuite\src\NetTopologySuite\Geometries\Utilities\LineStringExtracter.cs"
"CORRUPT_TRACKED","submodule","Servers\Libs\NetTopologySuite.Curved\NetTopologySuite\src\NetTopologySuite\Geometries\Utilities\Matrix.cs"
"CORRUPT_TRACKED","submodule","Servers\Libs\NetTopologySuite.Curved\NetTopologySuite\src\NetTopologySuite\Geometries\Utilities\PointExtracter.cs"
"CORRUPT_TRACKED","submodule","Servers\Libs\NetTopologySuite.Curved\NetTopologySuite\src\NetTopologySuite\Geometries\Utilities\PolygonExtracter.cs"
"CORRUPT_TRACKED","submodule","Servers\Libs\NetTopologySuite.Curved\NetTopologySuite\src\NetTopologySuite\Geometries\Utilities\ShortCircuitedGeometryVisitor.cs"
"CORRUPT_TRACKED","submodule","Servers\Libs\NetTopologySuite.Curved\NetTopologySuite\src\NetTopologySuite\GeometriesGraph\EdgeList.cs"
"CORRUPT_TRACKED","submodule","Servers\Libs\NetTopologySuite.Curved\NetTopologySuite\src\NetTopologySuite\GeometriesGraph\Label.cs"
"CORRUPT_TRACKED","submodule","Servers\Libs\NetTopologySuite.Curved\NetTopologySuite\src\NetTopologySuite\Index\Bintree\Interval.cs"
"CORRUPT_TRACKED","submodule","Servers\Libs\NetTopologySuite.Curved\NetTopologySuite\src\NetTopologySuite\Index\Chain\MonotoneChainOverlapAction.cs"
"CORRUPT_TRACKED","submodule","Servers\Libs\NetTopologySuite.Curved\NetTopologySuite\src\NetTopologySuite\Index\Chain\MonotoneChainSelectAction.cs"
"CORRUPT_TRACKED","submodule","Servers\Libs\NetTopologySuite.Curved\NetTopologySuite\src\NetTopologySuite\Index\IntervalRTree\IntervalRTreeBranchNode.cs"
"CORRUPT_TRACKED","submodule","Servers\Libs\NetTopologySuite.Curved\NetTopologySuite\src\NetTopologySuite\Index\IntervalRTree\IntervalRTreeNode.cs"
"CORRUPT_TRACKED","submodule","Servers\Libs\NetTopologySuite.Curved\NetTopologySuite\src\NetTopologySuite\Index\KdTree\IKdNodeVisitor.cs"
"CORRUPT_TRACKED","submodule","Servers\Libs\NetTopologySuite.Curved\NetTopologySuite\src\NetTopologySuite\Index\KdTree\KdNode.cs"
"CORRUPT_TRACKED","submodule","Servers\Libs\NetTopologySuite.Curved\NetTopologySuite\src\NetTopologySuite\Index\KdTree\KdTreeExtensions.cs"
"CORRUPT_TRACKED","submodule","Servers\Libs\NetTopologySuite.Curved\NetTopologySuite\src\NetTopologySuite\Index\Quadtree\IntervalSize.cs"
"CORRUPT_TRACKED","submodule","Servers\Libs\NetTopologySuite.Curved\NetTopologySuite\src\NetTopologySuite\Index\Quadtree\Key.cs"
"CORRUPT_TRACKED","submodule","Servers\Libs\NetTopologySuite.Curved\NetTopologySuite\src\NetTopologySuite\Index\Quadtree\Root.cs"
"CORRUPT_TRACKED","submodule","Servers\Libs\NetTopologySuite.Curved\NetTopologySuite\src\NetTopologySuite\Index\Strtree\AbstractNode.cs"
"CORRUPT_TRACKED","submodule","Servers\Libs\NetTopologySuite.Curved\NetTopologySuite\src\NetTopologySuite\Index\Strtree\BoundablePairDistanceComparer.cs"
"CORRUPT_TRACKED","submodule","Servers\Libs\NetTopologySuite.Curved\NetTopologySuite\src\NetTopologySuite\Index\Strtree\GeometryItemDistance.cs"
"CORRUPT_TRACKED","submodule","Servers\Libs\NetTopologySuite.Curved\NetTopologySuite\src\NetTopologySuite\Index\Strtree\IItemDistance.cs"
"CORRUPT_TRACKED","submodule","Servers\Libs\NetTopologySuite.Curved\NetTopologySuite\src\NetTopologySuite\Index\Strtree\Interval.cs"
"CORRUPT_TRACKED","submodule","Servers\Libs\NetTopologySuite.Curved\NetTopologySuite\src\NetTopologySuite\Index\Strtree\ItemBoundable.cs"
"CORRUPT_TRACKED","submodule","Servers\Libs\NetTopologySuite.Curved\NetTopologySuite\src\NetTopologySuite\IO\GeometryType.cs"
"CORRUPT_TRACKED","submodule","Servers\Libs\NetTopologySuite.Curved\NetTopologySuite\src\NetTopologySuite\IO\GML2\GMLWriter.cs"
"CORRUPT_TRACKED","submodule","Servers\Libs\NetTopologySuite.Curved\NetTopologySuite\src\NetTopologySuite\Noding\OrientedCoordinateArray.cs"
"CORRUPT_TRACKED","submodule","Servers\Libs\NetTopologySuite.Curved\NetTopologySuite\src\NetTopologySuite\Noding\SegmentNodeList.cs"
"CORRUPT_TRACKED","submodule","Servers\Libs\NetTopologySuite.Curved\NetTopologySuite\src\NetTopologySuite\Noding\Snap\SnappingPointIndex.cs"
"CORRUPT_TRACKED","submodule","Servers\Libs\NetTopologySuite.Curved\NetTopologySuite\src\NetTopologySuite\Noding\Snapround\GeometryNoder.cs"
"CORRUPT_TRACKED","submodule","Servers\Libs\NetTopologySuite.Curved\NetTopologySuite\src\NetTopologySuite\Noding\Snapround\HotPixelIndex.cs"
"CORRUPT_TRACKED","submodule","Servers\Libs\NetTopologySuite.Curved\NetTopologySuite\src\NetTopologySuite\Noding\Snapround\SimpleSnapRounder.cs"
"CORRUPT_TRACKED","submodule","Servers\Libs\NetTopologySuite.Curved\NetTopologySuite\src\NetTopologySuite\Operation\Buffer\OldOffsetCurveBuilder.cs"
"CORRUPT_TRACKED","submodule","Servers\Libs\NetTopologySuite.Curved\NetTopologySuite\src\NetTopologySuite\Operation\Buffer\Validate\BufferResultValidator.cs"
"CORRUPT_TRACKED","submodule","Servers\Libs\NetTopologySuite.Curved\NetTopologySuite\src\NetTopologySuite\Operation\Buffer\Validate\DistanceToPointFinder.cs"
"CORRUPT_TRACKED","submodule","Servers\Libs\NetTopologySuite.Curved\NetTopologySuite\src\NetTopologySuite\Operation\Buffer\Validate\PointPairDistance.cs"
"CORRUPT_TRACKED","submodule","Servers\Libs\NetTopologySuite.Curved\NetTopologySuite\src\NetTopologySuite\Operation\Distance\DistanceOp.cs"
"CORRUPT_TRACKED","submodule","Servers\Libs\NetTopologySuite.Curved\NetTopologySuite\src\NetTopologySuite\Operation\Distance3D\Distance3DOp.cs"
"CORRUPT_TRACKED","submodule","Servers\Libs\NetTopologySuite.Curved\NetTopologySuite\src\NetTopologySuite\Operation\Linemerge\EdgeString.cs"
"CORRUPT_TRACKED","submodule","Servers\Libs\NetTopologySuite.Curved\NetTopologySuite\src\NetTopologySuite\Operation\Linemerge\LineMergeEdge.cs"
"CORRUPT_TRACKED","submodule","Servers\Libs\NetTopologySuite.Curved\NetTopologySuite\src\NetTopologySuite\Operation\Linemerge\LineMergeGraph.cs"
"CORRUPT_TRACKED","submodule","Servers\Libs\NetTopologySuite.Curved\NetTopologySuite\src\NetTopologySuite\Operation\Linemerge\LineSequencer.cs"
"CORRUPT_TRACKED","submodule","Servers\Libs\NetTopologySuite.Curved\NetTopologySuite\src\NetTopologySuite\Operation\Overlay\EdgeSetNoder.cs"
"CORRUPT_TRACKED","submodule","Servers\Libs\NetTopologySuite.Curved\NetTopologySuite\src\NetTopologySuite\Operation\Overlay\MaximalEdgeRing.cs"
"CORRUPT_TRACKED","submodule","Servers\Libs\NetTopologySuite.Curved\NetTopologySuite\src\NetTopologySuite\Operation\Overlay\MinimalEdgeRing.cs"
"CORRUPT_TRACKED","submodule","Servers\Libs\NetTopologySuite.Curved\NetTopologySuite\src\NetTopologySuite\Operation\Overlay\Snap\SnapOverlayOp.cs"
"CORRUPT_TRACKED","submodule","Servers\Libs\NetTopologySuite.Curved\NetTopologySuite\src\NetTopologySuite\Operation\Overlay\Validate\OverlayResultValidator.cs"
"CORRUPT_TRACKED","submodule","Servers\Libs\NetTopologySuite.Curved\NetTopologySuite\src\NetTopologySuite\Operation\Predicate\SegmentIntersectionTester.cs"
"CORRUPT_TRACKED","submodule","Servers\Libs\NetTopologySuite.Curved\NetTopologySuite\src\NetTopologySuite\Operation\Union\PointGeometryUnion.cs"
"CORRUPT_TRACKED","submodule","Servers\Libs\NetTopologySuite.Curved\NetTopologySuite\src\NetTopologySuite\Operation\Union\UnionInteracting.cs"
"CORRUPT_TRACKED","submodule","Servers\Libs\NetTopologySuite.Curved\NetTopologySuite\src\NetTopologySuite\Operation\Union\UnionStrategy.cs"
"CORRUPT_TRACKED","submodule","Servers\Libs\NetTopologySuite.Curved\NetTopologySuite\src\NetTopologySuite\Operation\Valid\IsValidOp.cs"
"CORRUPT_TRACKED","submodule","Servers\Libs\NetTopologySuite.Curved\NetTopologySuite\src\NetTopologySuite\Operation\Valid\RepeatedPointTester.cs"
"CORRUPT_TRACKED","submodule","Servers\Libs\NetTopologySuite.Curved\NetTopologySuite\src\NetTopologySuite\Shape\Fractal\HilbertCurveBuilder.cs"
"CORRUPT_TRACKED","submodule","Servers\Libs\NetTopologySuite.Curved\NetTopologySuite\src\NetTopologySuite\Shape\Fractal\KochSnowflakeBuilder.cs"
"CORRUPT_TRACKED","submodule","Servers\Libs\NetTopologySuite.Curved\NetTopologySuite\src\NetTopologySuite\Shape\Fractal\MortonCurveBuilder.cs"
"CORRUPT_TRACKED","submodule","Servers\Libs\NetTopologySuite.Curved\NetTopologySuite\src\NetTopologySuite\Shape\Random\RandomPointsBuilder.cs"
"CORRUPT_TRACKED","submodule","Servers\Libs\NetTopologySuite.Curved\NetTopologySuite\src\NetTopologySuite\Utilities\GeometricShapeFactory.cs"
"CORRUPT_TRACKED","submodule","Servers\Libs\NetTopologySuite.Curved\NetTopologySuite\test\NetTopologySuite.TestRunner\Functions\StaticMethodGeometryFunction.cs"
"CORRUPT_TRACKED","submodule","Servers\Libs\NetTopologySuite.Curved\NetTopologySuite\test\NetTopologySuite.TestRunner\Functions\TestCaseGeometryFunctions.cs"
"CORRUPT_TRACKED","submodule","Servers\Libs\NetTopologySuite.Curved\NetTopologySuite\test\NetTopologySuite.TestRunner\Operations\BufferValidatedGeometryOperation.cs"
"CORRUPT_TRACKED","submodule","Servers\Libs\NetTopologySuite.Curved\NetTopologySuite\test\NetTopologySuite.TestRunner\Operations\GeometryMethodOperation.cs"
"CORRUPT_TRACKED","submodule","Servers\Libs\NetTopologySuite.Curved\NetTopologySuite\test\NetTopologySuite.Tests.NUnit.Performance\Performance\EdgeRay\EdgeRayPerformanceTest.cs"
"CORRUPT_TRACKED","submodule","Servers\Libs\NetTopologySuite.Curved\NetTopologySuite\test\NetTopologySuite.Tests.NUnit.Performance\Performance\Geometries\Prepared\PreparedGeometryThreadSafeTest.cs"
"CORRUPT_TRACKED","submodule","Servers\Libs\NetTopologySuite.Curved\NetTopologySuite\test\NetTopologySuite.Tests.NUnit.Performance\Performance\Geometries\Prepared\PreparedLineIntersectsPerformanceTest.cs"
"CORRUPT_TRACKED","submodule","Servers\Libs\NetTopologySuite.Curved\NetTopologySuite\test\NetTopologySuite.Tests.NUnit.Performance\Performance\Geometries\Prepared\PreparedPolygonCoversPerTest.cs"
"CORRUPT_TRACKED","submodule","Servers\Libs\NetTopologySuite.Curved\NetTopologySuite\test\NetTopologySuite.Tests.NUnit.Performance\Performance\Geometries\Prepared\PreparedPolygonIntersectsPerformanceTest.cs"
"CORRUPT_TRACKED","submodule","Servers\Libs\NetTopologySuite.Curved\NetTopologySuite\test\NetTopologySuite.Tests.NUnit.Performance\Performance\Geometries\Prepared\TestDataBuilder.cs"
"CORRUPT_TRACKED","submodule","Servers\Libs\NetTopologySuite.Curved\NetTopologySuite\test\NetTopologySuite.Tests.NUnit.Performance\Performance\Index\EnvelopeList.cs"
"CORRUPT_TRACKED","submodule","Servers\Libs\NetTopologySuite.Curved\NetTopologySuite\test\NetTopologySuite.Tests.NUnit.Performance\Performance\Index\HPRtreePerfTest.cs"
"CORRUPT_TRACKED","submodule","Servers\Libs\NetTopologySuite.Curved\NetTopologySuite\test\NetTopologySuite.Tests.NUnit.Performance\Performance\Index\STRtreePerfTest.cs"
"CORRUPT_TRACKED","submodule","Servers\Libs\NetTopologySuite.Curved\NetTopologySuite\test\NetTopologySuite.Tests.NUnit.Performance\Performance\Mathematics\InCirclePerformance.cs"
"CORRUPT_TRACKED","submodule","Servers\Libs\NetTopologySuite.Curved\NetTopologySuite\test\NetTopologySuite.Tests.NUnit.Performance\Performance\Operation\Buffer\FileBufferResultValidatorTest.cs"
"CORRUPT_TRACKED","submodule","Servers\Libs\NetTopologySuite.Curved\NetTopologySuite\test\NetTopologySuite.Tests.NUnit.Performance\Performance\Operation\Buffer\IteratedBufferStressTest.cs"
"CORRUPT_TRACKED","submodule","Servers\Libs\NetTopologySuite.Curved\NetTopologySuite\test\NetTopologySuite.Tests.NUnit.Performance\Performance\Operation\Buffer\PolygonBufferStressTest.cs"
"CORRUPT_TRACKED","submodule","Servers\Libs\NetTopologySuite.Curved\NetTopologySuite\test\NetTopologySuite.Tests.NUnit.Performance\Performance\Operation\Distance\CachedFastDistance.cs"
"CORRUPT_TRACKED","submodule","Servers\Libs\NetTopologySuite.Curved\NetTopologySuite\test\NetTopologySuite.Tests.NUnit.Performance\Performance\Operation\Distance\DistanceGeomPairPerfTest.cs"
"CORRUPT_TRACKED","submodule","Servers\Libs\NetTopologySuite.Curved\NetTopologySuite\test\NetTopologySuite.Tests.NUnit.Performance\Performance\Operation\Distance\TestPerfDistanceLinePoints.cs"
"CORRUPT_TRACKED","submodule","Servers\Libs\NetTopologySuite.Curved\NetTopologySuite\test\NetTopologySuite.Tests.NUnit.Performance\Performance\Operation\Overlay\OverlayNodingStressTest.cs"
"CORRUPT_TRACKED","submodule","Servers\Libs\NetTopologySuite.Curved\NetTopologySuite\test\NetTopologySuite.Tests.NUnit.Performance\Performance\Operation\OverlayNG\OverlayNGSnapRoundingPerfTest.cs"
"CORRUPT_TRACKED","submodule","Servers\Libs\NetTopologySuite.Curved\NetTopologySuite\test\NetTopologySuite.Tests.NUnit.Performance\Performance\Operation\OverlayNG\RandomPolygonBuilder.cs"
"CORRUPT_TRACKED","submodule","Servers\Libs\NetTopologySuite.Curved\NetTopologySuite\test\NetTopologySuite.Tests.NUnit.Performance\Performance\Operation\Polygonize\PolygonizerPerfTest.cs"
"CORRUPT_TRACKED","submodule","Servers\Libs\NetTopologySuite.Curved\NetTopologySuite\test\NetTopologySuite.Tests.NUnit.Performance\Performance\Operation\Relate\RelateMonotoneLinesPerfTest.cs"
"CORRUPT_TRACKED","submodule","Servers\Libs\NetTopologySuite.Curved\NetTopologySuite\test\NetTopologySuite.Tests.NUnit.Performance\Performance\Operation\Valid\IsValidNestedRingTester.cs"
"CORRUPT_TRACKED","submodule","Servers\Libs\NetTopologySuite.Curved\NetTopologySuite\test\NetTopologySuite.Tests.NUnit.Performance\Performance\Precision\GeometryPrecisionReducerPerfTest.cs"
"CORRUPT_TRACKED","submodule","Servers\Libs\NetTopologySuite.Curved\NetTopologySuite\test\NetTopologySuite.Tests.NUnit\Algorithm\Construct\MaximumInscribedCircleTest.cs"
"CORRUPT_TRACKED","submodule","Servers\Libs\NetTopologySuite.Curved\NetTopologySuite\test\NetTopologySuite.Tests.NUnit\Algorithm\Distance\DiscreteHausdorffDistanceTest.cs"
"CORRUPT_TRACKED","submodule","Servers\Libs\NetTopologySuite.Curved\NetTopologySuite\test\NetTopologySuite.Tests.NUnit\Algorithm\Locate\IndexedPointInAreaLocatorTest.cs"
"CORRUPT_TRACKED","submodule","Servers\Libs\NetTopologySuite.Curved\NetTopologySuite\test\NetTopologySuite.Tests.NUnit\Algorithm\Locate\SimplePointInAreaLocatorTest.cs"
"CORRUPT_TRACKED","submodule","Servers\Libs\NetTopologySuite.Curved\NetTopologySuite\test\NetTopologySuite.Tests.NUnit\Algorithm\NonRobustRayCrossingCounter.cs"
"CORRUPT_TRACKED","submodule","Servers\Libs\NetTopologySuite.Curved\NetTopologySuite\test\NetTopologySuite.Tests.NUnit\Algorithm\OrientationIsCCWTest.cs"
"CORRUPT_TRACKED","submodule","Servers\Libs\NetTopologySuite.Curved\NetTopologySuite\test\NetTopologySuite.Tests.NUnit\Geometries\IntersectionMatrixTest.cs"
"CORRUPT_TRACKED","submodule","Servers\Libs\NetTopologySuite.Curved\NetTopologySuite\test\NetTopologySuite.Tests.NUnit\Geometries\LineSegmentTest.cs"
"CORRUPT_TRACKED","submodule","Servers\Libs\NetTopologySuite.Curved\NetTopologySuite\test\NetTopologySuite.Tests.NUnit\Geometries\LineStringImplTest.cs"
"CORRUPT_TRACKED","submodule","Servers\Libs\NetTopologySuite.Curved\NetTopologySuite\test\NetTopologySuite.Tests.NUnit\Geometries\Prepared\PreparedPolygonIntersectsStressTest.cs"
"CORRUPT_TRACKED","submodule","Servers\Libs\NetTopologySuite.Curved\NetTopologySuite\test\NetTopologySuite.Tests.NUnit\Geometries\Prepared\PreparedPolygonStressTest.cs"
"CORRUPT_TRACKED","submodule","Servers\Libs\NetTopologySuite.Curved\NetTopologySuite\test\NetTopologySuite.Tests.NUnit\Geometries\Utility\EnvelopeCombinerTests.cs"
"CORRUPT_TRACKED","submodule","Servers\Libs\NetTopologySuite.Curved\NetTopologySuite\test\NetTopologySuite.Tests.NUnit\Geometries\Utility\GeometryExtracterTest.cs"
"CORRUPT_TRACKED","submodule","Servers\Libs\NetTopologySuite.Curved\NetTopologySuite\test\NetTopologySuite.Tests.NUnit\Index\IntervalRtree\SortedPackedIntervalRtreeTest.cs"
"CORRUPT_TRACKED","submodule","Servers\Libs\NetTopologySuite.Curved\NetTopologySuite\test\NetTopologySuite.Tests.NUnit\Index\Quadtree\IsEmptyTest.cs"
"CORRUPT_TRACKED","submodule","Servers\Libs\NetTopologySuite.Curved\NetTopologySuite\test\NetTopologySuite.Tests.NUnit\Index\Quadtree\QuadtreeTest.cs"
"CORRUPT_TRACKED","submodule","Servers\Libs\NetTopologySuite.Curved\NetTopologySuite\test\NetTopologySuite.Tests.NUnit\Index\Strtree\EnvelopeDistanceTest.cs"
"CORRUPT_TRACKED","submodule","Servers\Libs\NetTopologySuite.Curved\NetTopologySuite\test\NetTopologySuite.Tests.NUnit\LinearReferencing\AbstractIndexedLineTest.cs"
"CORRUPT_TRACKED","submodule","Servers\Libs\NetTopologySuite.Curved\NetTopologySuite\test\NetTopologySuite.Tests.NUnit\LinearReferencing\LinearLocationTest.cs"
"CORRUPT_TRACKED","submodule","Servers\Libs\NetTopologySuite.Curved\NetTopologySuite\test\NetTopologySuite.Tests.NUnit\Mathematics\DDBasicTest.cs"
"CORRUPT_TRACKED","submodule","Servers\Libs\NetTopologySuite.Curved\NetTopologySuite\test\NetTopologySuite.Tests.NUnit\Mathematics\Vector3DTest.cs"
"CORRUPT_TRACKED","submodule","Servers\Libs\NetTopologySuite.Curved\NetTopologySuite\test\NetTopologySuite.Tests.NUnit\Noding\SegmentPointComparatorFullTest.cs"
"CORRUPT_TRACKED","submodule","Servers\Libs\NetTopologySuite.Curved\NetTopologySuite\test\NetTopologySuite.Tests.NUnit\Noding\Snapround\SegmentStringNodingTest.cs"
"CORRUPT_TRACKED","submodule","Servers\Libs\NetTopologySuite.Curved\NetTopologySuite\test\NetTopologySuite.Tests.NUnit\Noding\Snapround\SnapRoundingTest.cs"
"CORRUPT_TRACKED","submodule","Servers\Libs\NetTopologySuite.Curved\NetTopologySuite\test\NetTopologySuite.Tests.NUnit\Operation\BoundaryTest.cs"
"CORRUPT_TRACKED","submodule","Servers\Libs\NetTopologySuite.Curved\NetTopologySuite\test\NetTopologySuite.Tests.NUnit\Operation\Buffer\BufferValidator.cs"
"CORRUPT_TRACKED","submodule","Servers\Libs\NetTopologySuite.Curved\NetTopologySuite\test\NetTopologySuite.Tests.NUnit\Operation\Buffer\DepthSegmentTest.cs"
"CORRUPT_TRACKED","submodule","Servers\Libs\NetTopologySuite.Curved\NetTopologySuite\test\NetTopologySuite.Tests.NUnit\Operation\Buffer\Test.cs"
"CORRUPT_TRACKED","submodule","Servers\Libs\NetTopologySuite.Curved\NetTopologySuite\test\NetTopologySuite.Tests.NUnit\Operation\Distance\DistanceTest.cs"
"CORRUPT_TRACKED","submodule","Servers\Libs\NetTopologySuite.Curved\NetTopologySuite\test\NetTopologySuite.Tests.NUnit\Operation\Distance\IndexedFacetDistanceTest.cs"
"CORRUPT_TRACKED","submodule","Servers\Libs\NetTopologySuite.Curved\NetTopologySuite\test\NetTopologySuite.Tests.NUnit\Operation\Distance3D\WithinDistance3DTest.cs"
"CORRUPT_TRACKED","submodule","Servers\Libs\NetTopologySuite.Curved\NetTopologySuite\test\NetTopologySuite.Tests.NUnit\Operation\Overlay\FixedPrecisionSnappingTest.cs"
"CORRUPT_TRACKED","submodule","Servers\Libs\NetTopologySuite.Curved\NetTopologySuite\test\NetTopologySuite.Tests.NUnit\Operation\OverlayNG\CoverageUnionTest.cs"
"CORRUPT_TRACKED","submodule","Servers\Libs\NetTopologySuite.Curved\NetTopologySuite\test\NetTopologySuite.Tests.NUnit\Operation\OverlayNG\OverlayNGFloatingNoderTest.cs"
"CORRUPT_TRACKED","submodule","Servers\Libs\NetTopologySuite.Curved\NetTopologySuite\test\NetTopologySuite.Tests.NUnit\Operation\OverlayNG\OverlayNGInvalidTest.cs"
"CORRUPT_TRACKED","submodule","Servers\Libs\NetTopologySuite.Curved\NetTopologySuite\test\NetTopologySuite.Tests.NUnit\Operation\OverlayNG\OverlayNGMixedPointsTest.cs"
"CORRUPT_TRACKED","submodule","Servers\Libs\NetTopologySuite.Curved\NetTopologySuite\test\NetTopologySuite.Tests.NUnit\Operation\OverlayNG\OverlayNGRobustTest.cs"
"CORRUPT_TRACKED","submodule","Servers\Libs\NetTopologySuite.Curved\NetTopologySuite\test\NetTopologySuite.Tests.NUnit\Operation\OverlayNG\OverlayNGTest.cs"
"CORRUPT_TRACKED","submodule","Servers\Libs\NetTopologySuite.Curved\NetTopologySuite\test\NetTopologySuite.Tests.NUnit\Operation\Union\CascadedPolygonUnionFileTest.cs"
"CORRUPT_TRACKED","submodule","Servers\Libs\NetTopologySuite.Curved\NetTopologySuite\test\NetTopologySuite.Tests.NUnit\Operation\Union\CascadedPolygonUnionTest.cs"
"CORRUPT_TRACKED","submodule","Servers\Libs\NetTopologySuite.Curved\NetTopologySuite\test\NetTopologySuite.Tests.NUnit\Operation\Union\CascadedPolygonUnionTester.cs"
"CORRUPT_TRACKED","submodule","Servers\Libs\NetTopologySuite.Curved\NetTopologySuite\test\NetTopologySuite.Tests.NUnit\Operation\Union\DisjointSetsTest.cs"
"CORRUPT_TRACKED","submodule","Servers\Libs\NetTopologySuite.Curved\NetTopologySuite\test\NetTopologySuite.Tests.NUnit\Operation\Union\SparsePolygonUnionTest.cs"
"CORRUPT_TRACKED","submodule","Servers\Libs\NetTopologySuite.Curved\NetTopologySuite\test\NetTopologySuite.Tests.NUnit\Operation\Valid\IsValidTest.cs"
"CORRUPT_TRACKED","submodule","Servers\Libs\NetTopologySuite.Curved\NetTopologySuite\test\NetTopologySuite.Tests.NUnit\Operation\Valid\QuadtreeNestedRingTester.cs"
"CORRUPT_TRACKED","submodule","Servers\Libs\NetTopologySuite.Curved\NetTopologySuite\test\NetTopologySuite.Tests.NUnit\Operation\Valid\SimpleNestedRingTester.cs"
"CORRUPT_TRACKED","submodule","Servers\Libs\NetTopologySuite.Curved\NetTopologySuite\test\NetTopologySuite.Tests.NUnit\Shape\Fractal\HilbertCodeTest.cs"
"CORRUPT_TRACKED","submodule","Servers\Libs\NetTopologySuite.Curved\NetTopologySuite\test\NetTopologySuite.Tests.NUnit\Shape\Fractal\MortonCodeTest.cs"
"CORRUPT_TRACKED","submodule","Servers\Libs\NetTopologySuite.Curved\NetTopologySuite\test\NetTopologySuite.Tests.NUnit\TestData\multipoints.xml"
"CORRUPT_TRACKED","submodule","Servers\Libs\NetTopologySuite.Curved\NetTopologySuite\test\NetTopologySuite.Tests.NUnit\Triangulate\VoronoiTest.cs"
"CORRUPT_TRACKED","submodule","Servers\Libs\NetTopologySuite.Curved\src\NetTopologySuite.Curved\Geometries\CurvedPolygon.cs"
"CORRUPT_TRACKED","submodule","Servers\Libs\NetTopologySuite\data\NetTopologySuite.Samples.Shapefiles\invalid_line_string.dbf"
"CORRUPT_TRACKED","submodule","Servers\Libs\NetTopologySuite\data\NetTopologySuite.TestRunner.Tests\general\TestOverlayPA.xml"
"CORRUPT_TRACKED","submodule","Servers\Libs\NetTopologySuite\data\NetTopologySuite.TestRunner.Tests\misc\TestBufferExternal.xml"
"CORRUPT_TRACKED","submodule","Servers\Libs\NetTopologySuite\data\NetTopologySuite.TestRunner.Tests\robust\overlay\TestOverlay-geos-979.xml"
"CORRUPT_TRACKED","submodule","Servers\Libs\NetTopologySuite\data\NetTopologySuite.TestRunner.Tests\vivid\TestOverlayAAPrec.xml"
"CORRUPT_TRACKED","submodule","Servers\Libs\NetTopologySuite\data\NetTopologySuite.TestRunner.Tests\vivid\TestRelateLL.xml"
"CORRUPT_TRACKED","submodule","Servers\Libs\NetTopologySuite\data\NetTopologySuite.TestRunner.Tests\vivid\TestSimple.xml"
"CORRUPT_TRACKED","submodule","Servers\Libs\NetTopologySuite\doc\articles\.gitkeep"
"CORRUPT_TRACKED","submodule","Servers\Libs\NetTopologySuite\doc\overwrite\namespaces\NetTopologySuite.Geometries.md"
"CORRUPT_TRACKED","submodule","Servers\Libs\NetTopologySuite\src\NetTopologySuite.Lab\EdgeRay\EdgeRay.cs"
"CORRUPT_TRACKED","submodule","Servers\Libs\NetTopologySuite\src\NetTopologySuite\Algorithm\Area.cs"
"CORRUPT_TRACKED","submodule","Servers\Libs\NetTopologySuite\src\NetTopologySuite\Algorithm\CGAlgorithms3D.cs"
"CORRUPT_TRACKED","submodule","Servers\Libs\NetTopologySuite\src\NetTopologySuite\Algorithm\Distance\PointPairDistance.cs"
"CORRUPT_TRACKED","submodule","Servers\Libs\NetTopologySuite\src\NetTopologySuite\Algorithm\Hull\ConcaveHull.cs"
"CORRUPT_TRACKED","submodule","Servers\Libs\NetTopologySuite\src\NetTopologySuite\Geometries\Coordinate.cs"
"CORRUPT_TRACKED","submodule","Servers\Libs\NetTopologySuite\src\NetTopologySuite\Geometries\IExpandable.cs"
"CORRUPT_TRACKED","submodule","Servers\Libs\NetTopologySuite\src\NetTopologySuite\Geometries\Implementation\RawCoordinateSequence.cs"
"CORRUPT_TRACKED","submodule","Servers\Libs\NetTopologySuite\src\NetTopologySuite\Geometries\LineString.cs"
"CORRUPT_TRACKED","submodule","Servers\Libs\NetTopologySuite\src\NetTopologySuite\Geometries\Prepared\PreparedPoint.cs"
"CORRUPT_TRACKED","submodule","Servers\Libs\NetTopologySuite\src\NetTopologySuite\Noding\MCIndexSegmentSetMutualIntersector.cs"
"CORRUPT_TRACKED","submodule","Servers\Libs\NetTopologySuite\src\NetTopologySuite\Operation\Buffer\Validate\BufferCurveMaximumDistanceFinder.cs"
"CORRUPT_TRACKED","submodule","Servers\Libs\NetTopologySuite\src\NetTopologySuite\Operation\Distance\FacetSequence.cs"
"CORRUPT_TRACKED","submodule","Servers\Libs\NetTopologySuite\src\NetTopologySuite\Operation\Distance3D\AxisPlaneCoordinateSequence.cs"
"CORRUPT_TRACKED","submodule","Servers\Libs\NetTopologySuite\src\NetTopologySuite\Operation\Overlay\PointBuilder.cs"
"CORRUPT_TRACKED","submodule","Servers\Libs\NetTopologySuite\src\NetTopologySuite\Operation\Overlay\Snap\GeometrySnapper.cs"
"CORRUPT_TRACKED","submodule","Servers\Libs\NetTopologySuite\src\NetTopologySuite\Operation\Overlay\Snap\SnapOverlayOp.cs"
"CORRUPT_TRACKED","submodule","Servers\Libs\NetTopologySuite\src\NetTopologySuite\Operation\OverlayNG\EdgeMerger.cs"
"CORRUPT_TRACKED","submodule","Servers\Libs\NetTopologySuite\src\NetTopologySuite\Operation\OverlayNG\MaximalEdgeRing.cs"
"CORRUPT_TRACKED","submodule","Servers\Libs\NetTopologySuite\src\NetTopologySuite\Operation\Valid\ConsistentAreaTester.cs"
"CORRUPT_TRACKED","submodule","Servers\Libs\NetTopologySuite\src\NetTopologySuite\Operation\Valid\IndexedNestedRingTester.cs"
"CORRUPT_TRACKED","submodule","Servers\Libs\NetTopologySuite\src\NetTopologySuite\Operation\Valid\PolygonIntersectionAnalyzer.cs"
"CORRUPT_TRACKED","submodule","Servers\Libs\NetTopologySuite\src\NetTopologySuite\Precision\GeometryPrecisionReducer.cs"
"CORRUPT_TRACKED","submodule","Servers\Libs\NetTopologySuite\src\NetTopologySuite\Simplify\TaggedLineStringSimplifier.cs"
"CORRUPT_TRACKED","submodule","Servers\Libs\NetTopologySuite\src\NetTopologySuite\Triangulate\Polygon\PolygonEarClipper.cs"
"CORRUPT_TRACKED","submodule","Servers\Libs\NetTopologySuite\src\NetTopologySuite\Triangulate\Polygon\PolygonHoleJoiner.cs"
"CORRUPT_TRACKED","submodule","Servers\Libs\NetTopologySuite\src\NetTopologySuite\Triangulate\QuadEdge\LastFoundQuadEdgeLocator.cs"
"CORRUPT_TRACKED","submodule","Servers\Libs\NetTopologySuite\test\NetTopologySuite.Samples.Console\Operation\Polygonize\SplitPolygonExample.cs"
"CORRUPT_TRACKED","submodule","Servers\Libs\NetTopologySuite\test\NetTopologySuite.Samples.Console\Technique\ExtractLinestringByMeasure.cs"
"CORRUPT_TRACKED","submodule","Servers\Libs\NetTopologySuite\test\NetTopologySuite.Samples.Console\Tests\Performances\NodingValidatorFixture.cs"
"CORRUPT_TRACKED","submodule","Servers\Libs\NetTopologySuite\test\NetTopologySuite.Tests.NUnit.Performance\Performance\Algorithm\DDOrientationIndexAccuracyTest.cs"
"CORRUPT_TRACKED","submodule","Servers\Libs\NetTopologySuite\test\NetTopologySuite.Tests.NUnit.Performance\Performance\Geometries\Prepared\PreparedPolygonIntersectsPerformanceTest.cs"
"CORRUPT_TRACKED","submodule","Servers\Libs\NetTopologySuite\test\NetTopologySuite.Tests.NUnit.Performance\Performance\Operation\Buffer\DepthSegmentStressTest.cs"
"CORRUPT_TRACKED","submodule","Servers\Libs\NetTopologySuite\test\NetTopologySuite.Tests.NUnit.Performance\Performance\Operation\OverlayNG\OverlayNGPerfTest.cs"
"CORRUPT_TRACKED","submodule","Servers\Libs\NetTopologySuite\test\NetTopologySuite.Tests.NUnit\Algorithm\ShewchuksDeterminant.cs"
"CORRUPT_TRACKED","submodule","Servers\Libs\NetTopologySuite\test\NetTopologySuite.Tests.NUnit\Geometries\Implementation\CoordinateArraySequenceTest.cs"
"CORRUPT_TRACKED","submodule","Servers\Libs\NetTopologySuite\test\NetTopologySuite.Tests.NUnit\Geometries\Implementation\CoordinateSequenceReversedTest.cs"
"CORRUPT_TRACKED","submodule","Servers\Libs\NetTopologySuite\test\NetTopologySuite.Tests.NUnit\Geometries\LineStringImplTest.cs"
"CORRUPT_TRACKED","submodule","Servers\Libs\NetTopologySuite\test\NetTopologySuite.Tests.NUnit\Index\Bintree\BinTreeCorrectTest.cs"
"CORRUPT_TRACKED","submodule","Servers\Libs\NetTopologySuite\test\NetTopologySuite.Tests.NUnit\Index\Bintree\IntervalTest.cs"
"CORRUPT_TRACKED","submodule","Servers\Libs\NetTopologySuite\test\NetTopologySuite.Tests.NUnit\Index\HPRtree\HPRtreeTest.cs"
"CORRUPT_TRACKED","submodule","Servers\Libs\NetTopologySuite\test\NetTopologySuite.Tests.NUnit\Index\Strtree\EnvelopeDistanceTest.cs"
"CORRUPT_TRACKED","submodule","Servers\Libs\NetTopologySuite\test\NetTopologySuite.Tests.NUnit\IO\WKBWriterTest.cs"
"CORRUPT_TRACKED","submodule","Servers\Libs\NetTopologySuite\test\NetTopologySuite.Tests.NUnit\IO\WKTReaderTest.cs"
"CORRUPT_TRACKED","submodule","Servers\Libs\NetTopologySuite\test\NetTopologySuite.Tests.NUnit\IO\WKTReadWriteTest.cs"
"CORRUPT_TRACKED","submodule","Servers\Libs\NetTopologySuite\test\NetTopologySuite.Tests.NUnit\LinearReferencing\AbstractIndexedLineTest.cs"
"CORRUPT_TRACKED","submodule","Servers\Libs\NetTopologySuite\test\NetTopologySuite.Tests.NUnit\Operation\Buffer\DepthSegmentTest.cs"
"CORRUPT_TRACKED","submodule","Servers\Libs\NetTopologySuite\test\NetTopologySuite.Tests.NUnit\Operation\Buffer\OffsetCurveTest.cs"
"CORRUPT_TRACKED","submodule","Servers\Libs\NetTopologySuite\test\NetTopologySuite.Tests.NUnit\Operation\Buffer\VariableBufferTest.cs"
"CORRUPT_TRACKED","submodule","Servers\Libs\NetTopologySuite\test\NetTopologySuite.Tests.NUnit\Operation\Distance3D\Distance3DOpTest.cs"
"CORRUPT_TRACKED","submodule","Servers\Libs\NetTopologySuite\test\NetTopologySuite.Tests.NUnit\Operation\Overlay\OverlayMiscTest.cs"
"CORRUPT_TRACKED","submodule","Servers\Libs\NetTopologySuite\test\NetTopologySuite.Tests.NUnit\Operation\OverlayNG\ElevationModelTest.cs"
"CORRUPT_TRACKED","submodule","Servers\Libs\NetTopologySuite\test\NetTopologySuite.Tests.NUnit\Operation\OverlayNG\OverlayNGInvalidTest.cs"
"CORRUPT_TRACKED","submodule","Servers\Libs\NetTopologySuite\test\NetTopologySuite.Tests.NUnit\Operation\Polygonize\PolygonizerTest.cs"
"CORRUPT_TRACKED","submodule","Servers\Libs\NetTopologySuite\test\NetTopologySuite.Tests.NUnit\Operation\Predicate\RectangleIntersectsTest.cs"
"CORRUPT_TRACKED","submodule","Servers\Libs\NetTopologySuite\test\NetTopologySuite.Tests.NUnit\Operation\Relate\RelateBoundaryNodeRuleTest.cs"
"CORRUPT_TRACKED","submodule","Servers\Libs\NetTopologySuite\test\NetTopologySuite.Tests.NUnit\Triangulate\ConformingDelaunayTest.cs"
"MOD_RECOVERED_ONLY","build-output","Clients\MonogameTestbed\Content\MonogameXNAGraphicsShared\MonogameContent\AnnotationOverlayShader.mgcontent"
"MOD_RECOVERED_ONLY","build-output","Clients\MonogameTestbed\Content\MonogameXNAGraphicsShared\MonogameContent\Arial.mgcontent"
"MOD_RECOVERED_ONLY","build-output","Clients\MonogameTestbed\Content\MonogameXNAGraphicsShared\MonogameContent\ChannelOverlayShader.mgcontent"
"MOD_RECOVERED_ONLY","build-output","Clients\MonogameTestbed\Content\MonogameXNAGraphicsShared\MonogameContent\Channels.mgcontent"
"MOD_RECOVERED_ONLY","build-output","Clients\MonogameTestbed\Content\MonogameXNAGraphicsShared\MonogameContent\Circle.mgcontent"
"MOD_RECOVERED_ONLY","build-output","Clients\MonogameTestbed\Content\MonogameXNAGraphicsShared\MonogameContent\CircleMask.mgcontent"
"MOD_RECOVERED_ONLY","build-output","Clients\MonogameTestbed\Content\MonogameXNAGraphicsShared\MonogameContent\DownArrowV2.mgcontent"
"MOD_RECOVERED_ONLY","build-output","Clients\MonogameTestbed\Content\MonogameXNAGraphicsShared\MonogameContent\MergeHSVImages.mgcontent"
"MOD_RECOVERED_ONLY","build-output","Clients\MonogameTestbed\Content\MonogameXNAGraphicsShared\MonogameContent\PolygonOverlayShader.mgcontent"
"MOD_RECOVERED_ONLY","build-output","Clients\MonogameTestbed\Content\MonogameXNAGraphicsShared\MonogameContent\RGBToHSV.mgcontent"
"MOD_RECOVERED_ONLY","build-output","Clients\MonogameTestbed\Content\MonogameXNAGraphicsShared\MonogameContent\RoundCurve.mgcontent"
"MOD_RECOVERED_ONLY","build-output","Clients\MonogameTestbed\Content\MonogameXNAGraphicsShared\MonogameContent\RoundCurveHSV.mgcontent"
"MOD_RECOVERED_ONLY","build-output","Clients\MonogameTestbed\Content\MonogameXNAGraphicsShared\MonogameContent\RoundLine.mgcontent"
"MOD_RECOVERED_ONLY","build-output","Clients\MonogameTestbed\Content\MonogameXNAGraphicsShared\MonogameContent\RoundLineHSV.mgcontent"
"MOD_RECOVERED_ONLY","build-output","Clients\MonogameTestbed\Content\MonogameXNAGraphicsShared\MonogameContent\TileLayout.mgcontent"
"MOD_RECOVERED_ONLY","build-output","Clients\MonogameTestbed\Content\MonogameXNAGraphicsShared\MonogameContent\UpArrowMask.mgcontent"
"MOD_RECOVERED_ONLY","build-output","Clients\MonogameTestbed\Content\MonogameXNAGraphicsShared\MonogameContent\UpArrowV2.mgcontent"
"NEW_CLEAN","build-output","Clients\MonogameTestbed\Content\MonogameXNAGraphicsShared\MonogameContent\Circle2Minus.mgcontent"
"NEW_CLEAN","build-output","Clients\MonogameTestbed\Content\MonogameXNAGraphicsShared\MonogameContent\Circle2Plus.mgcontent"
"NEW_CLEAN","build-output","Clients\MonogameXNAGraphicsShared\VikingXNAGraphics.csproj.Debug.cachefile"
"NEW_CLEAN","build-output","Clients\MonogameXNAGraphicsShared\VikingXNAGraphics.csproj.Release.cachefile"
"NEW_CLEAN","build-output","Clients\Viking\LocalBookmarks\LocalBookmarks.csproj.Debug.cachefile"
"NEW_CLEAN","build-output","Clients\Viking\LocalBookmarks\LocalBookmarks.csproj.Release.cachefile"
"NEW_CLEAN","build-output","Clients\Viking\Viking\Modules\LocalBookmarks\LocalBookmarks.dll.config"
"NEW_CLEAN","build-output","Clients\Viking\Viking\Modules\Measurement\Measurement.dll.CodeAnalysisLog.xml"
"NEW_CLEAN","build-output","Clients\Viking\Viking\Modules\Measurement\Measurement.dll.config"
"NEW_CLEAN","build-output","Clients\Viking\Viking\Modules\WebAnnotation\Annotation.ViewModels.dll.config"
"NEW_CLEAN","build-output","Clients\Viking\Viking\Modules\WebAnnotation\AnnotationServiceTypes.dll.config"
"NEW_CLEAN","build-output","Clients\Viking\Viking\Modules\WebAnnotation\EntityFramework.SqlServer.xml"
"NEW_CLEAN","build-output","Clients\Viking\Viking\Modules\WebAnnotation\EntityFramework.xml"
"NEW_CLEAN","build-output","Clients\Viking\Viking\Modules\WebAnnotation\IdentityModel.xml"
"NEW_CLEAN","build-output","Clients\Viking\Viking\Modules\WebAnnotation\MathNet.Numerics.xml"
"NEW_CLEAN","build-output","Clients\Viking\Viking\Modules\WebAnnotation\protobuf-net.xml"
"NEW_CLEAN","build-output","Clients\Viking\Viking\Modules\WebAnnotation\SqlGeometryAnnotationExtensions.cs.dll.config"
"NEW_CLEAN","build-output","Clients\Viking\Viking\Modules\WebAnnotation\SqlGeometryUtils.dll.config"
"NEW_CLEAN","build-output","Clients\Viking\Viking\Modules\WebAnnotation\System.Buffers.xml"
"NEW_CLEAN","build-output","Clients\Viking\Viking\Modules\WebAnnotation\System.Collections.Immutable.xml"
"NEW_CLEAN","build-output","Clients\Viking\Viking\Modules\WebAnnotation\System.Memory.xml"
"NEW_CLEAN","build-output","Clients\Viking\Viking\Modules\WebAnnotation\System.Numerics.Vectors.xml"
"NEW_CLEAN","build-output","Clients\Viking\Viking\Modules\WebAnnotation\System.Runtime.CompilerServices.Unsafe.xml"
"NEW_CLEAN","build-output","Clients\Viking\Viking\Modules\WebAnnotation\System.ValueTuple.xml"
"NEW_CLEAN","build-output","Clients\Viking\Viking\Modules\WebAnnotation\WebAnnotation.dll.config"
"NEW_CLEAN","build-output","Clients\Viking\Viking\Modules\WebAnnotation\WebAnnotationModel.dll.CodeAnalysisLog.xml"
"NEW_CLEAN","build-output","Clients\Viking\Viking\Modules\WebAnnotation\WebAnnotationModel.dll.config"
"NEW_CLEAN","build-output","Clients\Viking\Viking\Modules\WebAnnotation\WebAnnotationWPFControls.dll.config"
"NEW_CLEAN","build-output","Clients\XNATestbed\XNATestbed\XNATestbed.csproj.Debug.cachefile"
"NEW_CLEAN","build-output","Clients\XNATestbed\XNATestbed\XNATestbed.csproj.Release.cachefile"
"NEW_CLEAN","build-output","Servers\Deployment\Debug\AnnotationService\Annotation.AnnotateService.svc"
"NEW_CLEAN","build-output","Servers\Deployment\Debug\AnnotationService\web.config"
"NEW_CLEAN","build-output","Servers\Deployment\Release\AnnotationService\Annotation.AnnotateService.svc"
"NEW_CLEAN","build-output","Servers\Deployment\Release\AnnotationService\SqlServerTypes\readme.htm"
"NEW_CLEAN","build-output","Servers\Deployment\Release\AnnotationService\web.config"
"NEW_CLEAN","build-output","Servers\Deployment\Release\Export\AnnotationServiceTypes.dll.config"
"NEW_CLEAN","build-output","Servers\Deployment\Release\Export\AnnotationVizLib.dll.config"
"NEW_CLEAN","build-output","Servers\Deployment\Release\Export\AnnotationVizLibODataClient.dll.config"
"NEW_CLEAN","build-output","Servers\Deployment\Release\Export\appsettings.Development.json"
"NEW_CLEAN","build-output","Servers\Deployment\Release\Export\appsettings.Docker.json"
"NEW_CLEAN","build-output","Servers\Deployment\Release\Export\appsettings.json"
"NEW_CLEAN","build-output","Servers\Deployment\Release\Export\Content\Index.html"
"NEW_CLEAN","build-output","Servers\Deployment\Release\Export\Content\Site.css"
"NEW_CLEAN","build-output","Servers\Deployment\Release\Export\Content\themes\base\accordion.css"
"NEW_CLEAN","build-output","Servers\Deployment\Release\Export\Content\themes\base\all.css"
"NEW_CLEAN","build-output","Servers\Deployment\Release\Export\Content\themes\base\autocomplete.css"
"NEW_CLEAN","build-output","Servers\Deployment\Release\Export\Content\themes\base\base.css"
"NEW_CLEAN","build-output","Servers\Deployment\Release\Export\Content\themes\base\button.css"
"NEW_CLEAN","build-output","Servers\Deployment\Release\Export\Content\themes\base\core.css"
"NEW_CLEAN","build-output","Servers\Deployment\Release\Export\Content\themes\base\datepicker.css"
"NEW_CLEAN","build-output","Servers\Deployment\Release\Export\Content\themes\base\dialog.css"
"NEW_CLEAN","build-output","Servers\Deployment\Release\Export\Content\themes\base\draggable.css"
"NEW_CLEAN","build-output","Servers\Deployment\Release\Export\Content\themes\base\images\ui-bg_flat_0_aaaaaa_40x100.png"
"NEW_CLEAN","build-output","Servers\Deployment\Release\Export\Content\themes\base\images\ui-bg_flat_75_ffffff_40x100.png"
"NEW_CLEAN","build-output","Servers\Deployment\Release\Export\Content\themes\base\images\ui-bg_glass_55_fbf9ee_1x400.png"
"NEW_CLEAN","build-output","Servers\Deployment\Release\Export\Content\themes\base\images\ui-bg_glass_65_ffffff_1x400.png"
"NEW_CLEAN","build-output","Servers\Deployment\Release\Export\Content\themes\base\images\ui-bg_glass_75_dadada_1x400.png"
"NEW_CLEAN","build-output","Servers\Deployment\Release\Export\Content\themes\base\images\ui-bg_glass_75_e6e6e6_1x400.png"
"NEW_CLEAN","build-output","Servers\Deployment\Release\Export\Content\themes\base\images\ui-bg_glass_95_fef1ec_1x400.png"
"NEW_CLEAN","build-output","Servers\Deployment\Release\Export\Content\themes\base\images\ui-bg_highlight-soft_75_cccccc_1x100.png"
"NEW_CLEAN","build-output","Servers\Deployment\Release\Export\Content\themes\base\images\ui-icons_222222_256x240.png"
"NEW_CLEAN","build-output","Servers\Deployment\Release\Export\Content\themes\base\images\ui-icons_2e83ff_256x240.png"
"NEW_CLEAN","build-output","Servers\Deployment\Release\Export\Content\themes\base\images\ui-icons_454545_256x240.png"
"NEW_CLEAN","build-output","Servers\Deployment\Release\Export\Content\themes\base\images\ui-icons_888888_256x240.png"
"NEW_CLEAN","build-output","Servers\Deployment\Release\Export\Content\themes\base\images\ui-icons_cd0a0a_256x240.png"
"NEW_CLEAN","build-output","Servers\Deployment\Release\Export\Content\themes\base\jquery.ui.accordion.css"
"NEW_CLEAN","build-output","Servers\Deployment\Release\Export\Content\themes\base\jquery.ui.all.css"
"NEW_CLEAN","build-output","Servers\Deployment\Release\Export\Content\themes\base\jquery.ui.autocomplete.css"
"NEW_CLEAN","build-output","Servers\Deployment\Release\Export\Content\themes\base\jquery.ui.base.css"
"NEW_CLEAN","build-output","Servers\Deployment\Release\Export\Content\themes\base\jquery.ui.button.css"
"NEW_CLEAN","build-output","Servers\Deployment\Release\Export\Content\themes\base\jquery.ui.core.css"
"NEW_CLEAN","build-output","Servers\Deployment\Release\Export\Content\themes\base\jquery.ui.datepicker.css"
"NEW_CLEAN","build-output","Servers\Deployment\Release\Export\Content\themes\base\jquery.ui.dialog.css"
"NEW_CLEAN","build-output","Servers\Deployment\Release\Export\Content\themes\base\jquery.ui.progressbar.css"
"NEW_CLEAN","build-output","Servers\Deployment\Release\Export\Content\themes\base\jquery.ui.resizable.css"
"NEW_CLEAN","build-output","Servers\Deployment\Release\Export\Content\themes\base\jquery.ui.selectable.css"
"NEW_CLEAN","build-output","Servers\Deployment\Release\Export\Content\themes\base\jquery.ui.slider.css"
"NEW_CLEAN","build-output","Servers\Deployment\Release\Export\Content\themes\base\jquery.ui.tabs.css"
"NEW_CLEAN","build-output","Servers\Deployment\Release\Export\Content\themes\base\jquery-ui.css"
"NEW_CLEAN","build-output","Servers\Deployment\Release\Export\Content\themes\base\menu.css"
"NEW_CLEAN","build-output","Servers\Deployment\Release\Export\Content\themes\base\minified\images\ui-bg_flat_0_aaaaaa_40x100.png"
"NEW_CLEAN","build-output","Servers\Deployment\Release\Export\Content\themes\base\minified\images\ui-bg_flat_75_ffffff_40x100.png"
"NEW_CLEAN","build-output","Servers\Deployment\Release\Export\Content\themes\base\minified\images\ui-bg_glass_55_fbf9ee_1x400.png"
"NEW_CLEAN","build-output","Servers\Deployment\Release\Export\Content\themes\base\minified\images\ui-bg_glass_65_ffffff_1x400.png"
"NEW_CLEAN","build-output","Servers\Deployment\Release\Export\Content\themes\base\minified\images\ui-bg_glass_75_dadada_1x400.png"
"NEW_CLEAN","build-output","Servers\Deployment\Release\Export\Content\themes\base\minified\images\ui-bg_glass_75_e6e6e6_1x400.png"
"NEW_CLEAN","build-output","Servers\Deployment\Release\Export\Content\themes\base\minified\images\ui-bg_glass_95_fef1ec_1x400.png"
"NEW_CLEAN","build-output","Servers\Deployment\Release\Export\Content\themes\base\minified\images\ui-bg_highlight-soft_75_cccccc_1x100.png"
"NEW_CLEAN","build-output","Servers\Deployment\Release\Export\Content\themes\base\minified\images\ui-icons_222222_256x240.png"
"NEW_CLEAN","build-output","Servers\Deployment\Release\Export\Content\themes\base\minified\images\ui-icons_2e83ff_256x240.png"
"NEW_CLEAN","build-output","Servers\Deployment\Release\Export\Content\themes\base\minified\images\ui-icons_454545_256x240.png"
"NEW_CLEAN","build-output","Servers\Deployment\Release\Export\Content\themes\base\minified\images\ui-icons_888888_256x240.png"
"NEW_CLEAN","build-output","Servers\Deployment\Release\Export\Content\themes\base\minified\images\ui-icons_cd0a0a_256x240.png"
"NEW_CLEAN","build-output","Servers\Deployment\Release\Export\Content\themes\base\minified\jquery.ui.accordion.min.css"
"NEW_CLEAN","build-output","Servers\Deployment\Release\Export\Content\themes\base\minified\jquery.ui.autocomplete.min.css"
"NEW_CLEAN","build-output","Servers\Deployment\Release\Export\Content\themes\base\minified\jquery.ui.button.min.css"
"NEW_CLEAN","build-output","Servers\Deployment\Release\Export\Content\themes\base\minified\jquery.ui.core.min.css"
"NEW_CLEAN","build-output","Servers\Deployment\Release\Export\Content\themes\base\minified\jquery.ui.datepicker.min.css"
"NEW_CLEAN","build-output","Servers\Deployment\Release\Export\Content\themes\base\minified\jquery.ui.dialog.min.css"
"NEW_CLEAN","build-output","Servers\Deployment\Release\Export\Content\themes\base\minified\jquery.ui.progressbar.min.css"
"NEW_CLEAN","build-output","Servers\Deployment\Release\Export\Content\themes\base\minified\jquery.ui.resizable.min.css"
"NEW_CLEAN","build-output","Servers\Deployment\Release\Export\Content\themes\base\minified\jquery.ui.selectable.min.css"
"NEW_CLEAN","build-output","Servers\Deployment\Release\Export\Content\themes\base\minified\jquery.ui.slider.min.css"
"NEW_CLEAN","build-output","Servers\Deployment\Release\Export\Content\themes\base\minified\jquery.ui.tabs.min.css"
"NEW_CLEAN","build-output","Servers\Deployment\Release\Export\Content\themes\base\minified\jquery.ui.theme.min.css"
"NEW_CLEAN","build-output","Servers\Deployment\Release\Export\Content\themes\base\progressbar.css"
"NEW_CLEAN","build-output","Servers\Deployment\Release\Export\Content\themes\base\resizable.css"
"NEW_CLEAN","build-output","Servers\Deployment\Release\Export\Content\themes\base\selectable.css"
"NEW_CLEAN","build-output","Servers\Deployment\Release\Export\Content\themes\base\selectmenu.css"
"NEW_CLEAN","build-output","Servers\Deployment\Release\Export\Content\themes\base\slider.css"
"NEW_CLEAN","build-output","Servers\Deployment\Release\Export\Content\themes\base\sortable.css"
"NEW_CLEAN","build-output","Servers\Deployment\Release\Export\Content\themes\base\spinner.css"
"NEW_CLEAN","build-output","Servers\Deployment\Release\Export\Content\themes\base\tabs.css"
"NEW_CLEAN","build-output","Servers\Deployment\Release\Export\Content\themes\base\tooltip.css"
"NEW_CLEAN","build-output","Servers\Deployment\Release\Export\DataExport.deps.json"
"NEW_CLEAN","build-output","Servers\Deployment\Release\Export\DataExport.runtimeconfig.json"
"NEW_CLEAN","build-output","Servers\Deployment\Release\Export\DataExport.staticwebassets.endpoints.json"
"NEW_CLEAN","build-output","Servers\Deployment\Release\Export\DataExport.xml"
"NEW_CLEAN","build-output","Servers\Deployment\Release\Export\Dot\motifs.dot"
"NEW_CLEAN","build-output","Servers\Deployment\Release\Export\Dot\motifs.tlp"
"NEW_CLEAN","build-output","Servers\Deployment\Release\Export\Geometry.dll.config"
"NEW_CLEAN","build-output","Servers\Deployment\Release\Export\Resources\ColorMapping\DefaultLocationColorMap.txt"
"NEW_CLEAN","build-output","Servers\Deployment\Release\Export\Resources\ColorMapping\DefaultStructureColors.txt"
"NEW_CLEAN","build-output","Servers\Deployment\Release\Export\Resources\ColorMapping\DefaultStructureTypeColors.txt"
"NEW_CLEAN","build-output","Servers\Deployment\Release\Export\Scripts\jquery.unobtrusive-ajax.js"
"NEW_CLEAN","build-output","Servers\Deployment\Release\Export\Scripts\jquery.unobtrusive-ajax.min.js"
"NEW_CLEAN","build-output","Servers\Deployment\Release\Export\Scripts\jquery.validate.min.js"
"NEW_CLEAN","build-output","Servers\Deployment\Release\Export\Scripts\jquery.validate.unobtrusive.min.js"
"NEW_CLEAN","build-output","Servers\Deployment\Release\Export\Scripts\jquery.validate-vsdoc.js"
"NEW_CLEAN","build-output","Servers\Deployment\Release\Export\Scripts\jquery-2.1.4.intellisense.js"
"NEW_CLEAN","build-output","Servers\Deployment\Release\Export\Scripts\jquery-2.1.4.js"
"NEW_CLEAN","build-output","Servers\Deployment\Release\Export\Scripts\jquery-2.1.4.min.js"
"NEW_CLEAN","build-output","Servers\Deployment\Release\Export\Scripts\jquery-3.7.1.intellisense.js"
"NEW_CLEAN","build-output","Servers\Deployment\Release\Export\Scripts\jquery-3.7.1.js"
"NEW_CLEAN","build-output","Servers\Deployment\Release\Export\Scripts\jquery-3.7.1.min.js"
"NEW_CLEAN","build-output","Servers\Deployment\Release\Export\Scripts\jquery-3.7.1.slim.js"
"NEW_CLEAN","build-output","Servers\Deployment\Release\Export\Scripts\jquery-3.7.1.slim.min.js"
"NEW_CLEAN","build-output","Servers\Deployment\Release\Export\Scripts\jquery-ui-1.11.4.js"
"NEW_CLEAN","build-output","Servers\Deployment\Release\Export\Scripts\jquery-ui-1.11.4.min.js"
"NEW_CLEAN","build-output","Servers\Deployment\Release\Export\Scripts\jquery-ui-1.8.20.js"
"NEW_CLEAN","build-output","Servers\Deployment\Release\Export\Scripts\jquery-ui-1.8.20.min.js"
"NEW_CLEAN","build-output","Servers\Deployment\Release\Export\Scripts\knockout-3.3.0.debug.js"
"NEW_CLEAN","build-output","Servers\Deployment\Release\Export\Scripts\knockout-3.3.0.js"
"NEW_CLEAN","build-output","Servers\Deployment\Release\Export\Scripts\knockout-3.4.0.debug.js"
"NEW_CLEAN","build-output","Servers\Deployment\Release\Export\Scripts\modernizr-2.8.3.js"
"NEW_CLEAN","build-output","Servers\Deployment\Release\Export\Scripts\src\source.js"
"NEW_CLEAN","build-output","Servers\Deployment\Release\Export\SqlGeometryUtils.dll.config"
"NEW_CLEAN","build-output","Servers\Deployment\Release\Export\SqlServerTypes\Loader.cs"
"NEW_CLEAN","build-output","Servers\Deployment\Release\Export\SqlServerTypes\readme.htm"
"NEW_CLEAN","build-output","Servers\Deployment\Release\Export\web.config"
"NEW_CLEAN","build-output","Servers\Deployment\Release\Export\x64\libiomp5.so"
"NEW_CLEAN","build-output","Servers\Deployment\Release\OData\packages.config"
"NEW_CLEAN","build-output","Servers\Deployment\Release\OData\PrecompiledApp.config"
"NEW_CLEAN","build-output","Servers\Deployment\Release\OData\Web.config"
"NEW_CLEAN","submodule","Servers\Libs\NetTopologySuite.Curved\NetTopologySuite\.git"
"NEW_CLEAN","submodule","Servers\Libs\NetTopologySuite.IO.SqlServerBytes\.editorconfig"
"NEW_CLEAN","submodule","Servers\Libs\NetTopologySuite.IO.SqlServerBytes\.gitattributes"
"NEW_CLEAN","submodule","Servers\Libs\NetTopologySuite.IO.SqlServerBytes\.github\workflows\dotnet.yml"
"NEW_CLEAN","submodule","Servers\Libs\NetTopologySuite.IO.SqlServerBytes\.gitignore"
"NEW_CLEAN","submodule","Servers\Libs\NetTopologySuite.IO.SqlServerBytes\Directory.Build.props"
"NEW_CLEAN","submodule","Servers\Libs\NetTopologySuite.IO.SqlServerBytes\icon.png"
"NEW_CLEAN","submodule","Servers\Libs\NetTopologySuite.IO.SqlServerBytes\LICENSE"
"NEW_CLEAN","submodule","Servers\Libs\NetTopologySuite.IO.SqlServerBytes\NetTopologySuite.IO.SqlServerBytes.sln"
"NEW_CLEAN","submodule","Servers\Libs\NetTopologySuite.IO.SqlServerBytes\nts.snk"
"NEW_CLEAN","submodule","Servers\Libs\NetTopologySuite.IO.SqlServerBytes\README.md"
"NEW_CLEAN","submodule","Servers\Libs\NetTopologySuite.IO.SqlServerBytes\src\Directory.Build.props"
"NEW_CLEAN","submodule","Servers\Libs\NetTopologySuite.IO.SqlServerBytes\src\NetTopologySuite.IO.SqlServerBytes\Geometries\UnsupportedGeometry.cs"
"NEW_CLEAN","submodule","Servers\Libs\NetTopologySuite.IO.SqlServerBytes\src\NetTopologySuite.IO.SqlServerBytes\Interfaces\IUnsupportedGeometry.cs"
"NEW_CLEAN","submodule","Servers\Libs\NetTopologySuite.IO.SqlServerBytes\src\NetTopologySuite.IO.SqlServerBytes\NetTopologySuite.IO.SqlServerBytes.csproj"
"NEW_CLEAN","submodule","Servers\Libs\NetTopologySuite.IO.SqlServerBytes\src\NetTopologySuite.IO.SqlServerBytes\Properties\InternalsVisibleTo.cs"
"NEW_CLEAN","submodule","Servers\Libs\NetTopologySuite.IO.SqlServerBytes\src\NetTopologySuite.IO.SqlServerBytes\Properties\Resources.Designer.cs"
"NEW_CLEAN","submodule","Servers\Libs\NetTopologySuite.IO.SqlServerBytes\src\NetTopologySuite.IO.SqlServerBytes\Properties\Resources.resx"
"NEW_CLEAN","submodule","Servers\Libs\NetTopologySuite.IO.SqlServerBytes\src\NetTopologySuite.IO.SqlServerBytes\Serialization\Figure.cs"
"NEW_CLEAN","submodule","Servers\Libs\NetTopologySuite.IO.SqlServerBytes\src\NetTopologySuite.IO.SqlServerBytes\Serialization\FigureAttribute.cs"
"NEW_CLEAN","submodule","Servers\Libs\NetTopologySuite.IO.SqlServerBytes\src\NetTopologySuite.IO.SqlServerBytes\Serialization\Geography.cs"
"NEW_CLEAN","submodule","Servers\Libs\NetTopologySuite.IO.SqlServerBytes\src\NetTopologySuite.IO.SqlServerBytes\Serialization\LegacyFigureAttribute.cs"
"NEW_CLEAN","submodule","Servers\Libs\NetTopologySuite.IO.SqlServerBytes\src\NetTopologySuite.IO.SqlServerBytes\Serialization\OpenGisType.cs"
"NEW_CLEAN","submodule","Servers\Libs\NetTopologySuite.IO.SqlServerBytes\src\NetTopologySuite.IO.SqlServerBytes\Serialization\Point.cs"
"NEW_CLEAN","submodule","Servers\Libs\NetTopologySuite.IO.SqlServerBytes\src\NetTopologySuite.IO.SqlServerBytes\Serialization\Segment.cs"
"NEW_CLEAN","submodule","Servers\Libs\NetTopologySuite.IO.SqlServerBytes\src\NetTopologySuite.IO.SqlServerBytes\Serialization\SegmentType.cs"
"NEW_CLEAN","submodule","Servers\Libs\NetTopologySuite.IO.SqlServerBytes\src\NetTopologySuite.IO.SqlServerBytes\Serialization\SerializationProperties.cs"
"NEW_CLEAN","submodule","Servers\Libs\NetTopologySuite.IO.SqlServerBytes\src\NetTopologySuite.IO.SqlServerBytes\Serialization\Shape.cs"
"NEW_CLEAN","submodule","Servers\Libs\NetTopologySuite.IO.SqlServerBytes\src\NetTopologySuite.IO.SqlServerBytes\SqlServerBytesReader.cs"
"NEW_CLEAN","submodule","Servers\Libs\NetTopologySuite.IO.SqlServerBytes\src\NetTopologySuite.IO.SqlServerBytes\SqlServerBytesWriter.cs"
"NEW_CLEAN","submodule","Servers\Libs\NetTopologySuite.IO.SqlServerBytes\test\Directory.Build.props"
"NEW_CLEAN","submodule","Servers\Libs\NetTopologySuite.IO.SqlServerBytes\test\NetTopologySuite.IO.SqlServerBytes.Test\NetTopologySuite.IO.SqlServerBytes.Test.csproj"
"NEW_CLEAN","submodule","Servers\Libs\NetTopologySuite.IO.SqlServerBytes\test\NetTopologySuite.IO.SqlServerBytes.Test\SqlServerBytesReaderTest.cs"
"NEW_CLEAN","submodule","Servers\Libs\NetTopologySuite.IO.SqlServerBytes\test\NetTopologySuite.IO.SqlServerBytes.Test\SqlServerBytesWriterTest.cs"
"NOOP_NEW_SAME","submodule","Servers\Libs\NetTopologySuite.Curved\.editorconfig"
"NOOP_NEW_SAME","submodule","Servers\Libs\NetTopologySuite.Curved\.gitattributes"
"NOOP_NEW_SAME","submodule","Servers\Libs\NetTopologySuite.Curved\.gitignore"
"NOOP_NEW_SAME","submodule","Servers\Libs\NetTopologySuite.Curved\.gitmodules"
"NOOP_NEW_SAME","submodule","Servers\Libs\NetTopologySuite.Curved\License.md"
"NOOP_NEW_SAME","submodule","Servers\Libs\NetTopologySuite.Curved\NetTopologySuite.Curved.sln"
"NOOP_NEW_SAME","submodule","Servers\Libs\NetTopologySuite.Curved\NetTopologySuite\.editorconfig"
"NOOP_NEW_SAME","submodule","Servers\Libs\NetTopologySuite.Curved\NetTopologySuite\.gitattributes"
"NOOP_NEW_SAME","submodule","Servers\Libs\NetTopologySuite.Curved\NetTopologySuite\.github\workflows\full-ci.yml"
"NOOP_NEW_SAME","submodule","Servers\Libs\NetTopologySuite.Curved\NetTopologySuite\.gitignore"
"NOOP_NEW_SAME","submodule","Servers\Libs\NetTopologySuite.Curved\NetTopologySuite\CONTRIBUTING.md"
"NOOP_NEW_SAME","submodule","Servers\Libs\NetTopologySuite.Curved\NetTopologySuite\data\NetTopologySuite.Samples.Shapefiles\a.dbf"
"NOOP_NEW_SAME","submodule","Servers\Libs\NetTopologySuite.Curved\NetTopologySuite\data\NetTopologySuite.Samples.Shapefiles\a.prj"
"NOOP_NEW_SAME","submodule","Servers\Libs\NetTopologySuite.Curved\NetTopologySuite\data\NetTopologySuite.Samples.Shapefiles\a.sbn"
"NOOP_NEW_SAME","submodule","Servers\Libs\NetTopologySuite.Curved\NetTopologySuite\data\NetTopologySuite.Samples.Shapefiles\a.sbx"
"NOOP_NEW_SAME","submodule","Servers\Libs\NetTopologySuite.Curved\NetTopologySuite\data\NetTopologySuite.Samples.Shapefiles\a.shp.xml"
"NOOP_NEW_SAME","submodule","Servers\Libs\NetTopologySuite.Curved\NetTopologySuite\data\NetTopologySuite.Samples.Shapefiles\a.shx"
"NOOP_NEW_SAME","submodule","Servers\Libs\NetTopologySuite.Curved\NetTopologySuite\data\NetTopologySuite.Samples.Shapefiles\afvalbakken.dbf"
"NOOP_NEW_SAME","submodule","Servers\Libs\NetTopologySuite.Curved\NetTopologySuite\data\NetTopologySuite.Samples.Shapefiles\afvalbakken.prj"
"NOOP_NEW_SAME","submodule","Servers\Libs\NetTopologySuite.Curved\NetTopologySuite\data\NetTopologySuite.Samples.Shapefiles\afvalbakken.sbn"
"NOOP_NEW_SAME","submodule","Servers\Libs\NetTopologySuite.Curved\NetTopologySuite\data\NetTopologySuite.Samples.Shapefiles\afvalbakken.sbx"
"NOOP_NEW_SAME","submodule","Servers\Libs\NetTopologySuite.Curved\NetTopologySuite\data\NetTopologySuite.Samples.Shapefiles\afvalbakken.shp"
"NOOP_NEW_SAME","submodule","Servers\Libs\NetTopologySuite.Curved\NetTopologySuite\data\NetTopologySuite.Samples.Shapefiles\afvalbakken.shx"
"NOOP_NEW_SAME","submodule","Servers\Libs\NetTopologySuite.Curved\NetTopologySuite\data\NetTopologySuite.Samples.Shapefiles\AllNulls.dbf"
"NOOP_NEW_SAME","submodule","Servers\Libs\NetTopologySuite.Curved\NetTopologySuite\data\NetTopologySuite.Samples.Shapefiles\AllNulls.shp"
"NOOP_NEW_SAME","submodule","Servers\Libs\NetTopologySuite.Curved\NetTopologySuite\data\NetTopologySuite.Samples.Shapefiles\AllNulls.shx"
"NOOP_NEW_SAME","submodule","Servers\Libs\NetTopologySuite.Curved\NetTopologySuite\data\NetTopologySuite.Samples.Shapefiles\arc.dbf"
"NOOP_NEW_SAME","submodule","Servers\Libs\NetTopologySuite.Curved\NetTopologySuite\data\NetTopologySuite.Samples.Shapefiles\arc.shp"
"NOOP_NEW_SAME","submodule","Servers\Libs\NetTopologySuite.Curved\NetTopologySuite\data\NetTopologySuite.Samples.Shapefiles\arc.shx"
"NOOP_NEW_SAME","submodule","Servers\Libs\NetTopologySuite.Curved\NetTopologySuite\data\NetTopologySuite.Samples.Shapefiles\b.dbf"
"NOOP_NEW_SAME","submodule","Servers\Libs\NetTopologySuite.Curved\NetTopologySuite\data\NetTopologySuite.Samples.Shapefiles\b.prj"
"NOOP_NEW_SAME","submodule","Servers\Libs\NetTopologySuite.Curved\NetTopologySuite\data\NetTopologySuite.Samples.Shapefiles\b.sbn"
"NOOP_NEW_SAME","submodule","Servers\Libs\NetTopologySuite.Curved\NetTopologySuite\data\NetTopologySuite.Samples.Shapefiles\b.sbx"
"NOOP_NEW_SAME","submodule","Servers\Libs\NetTopologySuite.Curved\NetTopologySuite\data\NetTopologySuite.Samples.Shapefiles\b.shp.xml"
"NOOP_NEW_SAME","submodule","Servers\Libs\NetTopologySuite.Curved\NetTopologySuite\data\NetTopologySuite.Samples.Shapefiles\b.shx"
"NOOP_NEW_SAME","submodule","Servers\Libs\NetTopologySuite.Curved\NetTopologySuite\data\NetTopologySuite.Samples.Shapefiles\BJmultipolygon.dbf"
"NOOP_NEW_SAME","submodule","Servers\Libs\NetTopologySuite.Curved\NetTopologySuite\data\NetTopologySuite.Samples.Shapefiles\BJmultipolygon.sbn"
"NOOP_NEW_SAME","submodule","Servers\Libs\NetTopologySuite.Curved\NetTopologySuite\data\NetTopologySuite.Samples.Shapefiles\BJmultipolygon.sbx"
"NOOP_NEW_SAME","submodule","Servers\Libs\NetTopologySuite.Curved\NetTopologySuite\data\NetTopologySuite.Samples.Shapefiles\blob\blob"
"NOOP_NEW_SAME","submodule","Servers\Libs\NetTopologySuite.Curved\NetTopologySuite\data\NetTopologySuite.Samples.Shapefiles\blob\queries.txt"
"NOOP_NEW_SAME","submodule","Servers\Libs\NetTopologySuite.Curved\NetTopologySuite\data\NetTopologySuite.Samples.Shapefiles\blob\wkb_blob.jpg"
"NOOP_NEW_SAME","submodule","Servers\Libs\NetTopologySuite.Curved\NetTopologySuite\data\NetTopologySuite.Samples.Shapefiles\CA_Cable_region.dbf"
"NOOP_NEW_SAME","submodule","Servers\Libs\NetTopologySuite.Curved\NetTopologySuite\data\NetTopologySuite.Samples.Shapefiles\CA_Cable_region.prj"
"NOOP_NEW_SAME","submodule","Servers\Libs\NetTopologySuite.Curved\NetTopologySuite\data\NetTopologySuite.Samples.Shapefiles\CA_Cable_region.shx"
"NOOP_NEW_SAME","submodule","Servers\Libs\NetTopologySuite.Curved\NetTopologySuite\data\NetTopologySuite.Samples.Shapefiles\christchurch-canterbury-h.dbf"
"NOOP_NEW_SAME","submodule","Servers\Libs\NetTopologySuite.Curved\NetTopologySuite\data\NetTopologySuite.Samples.Shapefiles\christchurch-canterbury-h.shp"
"NOOP_NEW_SAME","submodule","Servers\Libs\NetTopologySuite.Curved\NetTopologySuite\data\NetTopologySuite.Samples.Shapefiles\christchurch-canterbury-h.shx"
"NOOP_NEW_SAME","submodule","Servers\Libs\NetTopologySuite.Curved\NetTopologySuite\data\NetTopologySuite.Samples.Shapefiles\christchurch-canterbury-h.txt"
"NOOP_NEW_SAME","submodule","Servers\Libs\NetTopologySuite.Curved\NetTopologySuite\data\NetTopologySuite.Samples.Shapefiles\crustal_test.shp"
"NOOP_NEW_SAME","submodule","Servers\Libs\NetTopologySuite.Curved\NetTopologySuite\data\NetTopologySuite.Samples.Shapefiles\crustal_test.shx"
"NOOP_NEW_SAME","submodule","Servers\Libs\NetTopologySuite.Curved\NetTopologySuite\data\NetTopologySuite.Samples.Shapefiles\crustal_test_bugged.dbf"
"NOOP_NEW_SAME","submodule","Servers\Libs\NetTopologySuite.Curved\NetTopologySuite\data\NetTopologySuite.Samples.Shapefiles\crustal_test_bugged.shp"
"NOOP_NEW_SAME","submodule","Servers\Libs\NetTopologySuite.Curved\NetTopologySuite\data\NetTopologySuite.Samples.Shapefiles\crustal_test_bugged.shx"
"NOOP_NEW_SAME","submodule","Servers\Libs\NetTopologySuite.Curved\NetTopologySuite\data\NetTopologySuite.Samples.Shapefiles\crustal_test3d.dbf"
"NOOP_NEW_SAME","submodule","Servers\Libs\NetTopologySuite.Curved\NetTopologySuite\data\NetTopologySuite.Samples.Shapefiles\crustal_test3d.shp"
"NOOP_NEW_SAME","submodule","Servers\Libs\NetTopologySuite.Curved\NetTopologySuite\data\NetTopologySuite.Samples.Shapefiles\crustal_test3d.shx"
"NOOP_NEW_SAME","submodule","Servers\Libs\NetTopologySuite.Curved\NetTopologySuite\data\NetTopologySuite.Samples.Shapefiles\date.dbf"
"NOOP_NEW_SAME","submodule","Servers\Libs\NetTopologySuite.Curved\NetTopologySuite\data\NetTopologySuite.Samples.Shapefiles\date.shp"
"NOOP_NEW_SAME","submodule","Servers\Libs\NetTopologySuite.Curved\NetTopologySuite\data\NetTopologySuite.Samples.Shapefiles\date.shx"
"NOOP_NEW_SAME","submodule","Servers\Libs\NetTopologySuite.Curved\NetTopologySuite\data\NetTopologySuite.Samples.Shapefiles\DEPARTEMENT.DBF"
"NOOP_NEW_SAME","submodule","Servers\Libs\NetTopologySuite.Curved\NetTopologySuite\data\NetTopologySuite.Samples.Shapefiles\DEPARTEMENT.LYR"
"NOOP_NEW_SAME","submodule","Servers\Libs\NetTopologySuite.Curved\NetTopologySuite\data\NetTopologySuite.Samples.Shapefiles\DEPARTEMENT.PRJ"
"NOOP_NEW_SAME","submodule","Servers\Libs\NetTopologySuite.Curved\NetTopologySuite\data\NetTopologySuite.Samples.Shapefiles\DEPARTEMENT.SHX"
"NOOP_NEW_SAME","submodule","Servers\Libs\NetTopologySuite.Curved\NetTopologySuite\data\NetTopologySuite.Samples.Shapefiles\EmptyShapeFile.dbf"
"NOOP_NEW_SAME","submodule","Servers\Libs\NetTopologySuite.Curved\NetTopologySuite\data\NetTopologySuite.Samples.Shapefiles\EmptyShapeFile.shp"
"NOOP_NEW_SAME","submodule","Servers\Libs\NetTopologySuite.Curved\NetTopologySuite\data\NetTopologySuite.Samples.Shapefiles\error_union.shx"
"NOOP_NEW_SAME","submodule","Servers\Libs\NetTopologySuite.Curved\NetTopologySuite\data\NetTopologySuite.Samples.Shapefiles\line_ed50_geo.dbf"
"NOOP_NEW_SAME","submodule","Servers\Libs\NetTopologySuite.Curved\NetTopologySuite\data\NetTopologySuite.Samples.Shapefiles\line_ed50_geo.shp"
"NOOP_NEW_SAME","submodule","Servers\Libs\NetTopologySuite.Curved\NetTopologySuite\data\NetTopologySuite.Samples.Shapefiles\line_ed50_utm36.dbf"
"NOOP_NEW_SAME","submodule","Servers\Libs\NetTopologySuite.Curved\NetTopologySuite\data\NetTopologySuite.Samples.Shapefiles\line_ed50_utm36.shp"
"NOOP_NEW_SAME","submodule","Servers\Libs\NetTopologySuite.Curved\NetTopologySuite\data\NetTopologySuite.Samples.Shapefiles\line_wgs84_geo.dbf"
"NOOP_NEW_SAME","submodule","Servers\Libs\NetTopologySuite.Curved\NetTopologySuite\data\NetTopologySuite.Samples.Shapefiles\line_wgs84_geo.shp"
"NOOP_NEW_SAME","submodule","Servers\Libs\NetTopologySuite.Curved\NetTopologySuite\data\NetTopologySuite.Samples.Shapefiles\line_wgs84_utm36.dbf"
"NOOP_NEW_SAME","submodule","Servers\Libs\NetTopologySuite.Curved\NetTopologySuite\data\NetTopologySuite.Samples.Shapefiles\line_wgs84_utm36.shp"
"NOOP_NEW_SAME","submodule","Servers\Libs\NetTopologySuite.Curved\NetTopologySuite\data\NetTopologySuite.Samples.Shapefiles\line_wgs84_utm36.shx"
"NOOP_NEW_SAME","submodule","Servers\Libs\NetTopologySuite.Curved\NetTopologySuite\data\NetTopologySuite.Samples.Shapefiles\null_value_dbf.dbf"
"NOOP_NEW_SAME","submodule","Servers\Libs\NetTopologySuite.Curved\NetTopologySuite\data\NetTopologySuite.Samples.Shapefiles\null_value_dbf.shp"
"NOOP_NEW_SAME","submodule","Servers\Libs\NetTopologySuite.Curved\NetTopologySuite\data\NetTopologySuite.Samples.Shapefiles\point_ed50_geo.dbf"
"NOOP_NEW_SAME","submodule","Servers\Libs\NetTopologySuite.Curved\NetTopologySuite\data\NetTopologySuite.Samples.Shapefiles\point_ed50_geo.shp"
"NOOP_NEW_SAME","submodule","Servers\Libs\NetTopologySuite.Curved\NetTopologySuite\data\NetTopologySuite.Samples.Shapefiles\point_ed50_utm36.dbf"
"NOOP_NEW_SAME","submodule","Servers\Libs\NetTopologySuite.Curved\NetTopologySuite\data\NetTopologySuite.Samples.Shapefiles\point_ed50_utm36.shp"
"NOOP_NEW_SAME","submodule","Servers\Libs\NetTopologySuite.Curved\NetTopologySuite\data\NetTopologySuite.Samples.Shapefiles\point_wgs84_geo.dbf"
"NOOP_NEW_SAME","submodule","Servers\Libs\NetTopologySuite.Curved\NetTopologySuite\data\NetTopologySuite.Samples.Shapefiles\point_wgs84_geo.shp"
"NOOP_NEW_SAME","submodule","Servers\Libs\NetTopologySuite.Curved\NetTopologySuite\data\NetTopologySuite.Samples.Shapefiles\point_wgs84_utm36.dbf"
"NOOP_NEW_SAME","submodule","Servers\Libs\NetTopologySuite.Curved\NetTopologySuite\data\NetTopologySuite.Samples.Shapefiles\point_wgs84_utm36.shp"
"NOOP_NEW_SAME","submodule","Servers\Libs\NetTopologySuite.Curved\NetTopologySuite\data\NetTopologySuite.Samples.Shapefiles\point_wgs84_utm36.shx"
"NOOP_NEW_SAME","submodule","Servers\Libs\NetTopologySuite.Curved\NetTopologySuite\data\NetTopologySuite.Samples.Shapefiles\polygon intersecting line.dbf"
"NOOP_NEW_SAME","submodule","Servers\Libs\NetTopologySuite.Curved\NetTopologySuite\data\NetTopologySuite.Samples.Shapefiles\polygon intersecting line.shp"
"NOOP_NEW_SAME","submodule","Servers\Libs\NetTopologySuite.Curved\NetTopologySuite\data\NetTopologySuite.Samples.Shapefiles\polygon_ed50_geo.dbf"
"NOOP_NEW_SAME","submodule","Servers\Libs\NetTopologySuite.Curved\NetTopologySuite\data\NetTopologySuite.Samples.Shapefiles\polygon_ed50_geo.shp"
"NOOP_NEW_SAME","submodule","Servers\Libs\NetTopologySuite.Curved\NetTopologySuite\data\NetTopologySuite.Samples.Shapefiles\polygon_ed50_utm36.dbf"
"NOOP_NEW_SAME","submodule","Servers\Libs\NetTopologySuite.Curved\NetTopologySuite\data\NetTopologySuite.Samples.Shapefiles\polygon_ed50_utm36.shp"
"NOOP_NEW_SAME","submodule","Servers\Libs\NetTopologySuite.Curved\NetTopologySuite\data\NetTopologySuite.Samples.Shapefiles\polygon_ed50_utm36.shx"
"NOOP_NEW_SAME","submodule","Servers\Libs\NetTopologySuite.Curved\NetTopologySuite\data\NetTopologySuite.Samples.Shapefiles\polygon_wgs84_geo.dbf"
"NOOP_NEW_SAME","submodule","Servers\Libs\NetTopologySuite.Curved\NetTopologySuite\data\NetTopologySuite.Samples.Shapefiles\polygon_wgs84_geo.shp"
"NOOP_NEW_SAME","submodule","Servers\Libs\NetTopologySuite.Curved\NetTopologySuite\data\NetTopologySuite.Samples.Shapefiles\polygon_wgs84_utm36.dbf"
"NOOP_NEW_SAME","submodule","Servers\Libs\NetTopologySuite.Curved\NetTopologySuite\data\NetTopologySuite.Samples.Shapefiles\polygon_wgs84_utm36.shp"
"NOOP_NEW_SAME","submodule","Servers\Libs\NetTopologySuite.Curved\NetTopologySuite\data\NetTopologySuite.Samples.Shapefiles\polygon_wgs84_utm36.shx"
"NOOP_NEW_SAME","submodule","Servers\Libs\NetTopologySuite.Curved\NetTopologySuite\data\NetTopologySuite.Samples.Shapefiles\Sept_polygones.dbf"
"NOOP_NEW_SAME","submodule","Servers\Libs\NetTopologySuite.Curved\NetTopologySuite\data\NetTopologySuite.Samples.Shapefiles\Sept_polygones.sbn"
"NOOP_NEW_SAME","submodule","Servers\Libs\NetTopologySuite.Curved\NetTopologySuite\data\NetTopologySuite.Samples.Shapefiles\Sept_polygones.sbx"
"NOOP_NEW_SAME","submodule","Servers\Libs\NetTopologySuite.Curved\NetTopologySuite\data\NetTopologySuite.Samples.Shapefiles\Sept_polygones.shp"
"NOOP_NEW_SAME","submodule","Servers\Libs\NetTopologySuite.Curved\NetTopologySuite\data\NetTopologySuite.Samples.Shapefiles\shape_pointM.shp"
"NOOP_NEW_SAME","submodule","Servers\Libs\NetTopologySuite.Curved\NetTopologySuite\data\NetTopologySuite.Samples.Shapefiles\shape_PointZM.shp"
"NOOP_NEW_SAME","submodule","Servers\Libs\NetTopologySuite.Curved\NetTopologySuite\data\NetTopologySuite.Samples.Shapefiles\shape_pointZM_MissingM values.shp"
"NOOP_NEW_SAME","submodule","Servers\Libs\NetTopologySuite.Curved\NetTopologySuite\data\NetTopologySuite.Samples.Shapefiles\Strade.shx"
"NOOP_NEW_SAME","submodule","Servers\Libs\NetTopologySuite.Curved\NetTopologySuite\data\NetTopologySuite.Samples.Shapefiles\temp.gml"
"NOOP_NEW_SAME","submodule","Servers\Libs\NetTopologySuite.Curved\NetTopologySuite\data\NetTopologySuite.Samples.Shapefiles\test_arcview.dbf"
"NOOP_NEW_SAME","submodule","Servers\Libs\NetTopologySuite.Curved\NetTopologySuite\data\NetTopologySuite.Samples.Shapefiles\test_arcview.shp"
"NOOP_NEW_SAME","submodule","Servers\Libs\NetTopologySuite.Curved\NetTopologySuite\data\NetTopologySuite.Samples.Shapefiles\test_arcview.shx"
"NOOP_NEW_SAME","submodule","Servers\Libs\NetTopologySuite.Curved\NetTopologySuite\data\NetTopologySuite.Samples.Shapefiles\test_buffer.dbf"
"NOOP_NEW_SAME","submodule","Servers\Libs\NetTopologySuite.Curved\NetTopologySuite\data\NetTopologySuite.Samples.Shapefiles\test_buffer.shp"
"NOOP_NEW_SAME","submodule","Servers\Libs\NetTopologySuite.Curved\NetTopologySuite\data\NetTopologySuite.Samples.Shapefiles\test_buffer.shx"
"NOOP_NEW_SAME","submodule","Servers\Libs\NetTopologySuite.Curved\NetTopologySuite\data\NetTopologySuite.Samples.Shapefiles\tnp_arc.dbf"
"NOOP_NEW_SAME","submodule","Servers\Libs\NetTopologySuite.Curved\NetTopologySuite\data\NetTopologySuite.Samples.Shapefiles\tnp_arc.shp"
"NOOP_NEW_SAME","submodule","Servers\Libs\NetTopologySuite.Curved\NetTopologySuite\data\NetTopologySuite.Samples.Shapefiles\tnp_arc.shx"
"NOOP_NEW_SAME","submodule","Servers\Libs\NetTopologySuite.Curved\NetTopologySuite\data\NetTopologySuite.Samples.Shapefiles\tnp_multipoint.dbf"
"NOOP_NEW_SAME","submodule","Servers\Libs\NetTopologySuite.Curved\NetTopologySuite\data\NetTopologySuite.Samples.Shapefiles\tnp_multipoint.shp"
"NOOP_NEW_SAME","submodule","Servers\Libs\NetTopologySuite.Curved\NetTopologySuite\data\NetTopologySuite.Samples.Shapefiles\tnp_multipoint.shx"
"NOOP_NEW_SAME","submodule","Servers\Libs\NetTopologySuite.Curved\NetTopologySuite\data\NetTopologySuite.Samples.Shapefiles\tnp_pol.dbf"
"NOOP_NEW_SAME","submodule","Servers\Libs\NetTopologySuite.Curved\NetTopologySuite\data\NetTopologySuite.Samples.Shapefiles\tnp_pol.shp"
"NOOP_NEW_SAME","submodule","Servers\Libs\NetTopologySuite.Curved\NetTopologySuite\data\NetTopologySuite.Samples.Shapefiles\tnp_pol.shx"
"NOOP_NEW_SAME","submodule","Servers\Libs\NetTopologySuite.Curved\NetTopologySuite\data\NetTopologySuite.Samples.Shapefiles\tnp_pts.dbf"
"NOOP_NEW_SAME","submodule","Servers\Libs\NetTopologySuite.Curved\NetTopologySuite\data\NetTopologySuite.Samples.Shapefiles\tnp_pts.shp"
"NOOP_NEW_SAME","submodule","Servers\Libs\NetTopologySuite.Curved\NetTopologySuite\data\NetTopologySuite.Samples.Shapefiles\tnp_pts.shx"
"NOOP_NEW_SAME","submodule","Servers\Libs\NetTopologySuite.Curved\NetTopologySuite\data\NetTopologySuite.Samples.Shapefiles\UnifiedChecksMaterial.dbf"
"NOOP_NEW_SAME","submodule","Servers\Libs\NetTopologySuite.Curved\NetTopologySuite\data\NetTopologySuite.Samples.Shapefiles\UnifiedChecksMaterial.shp"
"NOOP_NEW_SAME","submodule","Servers\Libs\NetTopologySuite.Curved\NetTopologySuite\data\NetTopologySuite.Samples.Shapefiles\UnifiedChecksMaterialNullAtEnd.shp"
"NOOP_NEW_SAME","submodule","Servers\Libs\NetTopologySuite.Curved\NetTopologySuite\data\NetTopologySuite.Samples.Shapefiles\UnifiedChecksMaterialNullAtStart.shp"
"NOOP_NEW_SAME","submodule","Servers\Libs\NetTopologySuite.Curved\NetTopologySuite\data\NetTopologySuite.Samples.Shapefiles\UnifiedChecksMaterialNullInMiddle.shp"
"NOOP_NEW_SAME","submodule","Servers\Libs\NetTopologySuite.Curved\NetTopologySuite\data\NetTopologySuite.Samples.Shapefiles\US_DMA_region.dbf"
"NOOP_NEW_SAME","submodule","Servers\Libs\NetTopologySuite.Curved\NetTopologySuite\data\NetTopologySuite.Samples.Shapefiles\US_DMA_region.prj"
"NOOP_NEW_SAME","submodule","Servers\Libs\NetTopologySuite.Curved\NetTopologySuite\data\NetTopologySuite.Samples.Shapefiles\US_DMA_region.shx"
"NOOP_NEW_SAME","submodule","Servers\Libs\NetTopologySuite.Curved\NetTopologySuite\data\NetTopologySuite.Samples.Shapefiles\Volume2.dbf"
"NOOP_NEW_SAME","submodule","Servers\Libs\NetTopologySuite.Curved\NetTopologySuite\data\NetTopologySuite.Samples.Shapefiles\Volume2.prj"
"NOOP_NEW_SAME","submodule","Servers\Libs\NetTopologySuite.Curved\NetTopologySuite\data\NetTopologySuite.Samples.Shapefiles\Volume2.sbn"
"NOOP_NEW_SAME","submodule","Servers\Libs\NetTopologySuite.Curved\NetTopologySuite\data\NetTopologySuite.Samples.Shapefiles\Volume2.sbx"
"NOOP_NEW_SAME","submodule","Servers\Libs\NetTopologySuite.Curved\NetTopologySuite\data\NetTopologySuite.Samples.Shapefiles\Volume2.shp"
"NOOP_NEW_SAME","submodule","Servers\Libs\NetTopologySuite.Curved\NetTopologySuite\data\NetTopologySuite.Samples.Shapefiles\Volume2.shx"
"NOOP_NEW_SAME","submodule","Servers\Libs\NetTopologySuite.Curved\NetTopologySuite\data\NetTopologySuite.Samples.Shapefiles\with_M.dbf"
"NOOP_NEW_SAME","submodule","Servers\Libs\NetTopologySuite.Curved\NetTopologySuite\data\NetTopologySuite.Samples.Shapefiles\with_M.prj"
"NOOP_NEW_SAME","submodule","Servers\Libs\NetTopologySuite.Curved\NetTopologySuite\data\NetTopologySuite.Samples.Shapefiles\Zone_ISTAT.dbf"
"NOOP_NEW_SAME","submodule","Servers\Libs\NetTopologySuite.Curved\NetTopologySuite\data\NetTopologySuite.Samples.Shapefiles\Zone_ISTAT.shp"
"NOOP_NEW_SAME","submodule","Servers\Libs\NetTopologySuite.Curved\NetTopologySuite\data\NetTopologySuite.Samples.Shapefiles\Zone_ISTAT.shx"
"NOOP_NEW_SAME","submodule","Servers\Libs\NetTopologySuite.Curved\NetTopologySuite\data\NetTopologySuite.TestRunner.Tests\Default.xml"
"NOOP_NEW_SAME","submodule","Servers\Libs\NetTopologySuite.Curved\NetTopologySuite\data\NetTopologySuite.TestRunner.Tests\failure\bug368jts.xml"
"NOOP_NEW_SAME","submodule","Servers\Libs\NetTopologySuite.Curved\NetTopologySuite\data\NetTopologySuite.TestRunner.Tests\failure\geos-bug368-union.xml"
"NOOP_NEW_SAME","submodule","Servers\Libs\NetTopologySuite.Curved\NetTopologySuite\data\NetTopologySuite.TestRunner.Tests\failure\TestBigNastyBuffer.xml"
"NOOP_NEW_SAME","submodule","Servers\Libs\NetTopologySuite.Curved\NetTopologySuite\data\NetTopologySuite.TestRunner.Tests\failure\TestBufferFailure.xml"
"NOOP_NEW_SAME","submodule","Servers\Libs\NetTopologySuite.Curved\NetTopologySuite\data\NetTopologySuite.TestRunner.Tests\failure\TestBufferInsideNonEmpty.xml"
"NOOP_NEW_SAME","submodule","Servers\Libs\NetTopologySuite.Curved\NetTopologySuite\data\NetTopologySuite.TestRunner.Tests\failure\TestOverlay.xml"
"NOOP_NEW_SAME","submodule","Servers\Libs\NetTopologySuite.Curved\NetTopologySuite\data\NetTopologySuite.TestRunner.Tests\failure\TestOverlayFailure.xml"
"NOOP_NEW_SAME","submodule","Servers\Libs\NetTopologySuite.Curved\NetTopologySuite\data\NetTopologySuite.TestRunner.Tests\general\README.md"
"NOOP_NEW_SAME","submodule","Servers\Libs\NetTopologySuite.Curved\NetTopologySuite\data\NetTopologySuite.TestRunner.Tests\general\TestBoundary.xml"
"NOOP_NEW_SAME","submodule","Servers\Libs\NetTopologySuite.Curved\NetTopologySuite\data\NetTopologySuite.TestRunner.Tests\general\TestBuffer.xml"
"NOOP_NEW_SAME","submodule","Servers\Libs\NetTopologySuite.Curved\NetTopologySuite\data\NetTopologySuite.TestRunner.Tests\general\TestBufferMitredJoin.xml"
"NOOP_NEW_SAME","submodule","Servers\Libs\NetTopologySuite.Curved\NetTopologySuite\data\NetTopologySuite.TestRunner.Tests\general\TestCentroid.xml"
"NOOP_NEW_SAME","submodule","Servers\Libs\NetTopologySuite.Curved\NetTopologySuite\data\NetTopologySuite.TestRunner.Tests\general\TestConvexHull.xml"
"NOOP_NEW_SAME","submodule","Servers\Libs\NetTopologySuite.Curved\NetTopologySuite\data\NetTopologySuite.TestRunner.Tests\general\TestConvexHull-big.xml"
"NOOP_NEW_SAME","submodule","Servers\Libs\NetTopologySuite.Curved\NetTopologySuite\data\NetTopologySuite.TestRunner.Tests\general\TestDensify.xml"
"NOOP_NEW_SAME","submodule","Servers\Libs\NetTopologySuite.Curved\NetTopologySuite\data\NetTopologySuite.TestRunner.Tests\general\TestDistance.xml"
"NOOP_NEW_SAME","submodule","Servers\Libs\NetTopologySuite.Curved\NetTopologySuite\data\NetTopologySuite.TestRunner.Tests\general\TestEqualsExact.xml"
"NOOP_NEW_SAME","submodule","Servers\Libs\NetTopologySuite.Curved\NetTopologySuite\data\NetTopologySuite.TestRunner.Tests\general\TestFunctionAA.xml"
"NOOP_NEW_SAME","submodule","Servers\Libs\NetTopologySuite.Curved\NetTopologySuite\data\NetTopologySuite.TestRunner.Tests\general\TestFunctionAAPrec.xml"
"NOOP_NEW_SAME","submodule","Servers\Libs\NetTopologySuite.Curved\NetTopologySuite\data\NetTopologySuite.TestRunner.Tests\general\TestFunctionLA.xml"
"NOOP_NEW_SAME","submodule","Servers\Libs\NetTopologySuite.Curved\NetTopologySuite\data\NetTopologySuite.TestRunner.Tests\general\TestFunctionLAPrec.xml"
"NOOP_NEW_SAME","submodule","Servers\Libs\NetTopologySuite.Curved\NetTopologySuite\data\NetTopologySuite.TestRunner.Tests\general\TestFunctionLL.xml"
"NOOP_NEW_SAME","submodule","Servers\Libs\NetTopologySuite.Curved\NetTopologySuite\data\NetTopologySuite.TestRunner.Tests\general\TestFunctionLLPrec.xml"
"NOOP_NEW_SAME","submodule","Servers\Libs\NetTopologySuite.Curved\NetTopologySuite\data\NetTopologySuite.TestRunner.Tests\general\TestFunctionPA.xml"
"NOOP_NEW_SAME","submodule","Servers\Libs\NetTopologySuite.Curved\NetTopologySuite\data\NetTopologySuite.TestRunner.Tests\general\TestFunctionPL.xml"
"NOOP_NEW_SAME","submodule","Servers\Libs\NetTopologySuite.Curved\NetTopologySuite\data\NetTopologySuite.TestRunner.Tests\general\TestFunctionPLPrec.xml"
"NOOP_NEW_SAME","submodule","Servers\Libs\NetTopologySuite.Curved\NetTopologySuite\data\NetTopologySuite.TestRunner.Tests\general\TestInteriorPoint.xml"
"NOOP_NEW_SAME","submodule","Servers\Libs\NetTopologySuite.Curved\NetTopologySuite\data\NetTopologySuite.TestRunner.Tests\general\TestMinimumClearance.xml"
"NOOP_NEW_SAME","submodule","Servers\Libs\NetTopologySuite.Curved\NetTopologySuite\data\NetTopologySuite.TestRunner.Tests\general\TestNGOverlayA.xml"
"NOOP_NEW_SAME","submodule","Servers\Libs\NetTopologySuite.Curved\NetTopologySuite\data\NetTopologySuite.TestRunner.Tests\general\TestNGOverlayAPrec.xml"
"NOOP_NEW_SAME","submodule","Servers\Libs\NetTopologySuite.Curved\NetTopologySuite\data\NetTopologySuite.TestRunner.Tests\general\TestNGOverlayEmpty.xml"
"NOOP_NEW_SAME","submodule","Servers\Libs\NetTopologySuite.Curved\NetTopologySuite\data\NetTopologySuite.TestRunner.Tests\general\TestNGOverlayL.xml"
"NOOP_NEW_SAME","submodule","Servers\Libs\NetTopologySuite.Curved\NetTopologySuite\data\NetTopologySuite.TestRunner.Tests\general\TestNGOverlayLPrec.xml"
"NOOP_NEW_SAME","submodule","Servers\Libs\NetTopologySuite.Curved\NetTopologySuite\data\NetTopologySuite.TestRunner.Tests\general\TestNGOverlayPPrec.xml"
"NOOP_NEW_SAME","submodule","Servers\Libs\NetTopologySuite.Curved\NetTopologySuite\data\NetTopologySuite.TestRunner.Tests\general\TestOverlayAA.xml"
"NOOP_NEW_SAME","submodule","Servers\Libs\NetTopologySuite.Curved\NetTopologySuite\data\NetTopologySuite.TestRunner.Tests\general\TestOverlayAAPrec.xml"
"NOOP_NEW_SAME","submodule","Servers\Libs\NetTopologySuite.Curved\NetTopologySuite\data\NetTopologySuite.TestRunner.Tests\general\TestOverlayEmpty.xml"
"NOOP_NEW_SAME","submodule","Servers\Libs\NetTopologySuite.Curved\NetTopologySuite\data\NetTopologySuite.TestRunner.Tests\general\TestOverlayLA.xml"
"NOOP_NEW_SAME","submodule","Servers\Libs\NetTopologySuite.Curved\NetTopologySuite\data\NetTopologySuite.TestRunner.Tests\general\TestOverlayLAPrec.xml"
"NOOP_NEW_SAME","submodule","Servers\Libs\NetTopologySuite.Curved\NetTopologySuite\data\NetTopologySuite.TestRunner.Tests\general\TestOverlayLL.xml"
"NOOP_NEW_SAME","submodule","Servers\Libs\NetTopologySuite.Curved\NetTopologySuite\data\NetTopologySuite.TestRunner.Tests\general\TestOverlayLLPrec.xml"
"NOOP_NEW_SAME","submodule","Servers\Libs\NetTopologySuite.Curved\NetTopologySuite\data\NetTopologySuite.TestRunner.Tests\general\TestOverlayPA.xml"
"NOOP_NEW_SAME","submodule","Servers\Libs\NetTopologySuite.Curved\NetTopologySuite\data\NetTopologySuite.TestRunner.Tests\general\TestOverlayPL.xml"
"NOOP_NEW_SAME","submodule","Servers\Libs\NetTopologySuite.Curved\NetTopologySuite\data\NetTopologySuite.TestRunner.Tests\general\TestOverlayPLPrec.xml"
"NOOP_NEW_SAME","submodule","Servers\Libs\NetTopologySuite.Curved\NetTopologySuite\data\NetTopologySuite.TestRunner.Tests\general\TestOverlayPP.xml"
"NOOP_NEW_SAME","submodule","Servers\Libs\NetTopologySuite.Curved\NetTopologySuite\data\NetTopologySuite.TestRunner.Tests\general\TestPolygonize.xml"
"NOOP_NEW_SAME","submodule","Servers\Libs\NetTopologySuite.Curved\NetTopologySuite\data\NetTopologySuite.TestRunner.Tests\general\TestPolygonizeValidPolygonal.xml"
"NOOP_NEW_SAME","submodule","Servers\Libs\NetTopologySuite.Curved\NetTopologySuite\data\NetTopologySuite.TestRunner.Tests\general\TestPreparedPointPredicate.xml"
"NOOP_NEW_SAME","submodule","Servers\Libs\NetTopologySuite.Curved\NetTopologySuite\data\NetTopologySuite.TestRunner.Tests\general\TestPreparedPolygonPredicate.xml"
"NOOP_NEW_SAME","submodule","Servers\Libs\NetTopologySuite.Curved\NetTopologySuite\data\NetTopologySuite.TestRunner.Tests\general\TestPreparedPredicatesWithGeometryCollection.xml"
"NOOP_NEW_SAME","submodule","Servers\Libs\NetTopologySuite.Curved\NetTopologySuite\data\NetTopologySuite.TestRunner.Tests\general\TestRectanglePredicate.xml"
"NOOP_NEW_SAME","submodule","Servers\Libs\NetTopologySuite.Curved\NetTopologySuite\data\NetTopologySuite.TestRunner.Tests\general\TestRelateAA.xml"
"NOOP_NEW_SAME","submodule","Servers\Libs\NetTopologySuite.Curved\NetTopologySuite\data\NetTopologySuite.TestRunner.Tests\general\TestRelateAC.xml"
"NOOP_NEW_SAME","submodule","Servers\Libs\NetTopologySuite.Curved\NetTopologySuite\data\NetTopologySuite.TestRunner.Tests\general\TestRelateLA.xml"
"NOOP_NEW_SAME","submodule","Servers\Libs\NetTopologySuite.Curved\NetTopologySuite\data\NetTopologySuite.TestRunner.Tests\general\TestRelateLC.xml"
"NOOP_NEW_SAME","submodule","Servers\Libs\NetTopologySuite.Curved\NetTopologySuite\data\NetTopologySuite.TestRunner.Tests\general\TestRelateLL.xml"
"NOOP_NEW_SAME","submodule","Servers\Libs\NetTopologySuite.Curved\NetTopologySuite\data\NetTopologySuite.TestRunner.Tests\general\TestRelatePA.xml"
"NOOP_NEW_SAME","submodule","Servers\Libs\NetTopologySuite.Curved\NetTopologySuite\data\NetTopologySuite.TestRunner.Tests\general\TestRelatePL.xml"
"NOOP_NEW_SAME","submodule","Servers\Libs\NetTopologySuite.Curved\NetTopologySuite\data\NetTopologySuite.TestRunner.Tests\general\TestRelatePP.xml"
"NOOP_NEW_SAME","submodule","Servers\Libs\NetTopologySuite.Curved\NetTopologySuite\data\NetTopologySuite.TestRunner.Tests\general\TestSimple.xml"
"NOOP_NEW_SAME","submodule","Servers\Libs\NetTopologySuite.Curved\NetTopologySuite\data\NetTopologySuite.TestRunner.Tests\general\TestUnaryUnion.xml"
"NOOP_NEW_SAME","submodule","Servers\Libs\NetTopologySuite.Curved\NetTopologySuite\data\NetTopologySuite.TestRunner.Tests\general\TestUnaryUnionFloating.xml"
"NOOP_NEW_SAME","submodule","Servers\Libs\NetTopologySuite.Curved\NetTopologySuite\data\NetTopologySuite.TestRunner.Tests\general\TestValid.xml"
"NOOP_NEW_SAME","submodule","Servers\Libs\NetTopologySuite.Curved\NetTopologySuite\data\NetTopologySuite.TestRunner.Tests\general\TestValid2.xml"
"NOOP_NEW_SAME","submodule","Servers\Libs\NetTopologySuite.Curved\NetTopologySuite\data\NetTopologySuite.TestRunner.Tests\general\TestValid2-big.xml"
"NOOP_NEW_SAME","submodule","Servers\Libs\NetTopologySuite.Curved\NetTopologySuite\data\NetTopologySuite.TestRunner.Tests\general\TestWithinDistance.xml"
"NOOP_NEW_SAME","submodule","Servers\Libs\NetTopologySuite.Curved\NetTopologySuite\data\NetTopologySuite.TestRunner.Tests\misc\GEOSBuffer.xml"
"NOOP_NEW_SAME","submodule","Servers\Libs\NetTopologySuite.Curved\NetTopologySuite\data\NetTopologySuite.TestRunner.Tests\misc\geos-bug356-buffer.xml"
"NOOP_NEW_SAME","submodule","Servers\Libs\NetTopologySuite.Curved\NetTopologySuite\data\NetTopologySuite.TestRunner.Tests\misc\geos-bug838-union.xml"
"NOOP_NEW_SAME","submodule","Servers\Libs\NetTopologySuite.Curved\NetTopologySuite\data\NetTopologySuite.TestRunner.Tests\misc\TestBufferExternal.xml"
"NOOP_NEW_SAME","submodule","Servers\Libs\NetTopologySuite.Curved\NetTopologySuite\data\NetTopologySuite.TestRunner.Tests\misc\TestBufferJagged.xml"
"NOOP_NEW_SAME","submodule","Servers\Libs\NetTopologySuite.Curved\NetTopologySuite\data\NetTopologySuite.TestRunner.Tests\misc\TestInvalidA.xml"
"NOOP_NEW_SAME","submodule","Servers\Libs\NetTopologySuite.Curved\NetTopologySuite\data\NetTopologySuite.TestRunner.Tests\misc\TestOverlay.xml"
"NOOP_NEW_SAME","submodule","Servers\Libs\NetTopologySuite.Curved\NetTopologySuite\data\NetTopologySuite.TestRunner.Tests\misc\TestValid.xml"
"NOOP_NEW_SAME","submodule","Servers\Libs\NetTopologySuite.Curved\NetTopologySuite\data\NetTopologySuite.TestRunner.Tests\Other.xml"
"NOOP_NEW_SAME","submodule","Servers\Libs\NetTopologySuite.Curved\NetTopologySuite\data\NetTopologySuite.TestRunner.Tests\robust\ExternalRobustness.xml"
"NOOP_NEW_SAME","submodule","Servers\Libs\NetTopologySuite.Curved\NetTopologySuite\data\NetTopologySuite.TestRunner.Tests\robust\MagnifyTopology.xml"
"NOOP_NEW_SAME","submodule","Servers\Libs\NetTopologySuite.Curved\NetTopologySuite\data\NetTopologySuite.TestRunner.Tests\robust\overlay\TestOverlay-geos-1046-union-lines.xml"
"NOOP_NEW_SAME","submodule","Servers\Libs\NetTopologySuite.Curved\NetTopologySuite\data\NetTopologySuite.TestRunner.Tests\robust\overlay\TestOverlay-geos-1051.xml"
"NOOP_NEW_SAME","submodule","Servers\Libs\NetTopologySuite.Curved\NetTopologySuite\data\NetTopologySuite.TestRunner.Tests\robust\overlay\TestOverlay-geos-153.xml"
"NOOP_NEW_SAME","submodule","Servers\Libs\NetTopologySuite.Curved\NetTopologySuite\data\NetTopologySuite.TestRunner.Tests\robust\overlay\TestOverlay-geos-234.xml"
"NOOP_NEW_SAME","submodule","Servers\Libs\NetTopologySuite.Curved\NetTopologySuite\data\NetTopologySuite.TestRunner.Tests\robust\overlay\TestOverlay-geos-275.xml"
"NOOP_NEW_SAME","submodule","Servers\Libs\NetTopologySuite.Curved\NetTopologySuite\data\NetTopologySuite.TestRunner.Tests\robust\overlay\TestOverlay-geos-360.xml"
"NOOP_NEW_SAME","submodule","Servers\Libs\NetTopologySuite.Curved\NetTopologySuite\data\NetTopologySuite.TestRunner.Tests\robust\overlay\TestOverlay-geos-368.xml"
"NOOP_NEW_SAME","submodule","Servers\Libs\NetTopologySuite.Curved\NetTopologySuite\data\NetTopologySuite.TestRunner.Tests\robust\overlay\TestOverlay-geos-392.xml"
"NOOP_NEW_SAME","submodule","Servers\Libs\NetTopologySuite.Curved\NetTopologySuite\data\NetTopologySuite.TestRunner.Tests\robust\overlay\TestOverlay-geos-392-lines.xml"
"NOOP_NEW_SAME","submodule","Servers\Libs\NetTopologySuite.Curved\NetTopologySuite\data\NetTopologySuite.TestRunner.Tests\robust\overlay\TestOverlay-geos-398.xml"
"NOOP_NEW_SAME","submodule","Servers\Libs\NetTopologySuite.Curved\NetTopologySuite\data\NetTopologySuite.TestRunner.Tests\robust\overlay\TestOverlay-geos-459.xml"
"NOOP_NEW_SAME","submodule","Servers\Libs\NetTopologySuite.Curved\NetTopologySuite\data\NetTopologySuite.TestRunner.Tests\robust\overlay\TestOverlay-geos-488.xml"
"NOOP_NEW_SAME","submodule","Servers\Libs\NetTopologySuite.Curved\NetTopologySuite\data\NetTopologySuite.TestRunner.Tests\robust\overlay\TestOverlay-geos-522.xml"
"NOOP_NEW_SAME","submodule","Servers\Libs\NetTopologySuite.Curved\NetTopologySuite\data\NetTopologySuite.TestRunner.Tests\robust\overlay\TestOverlay-geos-527.xml"
"NOOP_NEW_SAME","submodule","Servers\Libs\NetTopologySuite.Curved\NetTopologySuite\data\NetTopologySuite.TestRunner.Tests\robust\overlay\TestOverlay-geos-586.xml"
"NOOP_NEW_SAME","submodule","Servers\Libs\NetTopologySuite.Curved\NetTopologySuite\data\NetTopologySuite.TestRunner.Tests\robust\overlay\TestOverlay-geos-599.xml"
"NOOP_NEW_SAME","submodule","Servers\Libs\NetTopologySuite.Curved\NetTopologySuite\data\NetTopologySuite.TestRunner.Tests\robust\overlay\TestOverlay-geos-600-lines.xml"
"NOOP_NEW_SAME","submodule","Servers\Libs\NetTopologySuite.Curved\NetTopologySuite\data\NetTopologySuite.TestRunner.Tests\robust\overlay\TestOverlay-geos-979.xml"
"NOOP_NEW_SAME","submodule","Servers\Libs\NetTopologySuite.Curved\NetTopologySuite\data\NetTopologySuite.TestRunner.Tests\robust\overlay\TestOverlay-geos-994.xml"
"NOOP_NEW_SAME","submodule","Servers\Libs\NetTopologySuite.Curved\NetTopologySuite\data\NetTopologySuite.TestRunner.Tests\robust\overlay\TestOverlay-geos-list.xml"
"NOOP_NEW_SAME","submodule","Servers\Libs\NetTopologySuite.Curved\NetTopologySuite\data\NetTopologySuite.TestRunner.Tests\robust\overlay\TestOverlay-isochrone.xml"
"NOOP_NEW_SAME","submodule","Servers\Libs\NetTopologySuite.Curved\NetTopologySuite\data\NetTopologySuite.TestRunner.Tests\robust\overlay\TestOverlay-jts-300.xml"
"NOOP_NEW_SAME","submodule","Servers\Libs\NetTopologySuite.Curved\NetTopologySuite\data\NetTopologySuite.TestRunner.Tests\robust\overlay\TestOverlay-misc-1.xml"
"NOOP_NEW_SAME","submodule","Servers\Libs\NetTopologySuite.Curved\NetTopologySuite\data\NetTopologySuite.TestRunner.Tests\robust\overlay\TestOverlay-misc-2.xml"
"NOOP_NEW_SAME","submodule","Servers\Libs\NetTopologySuite.Curved\NetTopologySuite\data\NetTopologySuite.TestRunner.Tests\robust\overlay\TestOverlay-osmwater.xml"
"NOOP_NEW_SAME","submodule","Servers\Libs\NetTopologySuite.Curved\NetTopologySuite\data\NetTopologySuite.TestRunner.Tests\robust\overlay\TestOverlay-pg-4182-2.xml"
"NOOP_NEW_SAME","submodule","Servers\Libs\NetTopologySuite.Curved\NetTopologySuite\data\NetTopologySuite.TestRunner.Tests\robust\overlay\TestOverlay-pg-4538.xml"
"NOOP_NEW_SAME","submodule","Servers\Libs\NetTopologySuite.Curved\NetTopologySuite\data\NetTopologySuite.TestRunner.Tests\robust\overlay\TestOverlay-pg-list.xml"
"NOOP_NEW_SAME","submodule","Servers\Libs\NetTopologySuite.Curved\NetTopologySuite\data\NetTopologySuite.TestRunner.Tests\robust\overlay\TestOverlay-qgis-29400.xml"
"NOOP_NEW_SAME","submodule","Servers\Libs\NetTopologySuite.Curved\NetTopologySuite\data\NetTopologySuite.TestRunner.Tests\robust\overlay\TestOverlay-qgis-31552.xml"
"NOOP_NEW_SAME","submodule","Servers\Libs\NetTopologySuite.Curved\NetTopologySuite\data\NetTopologySuite.TestRunner.Tests\robust\TestRobustBuffer.xml"
"NOOP_NEW_SAME","submodule","Servers\Libs\NetTopologySuite.Curved\NetTopologySuite\data\NetTopologySuite.TestRunner.Tests\robust\TestRobustOverlayError.xml"
"NOOP_NEW_SAME","submodule","Servers\Libs\NetTopologySuite.Curved\NetTopologySuite\data\NetTopologySuite.TestRunner.Tests\robust\TestRobustOverlayFixed.xml"
"NOOP_NEW_SAME","submodule","Servers\Libs\NetTopologySuite.Curved\NetTopologySuite\data\NetTopologySuite.TestRunner.Tests\robust\TestRobustOverlayFloat.xml"
"NOOP_NEW_SAME","submodule","Servers\Libs\NetTopologySuite.Curved\NetTopologySuite\data\NetTopologySuite.TestRunner.Tests\robust\TestRobustRelate.xml"
"NOOP_NEW_SAME","submodule","Servers\Libs\NetTopologySuite.Curved\NetTopologySuite\data\NetTopologySuite.TestRunner.Tests\robust\TestRobustRelateFloat.xml"
"NOOP_NEW_SAME","submodule","Servers\Libs\NetTopologySuite.Curved\NetTopologySuite\data\NetTopologySuite.TestRunner.Tests\stmlf\stmlf-cases-20061020_int.xml"
"NOOP_NEW_SAME","submodule","Servers\Libs\NetTopologySuite.Curved\NetTopologySuite\data\NetTopologySuite.TestRunner.Tests\validate\TestRelateAA-big.xml"
"NOOP_NEW_SAME","submodule","Servers\Libs\NetTopologySuite.Curved\NetTopologySuite\data\NetTopologySuite.TestRunner.Tests\validate\TestRelateAC.xml"
"NOOP_NEW_SAME","submodule","Servers\Libs\NetTopologySuite.Curved\NetTopologySuite\data\NetTopologySuite.TestRunner.Tests\validate\TestRelateLC.xml"
"NOOP_NEW_SAME","submodule","Servers\Libs\NetTopologySuite.Curved\NetTopologySuite\data\NetTopologySuite.TestRunner.Tests\validate\TestRelateLL.xml"
"NOOP_NEW_SAME","submodule","Servers\Libs\NetTopologySuite.Curved\NetTopologySuite\data\NetTopologySuite.TestRunner.Tests\validate\TestRelatePA.xml"
"NOOP_NEW_SAME","submodule","Servers\Libs\NetTopologySuite.Curved\NetTopologySuite\data\NetTopologySuite.TestRunner.Tests\validate\TestRelatePL.xml"
"NOOP_NEW_SAME","submodule","Servers\Libs\NetTopologySuite.Curved\NetTopologySuite\data\NetTopologySuite.TestRunner.Tests\validate\TestRelatePP.xml"
"NOOP_NEW_SAME","submodule","Servers\Libs\NetTopologySuite.Curved\NetTopologySuite\data\NetTopologySuite.TestRunner.Tests\vivid\TestBoundary.xml"
"NOOP_NEW_SAME","submodule","Servers\Libs\NetTopologySuite.Curved\NetTopologySuite\data\NetTopologySuite.TestRunner.Tests\vivid\TestCentroid.xml"
"NOOP_NEW_SAME","submodule","Servers\Libs\NetTopologySuite.Curved\NetTopologySuite\data\NetTopologySuite.TestRunner.Tests\vivid\TestConvexHull.xml"
"NOOP_NEW_SAME","submodule","Servers\Libs\NetTopologySuite.Curved\NetTopologySuite\data\NetTopologySuite.TestRunner.Tests\vivid\TestConvexHull-big.xml"
"NOOP_NEW_SAME","submodule","Servers\Libs\NetTopologySuite.Curved\NetTopologySuite\data\NetTopologySuite.TestRunner.Tests\vivid\TestInteriorPoint.xml"
"NOOP_NEW_SAME","submodule","Servers\Libs\NetTopologySuite.Curved\NetTopologySuite\data\NetTopologySuite.TestRunner.Tests\vivid\TestOverlayAA.xml"
"NOOP_NEW_SAME","submodule","Servers\Libs\NetTopologySuite.Curved\NetTopologySuite\data\NetTopologySuite.TestRunner.Tests\vivid\TestOverlayAAPrec.xml"
"NOOP_NEW_SAME","submodule","Servers\Libs\NetTopologySuite.Curved\NetTopologySuite\data\NetTopologySuite.TestRunner.Tests\vivid\TestOverlayEmpty.xml"
"NOOP_NEW_SAME","submodule","Servers\Libs\NetTopologySuite.Curved\NetTopologySuite\data\NetTopologySuite.TestRunner.Tests\vivid\TestOverlayLA.xml"
"NOOP_NEW_SAME","submodule","Servers\Libs\NetTopologySuite.Curved\NetTopologySuite\data\NetTopologySuite.TestRunner.Tests\vivid\TestOverlayLAPrec.xml"
"NOOP_NEW_SAME","submodule","Servers\Libs\NetTopologySuite.Curved\NetTopologySuite\data\NetTopologySuite.TestRunner.Tests\vivid\TestOverlayLL.xml"
"NOOP_NEW_SAME","submodule","Servers\Libs\NetTopologySuite.Curved\NetTopologySuite\data\NetTopologySuite.TestRunner.Tests\vivid\TestOverlayLLPrec.xml"
"NOOP_NEW_SAME","submodule","Servers\Libs\NetTopologySuite.Curved\NetTopologySuite\data\NetTopologySuite.TestRunner.Tests\vivid\TestOverlayPA.xml"
"NOOP_NEW_SAME","submodule","Servers\Libs\NetTopologySuite.Curved\NetTopologySuite\data\NetTopologySuite.TestRunner.Tests\vivid\TestOverlayPL.xml"
"NOOP_NEW_SAME","submodule","Servers\Libs\NetTopologySuite.Curved\NetTopologySuite\data\NetTopologySuite.TestRunner.Tests\vivid\TestOverlayPLPrec.xml"
"NOOP_NEW_SAME","submodule","Servers\Libs\NetTopologySuite.Curved\NetTopologySuite\data\NetTopologySuite.TestRunner.Tests\vivid\TestOverlayPP.xml"
"NOOP_NEW_SAME","submodule","Servers\Libs\NetTopologySuite.Curved\NetTopologySuite\data\NetTopologySuite.TestRunner.Tests\vivid\TestRectanglePredicate.xml"
"NOOP_NEW_SAME","submodule","Servers\Libs\NetTopologySuite.Curved\NetTopologySuite\data\NetTopologySuite.TestRunner.Tests\vivid\TestRelateAA.xml"
"NOOP_NEW_SAME","submodule","Servers\Libs\NetTopologySuite.Curved\NetTopologySuite\data\NetTopologySuite.TestRunner.Tests\vivid\TestRelateAC.xml"
"NOOP_NEW_SAME","submodule","Servers\Libs\NetTopologySuite.Curved\NetTopologySuite\data\NetTopologySuite.TestRunner.Tests\vivid\TestRelateLA.xml"
"NOOP_NEW_SAME","submodule","Servers\Libs\NetTopologySuite.Curved\NetTopologySuite\data\NetTopologySuite.TestRunner.Tests\vivid\TestRelateLC.xml"
"NOOP_NEW_SAME","submodule","Servers\Libs\NetTopologySuite.Curved\NetTopologySuite\data\NetTopologySuite.TestRunner.Tests\vivid\TestRelateLL.xml"
"NOOP_NEW_SAME","submodule","Servers\Libs\NetTopologySuite.Curved\NetTopologySuite\data\NetTopologySuite.TestRunner.Tests\vivid\TestRelatePA.xml"
"NOOP_NEW_SAME","submodule","Servers\Libs\NetTopologySuite.Curved\NetTopologySuite\data\NetTopologySuite.TestRunner.Tests\vivid\TestRelatePL.xml"
"NOOP_NEW_SAME","submodule","Servers\Libs\NetTopologySuite.Curved\NetTopologySuite\data\NetTopologySuite.TestRunner.Tests\vivid\TestRelatePP.xml"
"NOOP_NEW_SAME","submodule","Servers\Libs\NetTopologySuite.Curved\NetTopologySuite\data\NetTopologySuite.TestRunner.Tests\vivid\TestValid.xml"
"NOOP_NEW_SAME","submodule","Servers\Libs\NetTopologySuite.Curved\NetTopologySuite\data\NetTopologySuite.TestRunner.Tests\vivid\TestValid2-big.xml"
"NOOP_NEW_SAME","submodule","Servers\Libs\NetTopologySuite.Curved\NetTopologySuite\data\NetTopologySuite.TestRunner.Tests\vivid\TestWithinDistance.xml"
"NOOP_NEW_SAME","submodule","Servers\Libs\NetTopologySuite.Curved\NetTopologySuite\Directory.Build.props"
"NOOP_NEW_SAME","submodule","Servers\Libs\NetTopologySuite.Curved\NetTopologySuite\doc\docfx.json"
"NOOP_NEW_SAME","submodule","Servers\Libs\NetTopologySuite.Curved\NetTopologySuite\doc\images\minClearance.png"
"NOOP_NEW_SAME","submodule","Servers\Libs\NetTopologySuite.Curved\NetTopologySuite\doc\index.md"
"NOOP_NEW_SAME","submodule","Servers\Libs\NetTopologySuite.Curved\NetTopologySuite\doc\overwrite\namespaces\NetTopologySuite.Algorithm.Construct.md"
"NOOP_NEW_SAME","submodule","Servers\Libs\NetTopologySuite.Curved\NetTopologySuite\doc\overwrite\namespaces\NetTopologySuite.Algorithm.Distance.md"
"NOOP_NEW_SAME","submodule","Servers\Libs\NetTopologySuite.Curved\NetTopologySuite\doc\overwrite\namespaces\NetTopologySuite.Algorithm.Locate.md"
"NOOP_NEW_SAME","submodule","Servers\Libs\NetTopologySuite.Curved\NetTopologySuite\doc\overwrite\namespaces\NetTopologySuite.Algorithm.Match.md"
"NOOP_NEW_SAME","submodule","Servers\Libs\NetTopologySuite.Curved\NetTopologySuite\doc\overwrite\namespaces\NetTopologySuite.Algorithm.md"
"NOOP_NEW_SAME","submodule","Servers\Libs\NetTopologySuite.Curved\NetTopologySuite\doc\overwrite\namespaces\NetTopologySuite.Densify.md"
"NOOP_NEW_SAME","submodule","Servers\Libs\NetTopologySuite.Curved\NetTopologySuite\doc\overwrite\namespaces\NetTopologySuite.Geometries.md"
"NOOP_NEW_SAME","submodule","Servers\Libs\NetTopologySuite.Curved\NetTopologySuite\doc\overwrite\namespaces\NetTopologySuite.Geometries.Utilities.md"
"NOOP_NEW_SAME","submodule","Servers\Libs\NetTopologySuite.Curved\NetTopologySuite\doc\overwrite\namespaces\NetTopologySuite.GeometriesGraph.Index.md"
"NOOP_NEW_SAME","submodule","Servers\Libs\NetTopologySuite.Curved\NetTopologySuite\doc\overwrite\namespaces\NetTopologySuite.GeometriesGraph.md"
"NOOP_NEW_SAME","submodule","Servers\Libs\NetTopologySuite.Curved\NetTopologySuite\doc\overwrite\namespaces\NetTopologySuite.Index.Bintree.md"
"NOOP_NEW_SAME","submodule","Servers\Libs\NetTopologySuite.Curved\NetTopologySuite\doc\overwrite\namespaces\NetTopologySuite.Index.Chain.md"
"NOOP_NEW_SAME","submodule","Servers\Libs\NetTopologySuite.Curved\NetTopologySuite\doc\overwrite\namespaces\NetTopologySuite.Index.md"
"NOOP_NEW_SAME","submodule","Servers\Libs\NetTopologySuite.Curved\NetTopologySuite\doc\overwrite\namespaces\NetTopologySuite.Index.Quadtree.md"
"NOOP_NEW_SAME","submodule","Servers\Libs\NetTopologySuite.Curved\NetTopologySuite\doc\overwrite\namespaces\NetTopologySuite.Index.Strtree.md"
"NOOP_NEW_SAME","submodule","Servers\Libs\NetTopologySuite.Curved\NetTopologySuite\doc\overwrite\namespaces\NetTopologySuite.Index.Sweepline.md"
"NOOP_NEW_SAME","submodule","Servers\Libs\NetTopologySuite.Curved\NetTopologySuite\doc\overwrite\namespaces\NetTopologySuite.IO.GML2.md"
"NOOP_NEW_SAME","submodule","Servers\Libs\NetTopologySuite.Curved\NetTopologySuite\doc\overwrite\namespaces\NetTopologySuite.IO.md"
"NOOP_NEW_SAME","submodule","Servers\Libs\NetTopologySuite.Curved\NetTopologySuite\doc\overwrite\namespaces\NetTopologySuite.LinearReferencing.md"
"NOOP_NEW_SAME","submodule","Servers\Libs\NetTopologySuite.Curved\NetTopologySuite\doc\overwrite\namespaces\NetTopologySuite.Noding.md"
"NOOP_NEW_SAME","submodule","Servers\Libs\NetTopologySuite.Curved\NetTopologySuite\doc\overwrite\namespaces\NetTopologySuite.Noding.Snapround.md"
"NOOP_NEW_SAME","submodule","Servers\Libs\NetTopologySuite.Curved\NetTopologySuite\doc\overwrite\namespaces\NetTopologySuite.Operation.Buffer.md"
"NOOP_NEW_SAME","submodule","Servers\Libs\NetTopologySuite.Curved\NetTopologySuite\doc\overwrite\namespaces\NetTopologySuite.Operation.Distance.md"
"NOOP_NEW_SAME","submodule","Servers\Libs\NetTopologySuite.Curved\NetTopologySuite\doc\overwrite\namespaces\NetTopologySuite.Operation.md"
"NOOP_NEW_SAME","submodule","Servers\Libs\NetTopologySuite.Curved\NetTopologySuite\doc\overwrite\namespaces\NetTopologySuite.Operation.Overlay.md"
"NOOP_NEW_SAME","submodule","Servers\Libs\NetTopologySuite.Curved\NetTopologySuite\doc\overwrite\namespaces\NetTopologySuite.Operation.OverlayNG.md"
"NOOP_NEW_SAME","submodule","Servers\Libs\NetTopologySuite.Curved\NetTopologySuite\doc\overwrite\namespaces\NetTopologySuite.Operation.Polygonize.md"
"NOOP_NEW_SAME","submodule","Servers\Libs\NetTopologySuite.Curved\NetTopologySuite\doc\overwrite\namespaces\NetTopologySuite.Operation.Relate.md"
"NOOP_NEW_SAME","submodule","Servers\Libs\NetTopologySuite.Curved\NetTopologySuite\doc\overwrite\namespaces\NetTopologySuite.Operation.Valid.md"
"NOOP_NEW_SAME","submodule","Servers\Libs\NetTopologySuite.Curved\NetTopologySuite\doc\overwrite\namespaces\NetTopologySuite.Planargraph.md"
"NOOP_NEW_SAME","submodule","Servers\Libs\NetTopologySuite.Curved\NetTopologySuite\doc\overwrite\namespaces\NetTopologySuite.Precision.md"
"NOOP_NEW_SAME","submodule","Servers\Libs\NetTopologySuite.Curved\NetTopologySuite\doc\overwrite\namespaces\NetTopologySuite.Simplify.md"
"NOOP_NEW_SAME","submodule","Servers\Libs\NetTopologySuite.Curved\NetTopologySuite\doc\overwrite\namespaces\NetTopologySuite.Triangulate.md"
"NOOP_NEW_SAME","submodule","Servers\Libs\NetTopologySuite.Curved\NetTopologySuite\doc\overwrite\namespaces\NetTopologySuite.Triangulate.QuadEdge.md"
"NOOP_NEW_SAME","submodule","Servers\Libs\NetTopologySuite.Curved\NetTopologySuite\doc\overwrite\namespaces\NetTopologySuite.Utilities.md"
"NOOP_NEW_SAME","submodule","Servers\Libs\NetTopologySuite.Curved\NetTopologySuite\doc\toc.yml"
"NOOP_NEW_SAME","submodule","Servers\Libs\NetTopologySuite.Curved\NetTopologySuite\License.md"
"NOOP_NEW_SAME","submodule","Servers\Libs\NetTopologySuite.Curved\NetTopologySuite\NetTopologySuite.sln"
"NOOP_NEW_SAME","submodule","Servers\Libs\NetTopologySuite.Curved\NetTopologySuite\NetTopologySuite.sln.DotSettings"
"NOOP_NEW_SAME","submodule","Servers\Libs\NetTopologySuite.Curved\NetTopologySuite\nts.snk"
"NOOP_NEW_SAME","submodule","Servers\Libs\NetTopologySuite.Curved\NetTopologySuite\NuGet.config"
"NOOP_NEW_SAME","submodule","Servers\Libs\NetTopologySuite.Curved\NetTopologySuite\PULL_REQUEST_TEMPLATE.md"
"NOOP_NEW_SAME","submodule","Servers\Libs\NetTopologySuite.Curved\NetTopologySuite\README.md"
"NOOP_NEW_SAME","submodule","Servers\Libs\NetTopologySuite.Curved\NetTopologySuite\src\Directory.Build.props"
"NOOP_NEW_SAME","submodule","Servers\Libs\NetTopologySuite.Curved\NetTopologySuite\src\NetTopologySuite.Lab\AssemblyInfo.cs"
"NOOP_NEW_SAME","submodule","Servers\Libs\NetTopologySuite.Curved\NetTopologySuite\src\NetTopologySuite.Lab\Clip\RectangleClipPolygon.cs"
"NOOP_NEW_SAME","submodule","Servers\Libs\NetTopologySuite.Curved\NetTopologySuite\src\NetTopologySuite.Lab\ClipFunctions.cs"
"NOOP_NEW_SAME","submodule","Servers\Libs\NetTopologySuite.Curved\NetTopologySuite\src\NetTopologySuite.Lab\EdgeRay\EdgeRay.cs"
"NOOP_NEW_SAME","submodule","Servers\Libs\NetTopologySuite.Curved\NetTopologySuite\src\NetTopologySuite.Lab\EdgeRay\EdgeRayArea.cs"
"NOOP_NEW_SAME","submodule","Servers\Libs\NetTopologySuite.Curved\NetTopologySuite\src\NetTopologySuite.Lab\EdgeRay\EdgeRayFunctions.cs"
"NOOP_NEW_SAME","submodule","Servers\Libs\NetTopologySuite.Curved\NetTopologySuite\src\NetTopologySuite.Lab\EdgeRay\EdgeRayIntersectionArea.cs"
"NOOP_NEW_SAME","submodule","Servers\Libs\NetTopologySuite.Curved\NetTopologySuite\src\NetTopologySuite.Lab\Geometries\Utilities\GeometryEditorEx.cs"
"NOOP_NEW_SAME","submodule","Servers\Libs\NetTopologySuite.Curved\NetTopologySuite\src\NetTopologySuite.Lab\Hull\ChiShape.cs"
"NOOP_NEW_SAME","submodule","Servers\Libs\NetTopologySuite.Curved\NetTopologySuite\src\NetTopologySuite.Lab\Hull\ConcaveHull.cs"
"NOOP_NEW_SAME","submodule","Servers\Libs\NetTopologySuite.Curved\NetTopologySuite\src\NetTopologySuite.Lab\NetTopologySuite.Lab.csproj"
"NOOP_NEW_SAME","submodule","Servers\Libs\NetTopologySuite.Curved\NetTopologySuite\src\NetTopologySuite.Lab\Operation\Union\DisjointSets.cs"
"NOOP_NEW_SAME","submodule","Servers\Libs\NetTopologySuite.Curved\NetTopologySuite\src\NetTopologySuite.Lab\Operation\Union\PartitionedUnion.cs"
"NOOP_NEW_SAME","submodule","Servers\Libs\NetTopologySuite.Curved\NetTopologySuite\src\NetTopologySuite.Lab\Operation\Union\SparsePolygonUnion.cs"
"NOOP_NEW_SAME","submodule","Servers\Libs\NetTopologySuite.Curved\NetTopologySuite\src\NetTopologySuite.Lab\Operation\Union\SpatialPartition.cs"
"NOOP_NEW_SAME","submodule","Servers\Libs\NetTopologySuite.Curved\NetTopologySuite\src\NetTopologySuite.Lab\OverlayOptFunctions.cs"
"NOOP_NEW_SAME","submodule","Servers\Libs\NetTopologySuite.Curved\NetTopologySuite\src\NetTopologySuite.TestRunner.Console\App.ico"
"NOOP_NEW_SAME","submodule","Servers\Libs\NetTopologySuite.Curved\NetTopologySuite\src\NetTopologySuite.TestRunner.Console\Arguments.cs"
"NOOP_NEW_SAME","submodule","Servers\Libs\NetTopologySuite.Curved\NetTopologySuite\src\NetTopologySuite.TestRunner.Console\ConsoleTest.cs"
"NOOP_NEW_SAME","submodule","Servers\Libs\NetTopologySuite.Curved\NetTopologySuite\src\NetTopologySuite.TestRunner.Console\NetTopologySuite.TestRunner.Console.csproj"
"NOOP_NEW_SAME","submodule","Servers\Libs\NetTopologySuite.Curved\NetTopologySuite\src\NetTopologySuite.TestRunner.Console\TestInfo.cs"
"NOOP_NEW_SAME","submodule","Servers\Libs\NetTopologySuite.Curved\NetTopologySuite\src\NetTopologySuite.TestRunner.Console\TestInfoCollection.cs"
"NOOP_NEW_SAME","submodule","Servers\Libs\NetTopologySuite.Curved\NetTopologySuite\src\NetTopologySuite.TestRunner.Console\TestOptionsParser.cs"
"NOOP_NEW_SAME","submodule","Servers\Libs\NetTopologySuite.Curved\NetTopologySuite\src\NetTopologySuite\Algorithm\Angle.cs"
"NOOP_NEW_SAME","submodule","Servers\Libs\NetTopologySuite.Curved\NetTopologySuite\src\NetTopologySuite\Algorithm\Area.cs"
"NOOP_NEW_SAME","submodule","Servers\Libs\NetTopologySuite.Curved\NetTopologySuite\src\NetTopologySuite\Algorithm\BoundaryNodeRule.cs"
"NOOP_NEW_SAME","submodule","Servers\Libs\NetTopologySuite.Curved\NetTopologySuite\src\NetTopologySuite\Algorithm\Centroid.cs"
"NOOP_NEW_SAME","submodule","Servers\Libs\NetTopologySuite.Curved\NetTopologySuite\src\NetTopologySuite\Algorithm\Construct\LargestEmptyCircle.cs"
"NOOP_NEW_SAME","submodule","Servers\Libs\NetTopologySuite.Curved\NetTopologySuite\src\NetTopologySuite\Algorithm\Construct\MaximumInscribedCircle.cs"
"NOOP_NEW_SAME","submodule","Servers\Libs\NetTopologySuite.Curved\NetTopologySuite\src\NetTopologySuite\Algorithm\ConvexHull.cs"
"NOOP_NEW_SAME","submodule","Servers\Libs\NetTopologySuite.Curved\NetTopologySuite\src\NetTopologySuite\Algorithm\Distance.cs"
"NOOP_NEW_SAME","submodule","Servers\Libs\NetTopologySuite.Curved\NetTopologySuite\src\NetTopologySuite\Algorithm\Distance\DiscreteHausdorffDistance.cs"
"NOOP_NEW_SAME","submodule","Servers\Libs\NetTopologySuite.Curved\NetTopologySuite\src\NetTopologySuite\Algorithm\Distance\DistanceToPoint.cs"
"NOOP_NEW_SAME","submodule","Servers\Libs\NetTopologySuite.Curved\NetTopologySuite\src\NetTopologySuite\Algorithm\Distance\PointPairDistance.cs"
"NOOP_NEW_SAME","submodule","Servers\Libs\NetTopologySuite.Curved\NetTopologySuite\src\NetTopologySuite\Algorithm\InteriorPoint.cs"
"NOOP_NEW_SAME","submodule","Servers\Libs\NetTopologySuite.Curved\NetTopologySuite\src\NetTopologySuite\Algorithm\InteriorPointArea.cs"
"NOOP_NEW_SAME","submodule","Servers\Libs\NetTopologySuite.Curved\NetTopologySuite\src\NetTopologySuite\Algorithm\InteriorPointLine.cs"
"NOOP_NEW_SAME","submodule","Servers\Libs\NetTopologySuite.Curved\NetTopologySuite\src\NetTopologySuite\Algorithm\InteriorPointPoint.cs"
"NOOP_NEW_SAME","submodule","Servers\Libs\NetTopologySuite.Curved\NetTopologySuite\src\NetTopologySuite\Algorithm\IntersectionComputer.cs"
"NOOP_NEW_SAME","submodule","Servers\Libs\NetTopologySuite.Curved\NetTopologySuite\src\NetTopologySuite\Algorithm\IPointInAreaLocator.cs"
"NOOP_NEW_SAME","submodule","Servers\Libs\NetTopologySuite.Curved\NetTopologySuite\src\NetTopologySuite\Algorithm\Length.cs"
"NOOP_NEW_SAME","submodule","Servers\Libs\NetTopologySuite.Curved\NetTopologySuite\src\NetTopologySuite\Algorithm\LineIntersector.cs"
"NOOP_NEW_SAME","submodule","Servers\Libs\NetTopologySuite.Curved\NetTopologySuite\src\NetTopologySuite\Algorithm\Locate\IndexedPointInAreaLocator.cs"
"NOOP_NEW_SAME","submodule","Servers\Libs\NetTopologySuite.Curved\NetTopologySuite\src\NetTopologySuite\Algorithm\Locate\SimplePointInAreaLocator.cs"
"NOOP_NEW_SAME","submodule","Servers\Libs\NetTopologySuite.Curved\NetTopologySuite\src\NetTopologySuite\Algorithm\Match\HausdorffSimilarityMeasure.cs"
"NOOP_NEW_SAME","submodule","Servers\Libs\NetTopologySuite.Curved\NetTopologySuite\src\NetTopologySuite\Algorithm\Match\ISimilarityMeasure.cs"
"NOOP_NEW_SAME","submodule","Servers\Libs\NetTopologySuite.Curved\NetTopologySuite\src\NetTopologySuite\Algorithm\MinimumBoundingCircle.cs"
"NOOP_NEW_SAME","submodule","Servers\Libs\NetTopologySuite.Curved\NetTopologySuite\src\NetTopologySuite\Algorithm\MinimumDiameter.cs"
"NOOP_NEW_SAME","submodule","Servers\Libs\NetTopologySuite.Curved\NetTopologySuite\src\NetTopologySuite\Algorithm\NotRepresentableException.cs"
"NOOP_NEW_SAME","submodule","Servers\Libs\NetTopologySuite.Curved\NetTopologySuite\src\NetTopologySuite\Algorithm\Orientation.cs"
"NOOP_NEW_SAME","submodule","Servers\Libs\NetTopologySuite.Curved\NetTopologySuite\src\NetTopologySuite\Algorithm\OrientationIndex.cs"
"NOOP_NEW_SAME","submodule","Servers\Libs\NetTopologySuite.Curved\NetTopologySuite\src\NetTopologySuite\Algorithm\PointLocation.cs"
"NOOP_NEW_SAME","submodule","Servers\Libs\NetTopologySuite.Curved\NetTopologySuite\src\NetTopologySuite\Algorithm\PointLocator.cs"
"NOOP_NEW_SAME","submodule","Servers\Libs\NetTopologySuite.Curved\NetTopologySuite\src\NetTopologySuite\Algorithm\RayCrossingCounter.cs"
"NOOP_NEW_SAME","submodule","Servers\Libs\NetTopologySuite.Curved\NetTopologySuite\src\NetTopologySuite\Algorithm\RectangleLineIntersector.cs"
"NOOP_NEW_SAME","submodule","Servers\Libs\NetTopologySuite.Curved\NetTopologySuite\src\NetTopologySuite\Algorithm\RobustDeterminant.cs"
"NOOP_NEW_SAME","submodule","Servers\Libs\NetTopologySuite.Curved\NetTopologySuite\src\NetTopologySuite\Algorithm\RobustLineIntersector.cs"
"NOOP_NEW_SAME","submodule","Servers\Libs\NetTopologySuite.Curved\NetTopologySuite\src\NetTopologySuite\ApiCompatExcludeAttributes.txt"
"NOOP_NEW_SAME","submodule","Servers\Libs\NetTopologySuite.Curved\NetTopologySuite\src\NetTopologySuite\AssemblyInfo.cs"
"NOOP_NEW_SAME","submodule","Servers\Libs\NetTopologySuite.Curved\NetTopologySuite\src\NetTopologySuite\Consts.cs"
"NOOP_NEW_SAME","submodule","Servers\Libs\NetTopologySuite.Curved\NetTopologySuite\src\NetTopologySuite\Densify\Densifier.cs"
"NOOP_NEW_SAME","submodule","Servers\Libs\NetTopologySuite.Curved\NetTopologySuite\src\NetTopologySuite\Dissolve\DissolveEdgeGraph.cs"
"NOOP_NEW_SAME","submodule","Servers\Libs\NetTopologySuite.Curved\NetTopologySuite\src\NetTopologySuite\Dissolve\DissolveHalfEdge.cs"
"NOOP_NEW_SAME","submodule","Servers\Libs\NetTopologySuite.Curved\NetTopologySuite\src\NetTopologySuite\Dissolve\LineDissolver.cs"
"NOOP_NEW_SAME","submodule","Servers\Libs\NetTopologySuite.Curved\NetTopologySuite\src\NetTopologySuite\EdgeGraph\EdgeGraphBuilder.cs"
"NOOP_NEW_SAME","submodule","Servers\Libs\NetTopologySuite.Curved\NetTopologySuite\src\NetTopologySuite\EdgeGraph\HalfEdge.cs"
"NOOP_NEW_SAME","submodule","Servers\Libs\NetTopologySuite.Curved\NetTopologySuite\src\NetTopologySuite\EdgeGraph\MarkHalfEdge.cs"
"NOOP_NEW_SAME","submodule","Servers\Libs\NetTopologySuite.Curved\NetTopologySuite\src\NetTopologySuite\Geometries\Coordinate.cs"
"NOOP_NEW_SAME","submodule","Servers\Libs\NetTopologySuite.Curved\NetTopologySuite\src\NetTopologySuite\Geometries\CoordinateArrays.cs"
"NOOP_NEW_SAME","submodule","Servers\Libs\NetTopologySuite.Curved\NetTopologySuite\src\NetTopologySuite\Geometries\CoordinateEqualityComparer.cs"
"NOOP_NEW_SAME","submodule","Servers\Libs\NetTopologySuite.Curved\NetTopologySuite\src\NetTopologySuite\Geometries\CoordinateList.cs"
"NOOP_NEW_SAME","submodule","Servers\Libs\NetTopologySuite.Curved\NetTopologySuite\src\NetTopologySuite\Geometries\CoordinateM.cs"
"NOOP_NEW_SAME","submodule","Servers\Libs\NetTopologySuite.Curved\NetTopologySuite\src\NetTopologySuite\Geometries\Coordinates.cs"
"NOOP_NEW_SAME","submodule","Servers\Libs\NetTopologySuite.Curved\NetTopologySuite\src\NetTopologySuite\Geometries\CoordinateSequenceComparator.cs"
"NOOP_NEW_SAME","submodule","Servers\Libs\NetTopologySuite.Curved\NetTopologySuite\src\NetTopologySuite\Geometries\CoordinateSequenceFactory.cs"
"NOOP_NEW_SAME","submodule","Servers\Libs\NetTopologySuite.Curved\NetTopologySuite\src\NetTopologySuite\Geometries\CoordinateSequences.cs"
"NOOP_NEW_SAME","submodule","Servers\Libs\NetTopologySuite.Curved\NetTopologySuite\src\NetTopologySuite\Geometries\CoordinateZ.cs"
"NOOP_NEW_SAME","submodule","Servers\Libs\NetTopologySuite.Curved\NetTopologySuite\src\NetTopologySuite\Geometries\CoordinateZM.cs"
"NOOP_NEW_SAME","submodule","Servers\Libs\NetTopologySuite.Curved\NetTopologySuite\src\NetTopologySuite\Geometries\Envelope.cs"
"NOOP_NEW_SAME","submodule","Servers\Libs\NetTopologySuite.Curved\NetTopologySuite\src\NetTopologySuite\Geometries\ExtraDimensionalCoordinate.cs"
"NOOP_NEW_SAME","submodule","Servers\Libs\NetTopologySuite.Curved\NetTopologySuite\src\NetTopologySuite\Geometries\Geometry.cs"
"NOOP_NEW_SAME","submodule","Servers\Libs\NetTopologySuite.Curved\NetTopologySuite\src\NetTopologySuite\Geometries\GeometryCollection.cs"
"NOOP_NEW_SAME","submodule","Servers\Libs\NetTopologySuite.Curved\NetTopologySuite\src\NetTopologySuite\Geometries\GeometryCollectionEnumerator.cs"
"NOOP_NEW_SAME","submodule","Servers\Libs\NetTopologySuite.Curved\NetTopologySuite\src\NetTopologySuite\Geometries\GeometryComponentFilter.cs"
"NOOP_NEW_SAME","submodule","Servers\Libs\NetTopologySuite.Curved\NetTopologySuite\src\NetTopologySuite\Geometries\GeometryFactory.cs"
"NOOP_NEW_SAME","submodule","Servers\Libs\NetTopologySuite.Curved\NetTopologySuite\src\NetTopologySuite\Geometries\GeometryFactoryEx.cs"
"NOOP_NEW_SAME","submodule","Servers\Libs\NetTopologySuite.Curved\NetTopologySuite\src\NetTopologySuite\Geometries\GeometryOverlay.cs"
"NOOP_NEW_SAME","submodule","Servers\Libs\NetTopologySuite.Curved\NetTopologySuite\src\NetTopologySuite\Geometries\IBoundable.cs"
"NOOP_NEW_SAME","submodule","Servers\Libs\NetTopologySuite.Curved\NetTopologySuite\src\NetTopologySuite\Geometries\ICoordinateFilter.cs"
"NOOP_NEW_SAME","submodule","Servers\Libs\NetTopologySuite.Curved\NetTopologySuite\src\NetTopologySuite\Geometries\ICoordinateSequenceFilter.cs"
"NOOP_NEW_SAME","submodule","Servers\Libs\NetTopologySuite.Curved\NetTopologySuite\src\NetTopologySuite\Geometries\IEntireCoordinateSequenceFilter.cs"
"NOOP_NEW_SAME","submodule","Servers\Libs\NetTopologySuite.Curved\NetTopologySuite\src\NetTopologySuite\Geometries\IExpandable.cs"
"NOOP_NEW_SAME","submodule","Servers\Libs\NetTopologySuite.Curved\NetTopologySuite\src\NetTopologySuite\Geometries\IGeometryComponentFilter.cs"
"NOOP_NEW_SAME","submodule","Servers\Libs\NetTopologySuite.Curved\NetTopologySuite\src\NetTopologySuite\Geometries\IGeometryFilter.cs"
"NOOP_NEW_SAME","submodule","Servers\Libs\NetTopologySuite.Curved\NetTopologySuite\src\NetTopologySuite\Geometries\IIntersectable.cs"
"NOOP_NEW_SAME","submodule","Servers\Libs\NetTopologySuite.Curved\NetTopologySuite\src\NetTopologySuite\Geometries\ILineal.cs"
"NOOP_NEW_SAME","submodule","Servers\Libs\NetTopologySuite.Curved\NetTopologySuite\src\NetTopologySuite\Geometries\Implementation\CoordinateArraySequence.cs"
"NOOP_NEW_SAME","submodule","Servers\Libs\NetTopologySuite.Curved\NetTopologySuite\src\NetTopologySuite\Geometries\Implementation\CoordinateArraySequenceFactory.cs"
"NOOP_NEW_SAME","submodule","Servers\Libs\NetTopologySuite.Curved\NetTopologySuite\src\NetTopologySuite\Geometries\Implementation\DotSpatialAffineCoordinateSequence.cs"
"NOOP_NEW_SAME","submodule","Servers\Libs\NetTopologySuite.Curved\NetTopologySuite\src\NetTopologySuite\Geometries\Implementation\DotSpatialAffineCoordinateSequenceFactory.cs"
"NOOP_NEW_SAME","submodule","Servers\Libs\NetTopologySuite.Curved\NetTopologySuite\src\NetTopologySuite\Geometries\Implementation\PackedCoordinateSequence.cs"
"NOOP_NEW_SAME","submodule","Servers\Libs\NetTopologySuite.Curved\NetTopologySuite\src\NetTopologySuite\Geometries\Implementation\PackedCoordinateSequenceFactory.cs"
"NOOP_NEW_SAME","submodule","Servers\Libs\NetTopologySuite.Curved\NetTopologySuite\src\NetTopologySuite\Geometries\Implementation\RawCoordinateSequence.cs"
"NOOP_NEW_SAME","submodule","Servers\Libs\NetTopologySuite.Curved\NetTopologySuite\src\NetTopologySuite\Geometries\Implementation\RawCoordinateSequenceFactory.cs"
"NOOP_NEW_SAME","submodule","Servers\Libs\NetTopologySuite.Curved\NetTopologySuite\src\NetTopologySuite\Geometries\IntersectionMatrix.cs"
"NOOP_NEW_SAME","submodule","Servers\Libs\NetTopologySuite.Curved\NetTopologySuite\src\NetTopologySuite\Geometries\IPolygonal.cs"
"NOOP_NEW_SAME","submodule","Servers\Libs\NetTopologySuite.Curved\NetTopologySuite\src\NetTopologySuite\Geometries\IPuntal.cs"
"NOOP_NEW_SAME","submodule","Servers\Libs\NetTopologySuite.Curved\NetTopologySuite\src\NetTopologySuite\Geometries\LinearRing.cs"
"NOOP_NEW_SAME","submodule","Servers\Libs\NetTopologySuite.Curved\NetTopologySuite\src\NetTopologySuite\Geometries\LinearRingOrientation.cs"
"NOOP_NEW_SAME","submodule","Servers\Libs\NetTopologySuite.Curved\NetTopologySuite\src\NetTopologySuite\Geometries\LineSegment.cs"
"NOOP_NEW_SAME","submodule","Servers\Libs\NetTopologySuite.Curved\NetTopologySuite\src\NetTopologySuite\Geometries\LineString.cs"
"NOOP_NEW_SAME","submodule","Servers\Libs\NetTopologySuite.Curved\NetTopologySuite\src\NetTopologySuite\Geometries\Location.cs"
"NOOP_NEW_SAME","submodule","Servers\Libs\NetTopologySuite.Curved\NetTopologySuite\src\NetTopologySuite\Geometries\MultiPolygon.cs"
"NOOP_NEW_SAME","submodule","Servers\Libs\NetTopologySuite.Curved\NetTopologySuite\src\NetTopologySuite\Geometries\OctogonalEnvelope.cs"
"NOOP_NEW_SAME","submodule","Servers\Libs\NetTopologySuite.Curved\NetTopologySuite\src\NetTopologySuite\Geometries\OgcCompliantGeometryFactory.cs"
"NOOP_NEW_SAME","submodule","Servers\Libs\NetTopologySuite.Curved\NetTopologySuite\src\NetTopologySuite\Geometries\OgcGeometryType.cs"
"NOOP_NEW_SAME","submodule","Servers\Libs\NetTopologySuite.Curved\NetTopologySuite\src\NetTopologySuite\Geometries\Ordinate.cs"
"NOOP_NEW_SAME","submodule","Servers\Libs\NetTopologySuite.Curved\NetTopologySuite\src\NetTopologySuite\Geometries\Ordinates.cs"
"NOOP_NEW_SAME","submodule","Servers\Libs\NetTopologySuite.Curved\NetTopologySuite\src\NetTopologySuite\Geometries\OrdinatesUtility.cs"
"NOOP_NEW_SAME","submodule","Servers\Libs\NetTopologySuite.Curved\NetTopologySuite\src\NetTopologySuite\Geometries\Point.cs"
"NOOP_NEW_SAME","submodule","Servers\Libs\NetTopologySuite.Curved\NetTopologySuite\src\NetTopologySuite\Geometries\Polygon.cs"
"NOOP_NEW_SAME","submodule","Servers\Libs\NetTopologySuite.Curved\NetTopologySuite\src\NetTopologySuite\Geometries\Position.cs"
"NOOP_NEW_SAME","submodule","Servers\Libs\NetTopologySuite.Curved\NetTopologySuite\src\NetTopologySuite\Geometries\PrecisionModel.cs"
"NOOP_NEW_SAME","submodule","Servers\Libs\NetTopologySuite.Curved\NetTopologySuite\src\NetTopologySuite\Geometries\PrecisionModels.cs"
"NOOP_NEW_SAME","submodule","Servers\Libs\NetTopologySuite.Curved\NetTopologySuite\src\NetTopologySuite\Geometries\Prepared\AbstractPreparedPolygonContains.cs"
"NOOP_NEW_SAME","submodule","Servers\Libs\NetTopologySuite.Curved\NetTopologySuite\src\NetTopologySuite\Geometries\Prepared\BasicPreparedGeometry.cs"
"NOOP_NEW_SAME","submodule","Servers\Libs\NetTopologySuite.Curved\NetTopologySuite\src\NetTopologySuite\Geometries\Prepared\IPreparedGeometry.cs"
"NOOP_NEW_SAME","submodule","Servers\Libs\NetTopologySuite.Curved\NetTopologySuite\src\NetTopologySuite\Geometries\Prepared\PreparedGeometryFactory.cs"
"NOOP_NEW_SAME","submodule","Servers\Libs\NetTopologySuite.Curved\NetTopologySuite\src\NetTopologySuite\Geometries\Prepared\PreparedLineString.cs"
"NOOP_NEW_SAME","submodule","Servers\Libs\NetTopologySuite.Curved\NetTopologySuite\src\NetTopologySuite\Geometries\Prepared\PreparedLineStringIntersects.cs"
"NOOP_NEW_SAME","submodule","Servers\Libs\NetTopologySuite.Curved\NetTopologySuite\src\NetTopologySuite\Geometries\Prepared\PreparedPoint.cs"
"NOOP_NEW_SAME","submodule","Servers\Libs\NetTopologySuite.Curved\NetTopologySuite\src\NetTopologySuite\Geometries\Prepared\PreparedPolygonContainsProperly.cs"
"NOOP_NEW_SAME","submodule","Servers\Libs\NetTopologySuite.Curved\NetTopologySuite\src\NetTopologySuite\Geometries\Prepared\PreparedPolygonPredicate.cs"
"NOOP_NEW_SAME","submodule","Servers\Libs\NetTopologySuite.Curved\NetTopologySuite\src\NetTopologySuite\Geometries\Quadrant.cs"
"NOOP_NEW_SAME","submodule","Servers\Libs\NetTopologySuite.Curved\NetTopologySuite\src\NetTopologySuite\Geometries\TopologyException.cs"
"NOOP_NEW_SAME","submodule","Servers\Libs\NetTopologySuite.Curved\NetTopologySuite\src\NetTopologySuite\Geometries\Triangle.cs"
"NOOP_NEW_SAME","submodule","Servers\Libs\NetTopologySuite.Curved\NetTopologySuite\src\NetTopologySuite\Geometries\Utilities\AffineTransformation.cs"
"NOOP_NEW_SAME","submodule","Servers\Libs\NetTopologySuite.Curved\NetTopologySuite\src\NetTopologySuite\Geometries\Utilities\AffineTransformationBuilder.cs"
"NOOP_NEW_SAME","submodule","Servers\Libs\NetTopologySuite.Curved\NetTopologySuite\src\NetTopologySuite\Geometries\Utilities\AffineTransformationFactory.cs"
"NOOP_NEW_SAME","submodule","Servers\Libs\NetTopologySuite.Curved\NetTopologySuite\src\NetTopologySuite\Geometries\Utilities\GeometryCombiner.cs"
"NOOP_NEW_SAME","submodule","Servers\Libs\NetTopologySuite.Curved\NetTopologySuite\src\NetTopologySuite\Geometries\Utilities\GeometryEditor.cs"
"NOOP_NEW_SAME","submodule","Servers\Libs\NetTopologySuite.Curved\NetTopologySuite\src\NetTopologySuite\Geometries\Utilities\GeometryExtracter.cs"
"NOOP_NEW_SAME","submodule","Servers\Libs\NetTopologySuite.Curved\NetTopologySuite\src\NetTopologySuite\Geometries\Utilities\GeometryTransformer.cs"
"NOOP_NEW_SAME","submodule","Servers\Libs\NetTopologySuite.Curved\NetTopologySuite\src\NetTopologySuite\Geometries\Utilities\LinearComponentExtracter.cs"
"NOOP_NEW_SAME","submodule","Servers\Libs\NetTopologySuite.Curved\NetTopologySuite\src\NetTopologySuite\Geometries\Utilities\SineStarFactory.cs"
"NOOP_NEW_SAME","submodule","Servers\Libs\NetTopologySuite.Curved\NetTopologySuite\src\NetTopologySuite\GeometriesGraph\Depth.cs"
"NOOP_NEW_SAME","submodule","Servers\Libs\NetTopologySuite.Curved\NetTopologySuite\src\NetTopologySuite\GeometriesGraph\DirectedEdge.cs"
"NOOP_NEW_SAME","submodule","Servers\Libs\NetTopologySuite.Curved\NetTopologySuite\src\NetTopologySuite\GeometriesGraph\DirectedEdgeStar.cs"
"NOOP_NEW_SAME","submodule","Servers\Libs\NetTopologySuite.Curved\NetTopologySuite\src\NetTopologySuite\GeometriesGraph\Edge.cs"
"NOOP_NEW_SAME","submodule","Servers\Libs\NetTopologySuite.Curved\NetTopologySuite\src\NetTopologySuite\GeometriesGraph\EdgeEnd.cs"
"NOOP_NEW_SAME","submodule","Servers\Libs\NetTopologySuite.Curved\NetTopologySuite\src\NetTopologySuite\GeometriesGraph\EdgeEndStar.cs"
"NOOP_NEW_SAME","submodule","Servers\Libs\NetTopologySuite.Curved\NetTopologySuite\src\NetTopologySuite\GeometriesGraph\EdgeIntersection.cs"
"NOOP_NEW_SAME","submodule","Servers\Libs\NetTopologySuite.Curved\NetTopologySuite\src\NetTopologySuite\GeometriesGraph\EdgeIntersectionList.cs"
"NOOP_NEW_SAME","submodule","Servers\Libs\NetTopologySuite.Curved\NetTopologySuite\src\NetTopologySuite\GeometriesGraph\EdgeNodingValidator.cs"
"NOOP_NEW_SAME","submodule","Servers\Libs\NetTopologySuite.Curved\NetTopologySuite\src\NetTopologySuite\GeometriesGraph\EdgeRing.cs"
"NOOP_NEW_SAME","submodule","Servers\Libs\NetTopologySuite.Curved\NetTopologySuite\src\NetTopologySuite\GeometriesGraph\GeometryGraph.cs"
"NOOP_NEW_SAME","submodule","Servers\Libs\NetTopologySuite.Curved\NetTopologySuite\src\NetTopologySuite\GeometriesGraph\GraphComponent.cs"
"NOOP_NEW_SAME","submodule","Servers\Libs\NetTopologySuite.Curved\NetTopologySuite\src\NetTopologySuite\GeometriesGraph\Index\EdgeSetIntersector.cs"
"NOOP_NEW_SAME","submodule","Servers\Libs\NetTopologySuite.Curved\NetTopologySuite\src\NetTopologySuite\GeometriesGraph\Index\MonotoneChain.cs"
"NOOP_NEW_SAME","submodule","Servers\Libs\NetTopologySuite.Curved\NetTopologySuite\src\NetTopologySuite\GeometriesGraph\Index\MonotoneChainEdge.cs"
"NOOP_NEW_SAME","submodule","Servers\Libs\NetTopologySuite.Curved\NetTopologySuite\src\NetTopologySuite\GeometriesGraph\Index\MonotoneChainIndexer.cs"
"NOOP_NEW_SAME","submodule","Servers\Libs\NetTopologySuite.Curved\NetTopologySuite\src\NetTopologySuite\GeometriesGraph\Index\SegmentIntersector.cs"
"NOOP_NEW_SAME","submodule","Servers\Libs\NetTopologySuite.Curved\NetTopologySuite\src\NetTopologySuite\GeometriesGraph\Index\SimpleEdgeSetIntersector.cs"
"NOOP_NEW_SAME","submodule","Servers\Libs\NetTopologySuite.Curved\NetTopologySuite\src\NetTopologySuite\GeometriesGraph\Index\SimpleMCSweepLineIntersector.cs"
"NOOP_NEW_SAME","submodule","Servers\Libs\NetTopologySuite.Curved\NetTopologySuite\src\NetTopologySuite\GeometriesGraph\Index\SimpleSweepLineIntersector.cs"
"NOOP_NEW_SAME","submodule","Servers\Libs\NetTopologySuite.Curved\NetTopologySuite\src\NetTopologySuite\GeometriesGraph\Index\SweepLineEvent.cs"
"NOOP_NEW_SAME","submodule","Servers\Libs\NetTopologySuite.Curved\NetTopologySuite\src\NetTopologySuite\GeometriesGraph\Index\SweepLineSegment.cs"
"NOOP_NEW_SAME","submodule","Servers\Libs\NetTopologySuite.Curved\NetTopologySuite\src\NetTopologySuite\GeometriesGraph\Node.cs"
"NOOP_NEW_SAME","submodule","Servers\Libs\NetTopologySuite.Curved\NetTopologySuite\src\NetTopologySuite\GeometriesGraph\NodeFactory.cs"
"NOOP_NEW_SAME","submodule","Servers\Libs\NetTopologySuite.Curved\NetTopologySuite\src\NetTopologySuite\GeometriesGraph\NodeMap.cs"
"NOOP_NEW_SAME","submodule","Servers\Libs\NetTopologySuite.Curved\NetTopologySuite\src\NetTopologySuite\GeometriesGraph\PlanarGraph.cs"
"NOOP_NEW_SAME","submodule","Servers\Libs\NetTopologySuite.Curved\NetTopologySuite\src\NetTopologySuite\GeometriesGraph\Position.cs"
"NOOP_NEW_SAME","submodule","Servers\Libs\NetTopologySuite.Curved\NetTopologySuite\src\NetTopologySuite\GeometriesGraph\QuadrantOp.cs"
"NOOP_NEW_SAME","submodule","Servers\Libs\NetTopologySuite.Curved\NetTopologySuite\src\NetTopologySuite\GeometriesGraph\TopologyLocation.cs"
"NOOP_NEW_SAME","submodule","Servers\Libs\NetTopologySuite.Curved\NetTopologySuite\src\NetTopologySuite\Index\ArrayListVisitor.cs"
"NOOP_NEW_SAME","submodule","Servers\Libs\NetTopologySuite.Curved\NetTopologySuite\src\NetTopologySuite\Index\Bintree\Bintree.cs"
"NOOP_NEW_SAME","submodule","Servers\Libs\NetTopologySuite.Curved\NetTopologySuite\src\NetTopologySuite\Index\Bintree\Key.cs"
"NOOP_NEW_SAME","submodule","Servers\Libs\NetTopologySuite.Curved\NetTopologySuite\src\NetTopologySuite\Index\Bintree\Node.cs"
"NOOP_NEW_SAME","submodule","Servers\Libs\NetTopologySuite.Curved\NetTopologySuite\src\NetTopologySuite\Index\Bintree\NodeBase.cs"
"NOOP_NEW_SAME","submodule","Servers\Libs\NetTopologySuite.Curved\NetTopologySuite\src\NetTopologySuite\Index\Bintree\Root.cs"
"NOOP_NEW_SAME","submodule","Servers\Libs\NetTopologySuite.Curved\NetTopologySuite\src\NetTopologySuite\Index\Chain\MonotoneChain.cs"
"NOOP_NEW_SAME","submodule","Servers\Libs\NetTopologySuite.Curved\NetTopologySuite\src\NetTopologySuite\Index\Chain\MonotoneChainBuilder.cs"
"NOOP_NEW_SAME","submodule","Servers\Libs\NetTopologySuite.Curved\NetTopologySuite\src\NetTopologySuite\Index\HPRtree\HilbertEncoder.cs"
"NOOP_NEW_SAME","submodule","Servers\Libs\NetTopologySuite.Curved\NetTopologySuite\src\NetTopologySuite\Index\HPRtree\HPRtree.cs"
"NOOP_NEW_SAME","submodule","Servers\Libs\NetTopologySuite.Curved\NetTopologySuite\src\NetTopologySuite\Index\HPRtree\Item.cs"
"NOOP_NEW_SAME","submodule","Servers\Libs\NetTopologySuite.Curved\NetTopologySuite\src\NetTopologySuite\Index\IIndexVisitor.cs"
"NOOP_NEW_SAME","submodule","Servers\Libs\NetTopologySuite.Curved\NetTopologySuite\src\NetTopologySuite\Index\IItemVisitor.cs"
"NOOP_NEW_SAME","submodule","Servers\Libs\NetTopologySuite.Curved\NetTopologySuite\src\NetTopologySuite\Index\IntervalRTree\IntervalRTreeLeafNode.cs"
"NOOP_NEW_SAME","submodule","Servers\Libs\NetTopologySuite.Curved\NetTopologySuite\src\NetTopologySuite\Index\IntervalRTree\SortedPackedIntervalRTree.cs"
"NOOP_NEW_SAME","submodule","Servers\Libs\NetTopologySuite.Curved\NetTopologySuite\src\NetTopologySuite\Index\ISpatialIndex.cs"
"NOOP_NEW_SAME","submodule","Servers\Libs\NetTopologySuite.Curved\NetTopologySuite\src\NetTopologySuite\Index\KdTree\KdTree.cs"
"NOOP_NEW_SAME","submodule","Servers\Libs\NetTopologySuite.Curved\NetTopologySuite\src\NetTopologySuite\Index\Quadtree\DoubleBits.cs"
"NOOP_NEW_SAME","submodule","Servers\Libs\NetTopologySuite.Curved\NetTopologySuite\src\NetTopologySuite\Index\Quadtree\Node.cs"
"NOOP_NEW_SAME","submodule","Servers\Libs\NetTopologySuite.Curved\NetTopologySuite\src\NetTopologySuite\Index\Quadtree\NodeBase.cs"
"NOOP_NEW_SAME","submodule","Servers\Libs\NetTopologySuite.Curved\NetTopologySuite\src\NetTopologySuite\Index\Quadtree\Quadtree.cs"
"NOOP_NEW_SAME","submodule","Servers\Libs\NetTopologySuite.Curved\NetTopologySuite\src\NetTopologySuite\Index\Strtree\AbstractSTRtree.cs"
"NOOP_NEW_SAME","submodule","Servers\Libs\NetTopologySuite.Curved\NetTopologySuite\src\NetTopologySuite\Index\Strtree\BoundablePair.cs"
"NOOP_NEW_SAME","submodule","Servers\Libs\NetTopologySuite.Curved\NetTopologySuite\src\NetTopologySuite\Index\Strtree\EnvelopeDistance.cs"
"NOOP_NEW_SAME","submodule","Servers\Libs\NetTopologySuite.Curved\NetTopologySuite\src\NetTopologySuite\Index\Strtree\SIRtree.cs"
"NOOP_NEW_SAME","submodule","Servers\Libs\NetTopologySuite.Curved\NetTopologySuite\src\NetTopologySuite\Index\Strtree\STRtree.cs"
"NOOP_NEW_SAME","submodule","Servers\Libs\NetTopologySuite.Curved\NetTopologySuite\src\NetTopologySuite\Index\Sweepline\ISweepLineOverlapAction.cs"
"NOOP_NEW_SAME","submodule","Servers\Libs\NetTopologySuite.Curved\NetTopologySuite\src\NetTopologySuite\Index\Sweepline\SweepLineEvent.cs"
"NOOP_NEW_SAME","submodule","Servers\Libs\NetTopologySuite.Curved\NetTopologySuite\src\NetTopologySuite\Index\Sweepline\SweepLineIndex.cs"
"NOOP_NEW_SAME","submodule","Servers\Libs\NetTopologySuite.Curved\NetTopologySuite\src\NetTopologySuite\Index\Sweepline\SweepLineInterval.cs"
"NOOP_NEW_SAME","submodule","Servers\Libs\NetTopologySuite.Curved\NetTopologySuite\src\NetTopologySuite\IO\BEBinaryWriter.cs"
"NOOP_NEW_SAME","submodule","Servers\Libs\NetTopologySuite.Curved\NetTopologySuite\src\NetTopologySuite\IO\BiEndianBinaryReader.cs"
"NOOP_NEW_SAME","submodule","Servers\Libs\NetTopologySuite.Curved\NetTopologySuite\src\NetTopologySuite\IO\ByteOrder.cs"
"NOOP_NEW_SAME","submodule","Servers\Libs\NetTopologySuite.Curved\NetTopologySuite\src\NetTopologySuite\IO\GML2\GMLElements.cs"
"NOOP_NEW_SAME","submodule","Servers\Libs\NetTopologySuite.Curved\NetTopologySuite\src\NetTopologySuite\IO\GML2\GMLReader.cs"
"NOOP_NEW_SAME","submodule","Servers\Libs\NetTopologySuite.Curved\NetTopologySuite\src\NetTopologySuite\IO\GML2\GMLVersion.cs"
"NOOP_NEW_SAME","submodule","Servers\Libs\NetTopologySuite.Curved\NetTopologySuite\src\NetTopologySuite\IO\GML3\GML3Writer.cs"
"NOOP_NEW_SAME","submodule","Servers\Libs\NetTopologySuite.Curved\NetTopologySuite\src\NetTopologySuite\IO\KML\KMLReader.cs"
"NOOP_NEW_SAME","submodule","Servers\Libs\NetTopologySuite.Curved\NetTopologySuite\src\NetTopologySuite\IO\KML\KMLWriter.cs"
"NOOP_NEW_SAME","submodule","Servers\Libs\NetTopologySuite.Curved\NetTopologySuite\src\NetTopologySuite\IO\OrdinateFormat.cs"
"NOOP_NEW_SAME","submodule","Servers\Libs\NetTopologySuite.Curved\NetTopologySuite\src\NetTopologySuite\IO\ParseException.cs"
"NOOP_NEW_SAME","submodule","Servers\Libs\NetTopologySuite.Curved\NetTopologySuite\src\NetTopologySuite\IO\WKBGeometryTypes.cs"
"NOOP_NEW_SAME","submodule","Servers\Libs\NetTopologySuite.Curved\NetTopologySuite\src\NetTopologySuite\IO\WKBHexFileReader.cs"
"NOOP_NEW_SAME","submodule","Servers\Libs\NetTopologySuite.Curved\NetTopologySuite\src\NetTopologySuite\IO\WKBReader.cs"
"NOOP_NEW_SAME","submodule","Servers\Libs\NetTopologySuite.Curved\NetTopologySuite\src\NetTopologySuite\IO\WKBWriter.cs"
"NOOP_NEW_SAME","submodule","Servers\Libs\NetTopologySuite.Curved\NetTopologySuite\src\NetTopologySuite\IO\WKTConstants.cs"
"NOOP_NEW_SAME","submodule","Servers\Libs\NetTopologySuite.Curved\NetTopologySuite\src\NetTopologySuite\IO\WKTFileReader.cs"
"NOOP_NEW_SAME","submodule","Servers\Libs\NetTopologySuite.Curved\NetTopologySuite\src\NetTopologySuite\IO\WKTReader.cs"
"NOOP_NEW_SAME","submodule","Servers\Libs\NetTopologySuite.Curved\NetTopologySuite\src\NetTopologySuite\IO\WKTWriter.cs"
"NOOP_NEW_SAME","submodule","Servers\Libs\NetTopologySuite.Curved\NetTopologySuite\src\NetTopologySuite\LinearReferencing\ExtractLineByLocation.cs"
"NOOP_NEW_SAME","submodule","Servers\Libs\NetTopologySuite.Curved\NetTopologySuite\src\NetTopologySuite\LinearReferencing\LengthIndexedLine.cs"
"NOOP_NEW_SAME","submodule","Servers\Libs\NetTopologySuite.Curved\NetTopologySuite\src\NetTopologySuite\LinearReferencing\LengthIndexOfPoint.cs"
"NOOP_NEW_SAME","submodule","Servers\Libs\NetTopologySuite.Curved\NetTopologySuite\src\NetTopologySuite\LinearReferencing\LengthLocationMap.cs"
"NOOP_NEW_SAME","submodule","Servers\Libs\NetTopologySuite.Curved\NetTopologySuite\src\NetTopologySuite\LinearReferencing\LinearGeometryBuilder.cs"
"NOOP_NEW_SAME","submodule","Servers\Libs\NetTopologySuite.Curved\NetTopologySuite\src\NetTopologySuite\LinearReferencing\LinearIterator.cs"
"NOOP_NEW_SAME","submodule","Servers\Libs\NetTopologySuite.Curved\NetTopologySuite\src\NetTopologySuite\LinearReferencing\LinearLocation.cs"
"NOOP_NEW_SAME","submodule","Servers\Libs\NetTopologySuite.Curved\NetTopologySuite\src\NetTopologySuite\LinearReferencing\LocationIndexedLine.cs"
"NOOP_NEW_SAME","submodule","Servers\Libs\NetTopologySuite.Curved\NetTopologySuite\src\NetTopologySuite\LinearReferencing\LocationIndexOfLine.cs"
"NOOP_NEW_SAME","submodule","Servers\Libs\NetTopologySuite.Curved\NetTopologySuite\src\NetTopologySuite\LinearReferencing\LocationIndexOfPoint.cs"
"NOOP_NEW_SAME","submodule","Servers\Libs\NetTopologySuite.Curved\NetTopologySuite\src\NetTopologySuite\Mathematics\DD.cs"
"NOOP_NEW_SAME","submodule","Servers\Libs\NetTopologySuite.Curved\NetTopologySuite\src\NetTopologySuite\Mathematics\MathUtil.cs"
"NOOP_NEW_SAME","submodule","Servers\Libs\NetTopologySuite.Curved\NetTopologySuite\src\NetTopologySuite\Mathematics\Matrix.cs"
"NOOP_NEW_SAME","submodule","Servers\Libs\NetTopologySuite.Curved\NetTopologySuite\src\NetTopologySuite\Mathematics\Plane3D.cs"
"NOOP_NEW_SAME","submodule","Servers\Libs\NetTopologySuite.Curved\NetTopologySuite\src\NetTopologySuite\Mathematics\Vector2D.cs"
"NOOP_NEW_SAME","submodule","Servers\Libs\NetTopologySuite.Curved\NetTopologySuite\src\NetTopologySuite\Mathematics\Vector3D.cs"
"NOOP_NEW_SAME","submodule","Servers\Libs\NetTopologySuite.Curved\NetTopologySuite\src\NetTopologySuite\Mathematics\VectorMath.cs"
"NOOP_NEW_SAME","submodule","Servers\Libs\NetTopologySuite.Curved\NetTopologySuite\src\NetTopologySuite\NetTopologySuite.csproj"
"NOOP_NEW_SAME","submodule","Servers\Libs\NetTopologySuite.Curved\NetTopologySuite\src\NetTopologySuite\Noding\BasicSegmentString.cs"
"NOOP_NEW_SAME","submodule","Servers\Libs\NetTopologySuite.Curved\NetTopologySuite\src\NetTopologySuite\Noding\FastNodingValidator.cs"
"NOOP_NEW_SAME","submodule","Servers\Libs\NetTopologySuite.Curved\NetTopologySuite\src\NetTopologySuite\Noding\FastSegmentSetIntersectionFinder.cs"
"NOOP_NEW_SAME","submodule","Servers\Libs\NetTopologySuite.Curved\NetTopologySuite\src\NetTopologySuite\Noding\INodableSegmentString.cs"
"NOOP_NEW_SAME","submodule","Servers\Libs\NetTopologySuite.Curved\NetTopologySuite\src\NetTopologySuite\Noding\INoder.cs"
"NOOP_NEW_SAME","submodule","Servers\Libs\NetTopologySuite.Curved\NetTopologySuite\src\NetTopologySuite\Noding\InteriorIntersectionFinderAdder.cs"
"NOOP_NEW_SAME","submodule","Servers\Libs\NetTopologySuite.Curved\NetTopologySuite\src\NetTopologySuite\Noding\IntersectionAdder.cs"
"NOOP_NEW_SAME","submodule","Servers\Libs\NetTopologySuite.Curved\NetTopologySuite\src\NetTopologySuite\Noding\ISegmentIntersector.cs"
"NOOP_NEW_SAME","submodule","Servers\Libs\NetTopologySuite.Curved\NetTopologySuite\src\NetTopologySuite\Noding\ISegmentString.cs"
"NOOP_NEW_SAME","submodule","Servers\Libs\NetTopologySuite.Curved\NetTopologySuite\src\NetTopologySuite\Noding\IteratedNoder.cs"
"NOOP_NEW_SAME","submodule","Servers\Libs\NetTopologySuite.Curved\NetTopologySuite\src\NetTopologySuite\Noding\MCIndexNoder.cs"
"NOOP_NEW_SAME","submodule","Servers\Libs\NetTopologySuite.Curved\NetTopologySuite\src\NetTopologySuite\Noding\MCIndexSegmentSetMutualIntersector.cs"
"NOOP_NEW_SAME","submodule","Servers\Libs\NetTopologySuite.Curved\NetTopologySuite\src\NetTopologySuite\Noding\NodingIntersectionFinder.cs"
"NOOP_NEW_SAME","submodule","Servers\Libs\NetTopologySuite.Curved\NetTopologySuite\src\NetTopologySuite\Noding\NodingValidator.cs"
"NOOP_NEW_SAME","submodule","Servers\Libs\NetTopologySuite.Curved\NetTopologySuite\src\NetTopologySuite\Noding\Octant.cs"
"NOOP_NEW_SAME","submodule","Servers\Libs\NetTopologySuite.Curved\NetTopologySuite\src\NetTopologySuite\Noding\ScaledNoder.cs"
"NOOP_NEW_SAME","submodule","Servers\Libs\NetTopologySuite.Curved\NetTopologySuite\src\NetTopologySuite\Noding\SegmentExtractingNoder.cs"
"NOOP_NEW_SAME","submodule","Servers\Libs\NetTopologySuite.Curved\NetTopologySuite\src\NetTopologySuite\Noding\SegmentIntersectionDetector.cs"
"NOOP_NEW_SAME","submodule","Servers\Libs\NetTopologySuite.Curved\NetTopologySuite\src\NetTopologySuite\Noding\SegmentNode.cs"
"NOOP_NEW_SAME","submodule","Servers\Libs\NetTopologySuite.Curved\NetTopologySuite\src\NetTopologySuite\Noding\SegmentPointComparator.cs"
"NOOP_NEW_SAME","submodule","Servers\Libs\NetTopologySuite.Curved\NetTopologySuite\src\NetTopologySuite\Noding\SegmentSetMutualIntersector.cs"
"NOOP_NEW_SAME","submodule","Servers\Libs\NetTopologySuite.Curved\NetTopologySuite\src\NetTopologySuite\Noding\SegmentString.cs"
"NOOP_NEW_SAME","submodule","Servers\Libs\NetTopologySuite.Curved\NetTopologySuite\src\NetTopologySuite\Noding\SegmentStringDissolver.cs"
"NOOP_NEW_SAME","submodule","Servers\Libs\NetTopologySuite.Curved\NetTopologySuite\src\NetTopologySuite\Noding\SegmentStringUtil.cs"
"NOOP_NEW_SAME","submodule","Servers\Libs\NetTopologySuite.Curved\NetTopologySuite\src\NetTopologySuite\Noding\SimpleNoder.cs"
"NOOP_NEW_SAME","submodule","Servers\Libs\NetTopologySuite.Curved\NetTopologySuite\src\NetTopologySuite\Noding\SimpleSegmentSetMutualIntersector.cs"
"NOOP_NEW_SAME","submodule","Servers\Libs\NetTopologySuite.Curved\NetTopologySuite\src\NetTopologySuite\Noding\SinglePassNoder.cs"
"NOOP_NEW_SAME","submodule","Servers\Libs\NetTopologySuite.Curved\NetTopologySuite\src\NetTopologySuite\Noding\Snap\SnappingIntersectionAdder.cs"
"NOOP_NEW_SAME","submodule","Servers\Libs\NetTopologySuite.Curved\NetTopologySuite\src\NetTopologySuite\Noding\Snap\SnappingNoder.cs"
"NOOP_NEW_SAME","submodule","Servers\Libs\NetTopologySuite.Curved\NetTopologySuite\src\NetTopologySuite\Noding\Snapround\HotPixel.cs"
"NOOP_NEW_SAME","submodule","Servers\Libs\NetTopologySuite.Curved\NetTopologySuite\src\NetTopologySuite\Noding\Snapround\MCIndexPointSnapper.cs"
"NOOP_NEW_SAME","submodule","Servers\Libs\NetTopologySuite.Curved\NetTopologySuite\src\NetTopologySuite\Noding\Snapround\MCIndexSnapRounder.cs"
"NOOP_NEW_SAME","submodule","Servers\Libs\NetTopologySuite.Curved\NetTopologySuite\src\NetTopologySuite\Noding\Snapround\SnapRoundingIntersectionAdder.cs"
"NOOP_NEW_SAME","submodule","Servers\Libs\NetTopologySuite.Curved\NetTopologySuite\src\NetTopologySuite\Noding\Snapround\SnapRoundingNoder.cs"
"NOOP_NEW_SAME","submodule","Servers\Libs\NetTopologySuite.Curved\NetTopologySuite\src\NetTopologySuite\Noding\ValidatingNoder.cs"
"NOOP_NEW_SAME","submodule","Servers\Libs\NetTopologySuite.Curved\NetTopologySuite\src\NetTopologySuite\NtsGeometryServices.cs"
"NOOP_NEW_SAME","submodule","Servers\Libs\NetTopologySuite.Curved\NetTopologySuite\src\NetTopologySuite\Operation\BoundaryOp.cs"
"NOOP_NEW_SAME","submodule","Servers\Libs\NetTopologySuite.Curved\NetTopologySuite\src\NetTopologySuite\Operation\Buffer\BufferBuilder.cs"
"NOOP_NEW_SAME","submodule","Servers\Libs\NetTopologySuite.Curved\NetTopologySuite\src\NetTopologySuite\Operation\Buffer\BufferInputLineSimplifier.cs"
"NOOP_NEW_SAME","submodule","Servers\Libs\NetTopologySuite.Curved\NetTopologySuite\src\NetTopologySuite\Operation\Buffer\BufferOp.cs"
"NOOP_NEW_SAME","submodule","Servers\Libs\NetTopologySuite.Curved\NetTopologySuite\src\NetTopologySuite\Operation\Buffer\BufferParameters.cs"
"NOOP_NEW_SAME","submodule","Servers\Libs\NetTopologySuite.Curved\NetTopologySuite\src\NetTopologySuite\Operation\Buffer\BufferSubgraph.cs"
"NOOP_NEW_SAME","submodule","Servers\Libs\NetTopologySuite.Curved\NetTopologySuite\src\NetTopologySuite\Operation\Buffer\EndCapStyle.cs"
"NOOP_NEW_SAME","submodule","Servers\Libs\NetTopologySuite.Curved\NetTopologySuite\src\NetTopologySuite\Operation\Buffer\JoinStyle.cs"
"NOOP_NEW_SAME","submodule","Servers\Libs\NetTopologySuite.Curved\NetTopologySuite\src\NetTopologySuite\Operation\Buffer\OffsetCurveBuilder.cs"
"NOOP_NEW_SAME","submodule","Servers\Libs\NetTopologySuite.Curved\NetTopologySuite\src\NetTopologySuite\Operation\Buffer\OffsetCurveSetBuilder.cs"
"NOOP_NEW_SAME","submodule","Servers\Libs\NetTopologySuite.Curved\NetTopologySuite\src\NetTopologySuite\Operation\Buffer\OffsetCurveVertexList.cs"
"NOOP_NEW_SAME","submodule","Servers\Libs\NetTopologySuite.Curved\NetTopologySuite\src\NetTopologySuite\Operation\Buffer\OffsetSegmentGenerator.cs"
"NOOP_NEW_SAME","submodule","Servers\Libs\NetTopologySuite.Curved\NetTopologySuite\src\NetTopologySuite\Operation\Buffer\OffsetSegmentString.cs"
"NOOP_NEW_SAME","submodule","Servers\Libs\NetTopologySuite.Curved\NetTopologySuite\src\NetTopologySuite\Operation\Buffer\RightmostEdgeFinder.cs"
"NOOP_NEW_SAME","submodule","Servers\Libs\NetTopologySuite.Curved\NetTopologySuite\src\NetTopologySuite\Operation\Buffer\SubgraphDepthLocater.cs"
"NOOP_NEW_SAME","submodule","Servers\Libs\NetTopologySuite.Curved\NetTopologySuite\src\NetTopologySuite\Operation\Buffer\Validate\BufferCurveMaximumDistanceFinder.cs"
"NOOP_NEW_SAME","submodule","Servers\Libs\NetTopologySuite.Curved\NetTopologySuite\src\NetTopologySuite\Operation\Buffer\Validate\BufferDistanceValidator.cs"
"NOOP_NEW_SAME","submodule","Servers\Libs\NetTopologySuite.Curved\NetTopologySuite\src\NetTopologySuite\Operation\Buffer\VariableBuffer.cs"
"NOOP_NEW_SAME","submodule","Servers\Libs\NetTopologySuite.Curved\NetTopologySuite\src\NetTopologySuite\Operation\Distance\ConnectedElementLocationFilter.cs"
"NOOP_NEW_SAME","submodule","Servers\Libs\NetTopologySuite.Curved\NetTopologySuite\src\NetTopologySuite\Operation\Distance\ConnectedElementPointFilter.cs"
"NOOP_NEW_SAME","submodule","Servers\Libs\NetTopologySuite.Curved\NetTopologySuite\src\NetTopologySuite\Operation\Distance\FacetSequence.cs"
"NOOP_NEW_SAME","submodule","Servers\Libs\NetTopologySuite.Curved\NetTopologySuite\src\NetTopologySuite\Operation\Distance\FacetSequenceTreeBuilder.cs"
"NOOP_NEW_SAME","submodule","Servers\Libs\NetTopologySuite.Curved\NetTopologySuite\src\NetTopologySuite\Operation\Distance\GeometryLocation.cs"
"NOOP_NEW_SAME","submodule","Servers\Libs\NetTopologySuite.Curved\NetTopologySuite\src\NetTopologySuite\Operation\Distance\IndexedFacedDistance.cs"
"NOOP_NEW_SAME","submodule","Servers\Libs\NetTopologySuite.Curved\NetTopologySuite\src\NetTopologySuite\Operation\Distance3D\AxisPlaneCoordinateSequence.cs"
"NOOP_NEW_SAME","submodule","Servers\Libs\NetTopologySuite.Curved\NetTopologySuite\src\NetTopologySuite\Operation\Distance3D\PlanarPolygon3D.cs"
"NOOP_NEW_SAME","submodule","Servers\Libs\NetTopologySuite.Curved\NetTopologySuite\src\NetTopologySuite\Operation\GeometryGraphOperation.cs"
"NOOP_NEW_SAME","submodule","Servers\Libs\NetTopologySuite.Curved\NetTopologySuite\src\NetTopologySuite\Operation\IsSimpleOp.cs"
"NOOP_NEW_SAME","submodule","Servers\Libs\NetTopologySuite.Curved\NetTopologySuite\src\NetTopologySuite\Operation\Linemerge\LineMergeDirectedEdge.cs"
"NOOP_NEW_SAME","submodule","Servers\Libs\NetTopologySuite.Curved\NetTopologySuite\src\NetTopologySuite\Operation\Linemerge\LineMerger.cs"
"NOOP_NEW_SAME","submodule","Servers\Libs\NetTopologySuite.Curved\NetTopologySuite\src\NetTopologySuite\Operation\Overlay\LineBuilder.cs"
"NOOP_NEW_SAME","submodule","Servers\Libs\NetTopologySuite.Curved\NetTopologySuite\src\NetTopologySuite\Operation\Overlay\OverlayOp.cs"
"NOOP_NEW_SAME","submodule","Servers\Libs\NetTopologySuite.Curved\NetTopologySuite\src\NetTopologySuite\Operation\Overlay\PointBuilder.cs"
"NOOP_NEW_SAME","submodule","Servers\Libs\NetTopologySuite.Curved\NetTopologySuite\src\NetTopologySuite\Operation\Overlay\PolygonBuilder.cs"
"NOOP_NEW_SAME","submodule","Servers\Libs\NetTopologySuite.Curved\NetTopologySuite\src\NetTopologySuite\Operation\Overlay\Snap\GeometrySnapper.cs"
"NOOP_NEW_SAME","submodule","Servers\Libs\NetTopologySuite.Curved\NetTopologySuite\src\NetTopologySuite\Operation\Overlay\Snap\LineStringSnapper.cs"
"NOOP_NEW_SAME","submodule","Servers\Libs\NetTopologySuite.Curved\NetTopologySuite\src\NetTopologySuite\Operation\Overlay\Snap\SnapIfNeededOverlayOp.cs"
"NOOP_NEW_SAME","submodule","Servers\Libs\NetTopologySuite.Curved\NetTopologySuite\src\NetTopologySuite\Operation\Overlay\Validate\FuzzyPointLocator.cs"
"NOOP_NEW_SAME","submodule","Servers\Libs\NetTopologySuite.Curved\NetTopologySuite\src\NetTopologySuite\Operation\Overlay\Validate\OffsetPointGenerator.cs"
"NOOP_NEW_SAME","submodule","Servers\Libs\NetTopologySuite.Curved\NetTopologySuite\src\NetTopologySuite\Operation\OverlayNG\CoverageUnion.cs"
"NOOP_NEW_SAME","submodule","Servers\Libs\NetTopologySuite.Curved\NetTopologySuite\src\NetTopologySuite\Operation\OverlayNG\Edge.cs"
"NOOP_NEW_SAME","submodule","Servers\Libs\NetTopologySuite.Curved\NetTopologySuite\src\NetTopologySuite\Operation\OverlayNG\EdgeKey.cs"
"NOOP_NEW_SAME","submodule","Servers\Libs\NetTopologySuite.Curved\NetTopologySuite\src\NetTopologySuite\Operation\OverlayNG\EdgeMerger.cs"
"NOOP_NEW_SAME","submodule","Servers\Libs\NetTopologySuite.Curved\NetTopologySuite\src\NetTopologySuite\Operation\OverlayNG\EdgeNodingBuilder.cs"
"NOOP_NEW_SAME","submodule","Servers\Libs\NetTopologySuite.Curved\NetTopologySuite\src\NetTopologySuite\Operation\OverlayNG\EdgeSourceInfo.cs"
"NOOP_NEW_SAME","submodule","Servers\Libs\NetTopologySuite.Curved\NetTopologySuite\src\NetTopologySuite\Operation\OverlayNG\ElevationModel.cs"
"NOOP_NEW_SAME","submodule","Servers\Libs\NetTopologySuite.Curved\NetTopologySuite\src\NetTopologySuite\Operation\OverlayNG\IndexedPointOnLineLocator.cs"
"NOOP_NEW_SAME","submodule","Servers\Libs\NetTopologySuite.Curved\NetTopologySuite\src\NetTopologySuite\Operation\OverlayNG\InputGeometry.cs"
"NOOP_NEW_SAME","submodule","Servers\Libs\NetTopologySuite.Curved\NetTopologySuite\src\NetTopologySuite\Operation\OverlayNG\IntersectionPointBuilder.cs"
"NOOP_NEW_SAME","submodule","Servers\Libs\NetTopologySuite.Curved\NetTopologySuite\src\NetTopologySuite\Operation\OverlayNG\LineBuilder.cs"
"NOOP_NEW_SAME","submodule","Servers\Libs\NetTopologySuite.Curved\NetTopologySuite\src\NetTopologySuite\Operation\OverlayNG\LineLimiter.cs"
"NOOP_NEW_SAME","submodule","Servers\Libs\NetTopologySuite.Curved\NetTopologySuite\src\NetTopologySuite\Operation\OverlayNG\MaximalEdgeRing.cs"
"NOOP_NEW_SAME","submodule","Servers\Libs\NetTopologySuite.Curved\NetTopologySuite\src\NetTopologySuite\Operation\OverlayNG\OverlayEdge.cs"
"NOOP_NEW_SAME","submodule","Servers\Libs\NetTopologySuite.Curved\NetTopologySuite\src\NetTopologySuite\Operation\OverlayNG\OverlayEdgeRing.cs"
"NOOP_NEW_SAME","submodule","Servers\Libs\NetTopologySuite.Curved\NetTopologySuite\src\NetTopologySuite\Operation\OverlayNG\OverlayGraph.cs"
"NOOP_NEW_SAME","submodule","Servers\Libs\NetTopologySuite.Curved\NetTopologySuite\src\NetTopologySuite\Operation\OverlayNG\OverlayLabel.cs"
"NOOP_NEW_SAME","submodule","Servers\Libs\NetTopologySuite.Curved\NetTopologySuite\src\NetTopologySuite\Operation\OverlayNG\OverlayLabeller.cs"
"NOOP_NEW_SAME","submodule","Servers\Libs\NetTopologySuite.Curved\NetTopologySuite\src\NetTopologySuite\Operation\OverlayNG\OverlayMixedPoints.cs"
"NOOP_NEW_SAME","submodule","Servers\Libs\NetTopologySuite.Curved\NetTopologySuite\src\NetTopologySuite\Operation\OverlayNG\OverlayNG.cs"
"NOOP_NEW_SAME","submodule","Servers\Libs\NetTopologySuite.Curved\NetTopologySuite\src\NetTopologySuite\Operation\OverlayNG\OverlayNGRobust.cs"
"NOOP_NEW_SAME","submodule","Servers\Libs\NetTopologySuite.Curved\NetTopologySuite\src\NetTopologySuite\Operation\OverlayNG\OverlayPoints.cs"
"NOOP_NEW_SAME","submodule","Servers\Libs\NetTopologySuite.Curved\NetTopologySuite\src\NetTopologySuite\Operation\OverlayNG\OverlayUtility.cs"
"NOOP_NEW_SAME","submodule","Servers\Libs\NetTopologySuite.Curved\NetTopologySuite\src\NetTopologySuite\Operation\OverlayNG\PolygonBuilder.cs"
"NOOP_NEW_SAME","submodule","Servers\Libs\NetTopologySuite.Curved\NetTopologySuite\src\NetTopologySuite\Operation\OverlayNG\PrecisionReducer.cs"
"NOOP_NEW_SAME","submodule","Servers\Libs\NetTopologySuite.Curved\NetTopologySuite\src\NetTopologySuite\Operation\OverlayNG\PrecisionUtility.cs"
"NOOP_NEW_SAME","submodule","Servers\Libs\NetTopologySuite.Curved\NetTopologySuite\src\NetTopologySuite\Operation\OverlayNG\RingClipper.cs"
"NOOP_NEW_SAME","submodule","Servers\Libs\NetTopologySuite.Curved\NetTopologySuite\src\NetTopologySuite\Operation\OverlayNG\RobustClipEnvelopeComputer.cs"
"NOOP_NEW_SAME","submodule","Servers\Libs\NetTopologySuite.Curved\NetTopologySuite\src\NetTopologySuite\Operation\OverlayNG\UnaryUnionNG.cs"
"NOOP_NEW_SAME","submodule","Servers\Libs\NetTopologySuite.Curved\NetTopologySuite\src\NetTopologySuite\Operation\Polygonize\EdgeRing.cs"
"NOOP_NEW_SAME","submodule","Servers\Libs\NetTopologySuite.Curved\NetTopologySuite\src\NetTopologySuite\Operation\Polygonize\HoleAssigner.cs"
"NOOP_NEW_SAME","submodule","Servers\Libs\NetTopologySuite.Curved\NetTopologySuite\src\NetTopologySuite\Operation\Polygonize\PolygonizeDirectedEdge.cs"
"NOOP_NEW_SAME","submodule","Servers\Libs\NetTopologySuite.Curved\NetTopologySuite\src\NetTopologySuite\Operation\Polygonize\PolygonizeEdge.cs"
"NOOP_NEW_SAME","submodule","Servers\Libs\NetTopologySuite.Curved\NetTopologySuite\src\NetTopologySuite\Operation\Polygonize\PolygonizeGraph.cs"
"NOOP_NEW_SAME","submodule","Servers\Libs\NetTopologySuite.Curved\NetTopologySuite\src\NetTopologySuite\Operation\Polygonize\Polygonizer.cs"
"NOOP_NEW_SAME","submodule","Servers\Libs\NetTopologySuite.Curved\NetTopologySuite\src\NetTopologySuite\Operation\Predicate\RectangleContains.cs"
"NOOP_NEW_SAME","submodule","Servers\Libs\NetTopologySuite.Curved\NetTopologySuite\src\NetTopologySuite\Operation\Predicate\RectangleIntersects.cs"
"NOOP_NEW_SAME","submodule","Servers\Libs\NetTopologySuite.Curved\NetTopologySuite\src\NetTopologySuite\Operation\Relate\EdgeEndBuilder.cs"
"NOOP_NEW_SAME","submodule","Servers\Libs\NetTopologySuite.Curved\NetTopologySuite\src\NetTopologySuite\Operation\Relate\EdgeEndBundle.cs"
"NOOP_NEW_SAME","submodule","Servers\Libs\NetTopologySuite.Curved\NetTopologySuite\src\NetTopologySuite\Operation\Relate\EdgeEndBundleStar.cs"
"NOOP_NEW_SAME","submodule","Servers\Libs\NetTopologySuite.Curved\NetTopologySuite\src\NetTopologySuite\Operation\Relate\RelateComputer.cs"
"NOOP_NEW_SAME","submodule","Servers\Libs\NetTopologySuite.Curved\NetTopologySuite\src\NetTopologySuite\Operation\Relate\RelateNode.cs"
"NOOP_NEW_SAME","submodule","Servers\Libs\NetTopologySuite.Curved\NetTopologySuite\src\NetTopologySuite\Operation\Relate\RelateNodeFactory.cs"
"NOOP_NEW_SAME","submodule","Servers\Libs\NetTopologySuite.Curved\NetTopologySuite\src\NetTopologySuite\Operation\Relate\RelateNodeGraph.cs"
"NOOP_NEW_SAME","submodule","Servers\Libs\NetTopologySuite.Curved\NetTopologySuite\src\NetTopologySuite\Operation\Relate\RelateOp.cs"
"NOOP_NEW_SAME","submodule","Servers\Libs\NetTopologySuite.Curved\NetTopologySuite\src\NetTopologySuite\Operation\Union\CascadedPolygonUnion.cs"
"NOOP_NEW_SAME","submodule","Servers\Libs\NetTopologySuite.Curved\NetTopologySuite\src\NetTopologySuite\Operation\Union\InputExtracter.cs"
"NOOP_NEW_SAME","submodule","Servers\Libs\NetTopologySuite.Curved\NetTopologySuite\src\NetTopologySuite\Operation\Union\OverlapUnion.cs"
"NOOP_NEW_SAME","submodule","Servers\Libs\NetTopologySuite.Curved\NetTopologySuite\src\NetTopologySuite\Operation\Union\UnaryUnionOp.cs"
"NOOP_NEW_SAME","submodule","Servers\Libs\NetTopologySuite.Curved\NetTopologySuite\src\NetTopologySuite\Operation\Valid\ConnectedInteriorTester.cs"
"NOOP_NEW_SAME","submodule","Servers\Libs\NetTopologySuite.Curved\NetTopologySuite\src\NetTopologySuite\Operation\Valid\ConsistentAreaTester.cs"
"NOOP_NEW_SAME","submodule","Servers\Libs\NetTopologySuite.Curved\NetTopologySuite\src\NetTopologySuite\Operation\Valid\IndexedNestedRingTester.cs"
"NOOP_NEW_SAME","submodule","Servers\Libs\NetTopologySuite.Curved\NetTopologySuite\src\NetTopologySuite\Operation\Valid\TopologyValidationError.cs"
"NOOP_NEW_SAME","submodule","Servers\Libs\NetTopologySuite.Curved\NetTopologySuite\src\NetTopologySuite\Planargraph\Algorithm\ConnectedSubgraphFinder.cs"
"NOOP_NEW_SAME","submodule","Servers\Libs\NetTopologySuite.Curved\NetTopologySuite\src\NetTopologySuite\Planargraph\DirectedEdge.cs"
"NOOP_NEW_SAME","submodule","Servers\Libs\NetTopologySuite.Curved\NetTopologySuite\src\NetTopologySuite\Planargraph\DirectedEdgeStar.cs"
"NOOP_NEW_SAME","submodule","Servers\Libs\NetTopologySuite.Curved\NetTopologySuite\src\NetTopologySuite\Planargraph\Edge.cs"
"NOOP_NEW_SAME","submodule","Servers\Libs\NetTopologySuite.Curved\NetTopologySuite\src\NetTopologySuite\Planargraph\GraphComponent.cs"
"NOOP_NEW_SAME","submodule","Servers\Libs\NetTopologySuite.Curved\NetTopologySuite\src\NetTopologySuite\Planargraph\Node.cs"
"NOOP_NEW_SAME","submodule","Servers\Libs\NetTopologySuite.Curved\NetTopologySuite\src\NetTopologySuite\Planargraph\NodeMap.cs"
"NOOP_NEW_SAME","submodule","Servers\Libs\NetTopologySuite.Curved\NetTopologySuite\src\NetTopologySuite\Planargraph\PlanarGraph.cs"
"NOOP_NEW_SAME","submodule","Servers\Libs\NetTopologySuite.Curved\NetTopologySuite\src\NetTopologySuite\Planargraph\Subgraph.cs"
"NOOP_NEW_SAME","submodule","Servers\Libs\NetTopologySuite.Curved\NetTopologySuite\src\NetTopologySuite\Precision\CommonBits.cs"
"NOOP_NEW_SAME","submodule","Servers\Libs\NetTopologySuite.Curved\NetTopologySuite\src\NetTopologySuite\Precision\CommonBitsOp.cs"
"NOOP_NEW_SAME","submodule","Servers\Libs\NetTopologySuite.Curved\NetTopologySuite\src\NetTopologySuite\Precision\CommonBitsRemover.cs"
"NOOP_NEW_SAME","submodule","Servers\Libs\NetTopologySuite.Curved\NetTopologySuite\src\NetTopologySuite\Precision\CoordinatePrecisionReducerFilter.cs"
"NOOP_NEW_SAME","submodule","Servers\Libs\NetTopologySuite.Curved\NetTopologySuite\src\NetTopologySuite\Precision\EnhancedPrecisionOp.cs"
"NOOP_NEW_SAME","submodule","Servers\Libs\NetTopologySuite.Curved\NetTopologySuite\src\NetTopologySuite\Precision\GeometryPrecisionReducer.cs"
"NOOP_NEW_SAME","submodule","Servers\Libs\NetTopologySuite.Curved\NetTopologySuite\src\NetTopologySuite\Precision\MinimumClearance.cs"
"NOOP_NEW_SAME","submodule","Servers\Libs\NetTopologySuite.Curved\NetTopologySuite\src\NetTopologySuite\Precision\PrecisionReducerCoordinateOperation.cs"
"NOOP_NEW_SAME","submodule","Servers\Libs\NetTopologySuite.Curved\NetTopologySuite\src\NetTopologySuite\Precision\PrecisionReducerTransformer.cs"
"NOOP_NEW_SAME","submodule","Servers\Libs\NetTopologySuite.Curved\NetTopologySuite\src\NetTopologySuite\Precision\SimpleMinimumClearance.cs"
"NOOP_NEW_SAME","submodule","Servers\Libs\NetTopologySuite.Curved\NetTopologySuite\src\NetTopologySuite\Shape\Fractal\HilbertCode.cs"
"NOOP_NEW_SAME","submodule","Servers\Libs\NetTopologySuite.Curved\NetTopologySuite\src\NetTopologySuite\Shape\Fractal\MortonCode.cs"
"NOOP_NEW_SAME","submodule","Servers\Libs\NetTopologySuite.Curved\NetTopologySuite\src\NetTopologySuite\Shape\Fractal\SierpinskiCarpetBuilder.cs"
"NOOP_NEW_SAME","submodule","Servers\Libs\NetTopologySuite.Curved\NetTopologySuite\src\NetTopologySuite\Shape\GeometricShapeBuilder.cs"
"NOOP_NEW_SAME","submodule","Servers\Libs\NetTopologySuite.Curved\NetTopologySuite\src\NetTopologySuite\Shape\Random\RandomPointsInGridBuilder.cs"
"NOOP_NEW_SAME","submodule","Servers\Libs\NetTopologySuite.Curved\NetTopologySuite\src\NetTopologySuite\Simplify\DouglasPeuckerLineSimplifier.cs"
"NOOP_NEW_SAME","submodule","Servers\Libs\NetTopologySuite.Curved\NetTopologySuite\src\NetTopologySuite\Simplify\DouglasPeuckerSimplifier.cs"
"NOOP_NEW_SAME","submodule","Servers\Libs\NetTopologySuite.Curved\NetTopologySuite\src\NetTopologySuite\Simplify\LineSegmentIndex.cs"
"NOOP_NEW_SAME","submodule","Servers\Libs\NetTopologySuite.Curved\NetTopologySuite\src\NetTopologySuite\Simplify\OldVWLineSimplifier.cs"
"NOOP_NEW_SAME","submodule","Servers\Libs\NetTopologySuite.Curved\NetTopologySuite\src\NetTopologySuite\Simplify\TaggedLineSegment.cs"
"NOOP_NEW_SAME","submodule","Servers\Libs\NetTopologySuite.Curved\NetTopologySuite\src\NetTopologySuite\Simplify\TaggedLinesSimplifier.cs"
"NOOP_NEW_SAME","submodule","Servers\Libs\NetTopologySuite.Curved\NetTopologySuite\src\NetTopologySuite\Simplify\TaggedLineString.cs"
"NOOP_NEW_SAME","submodule","Servers\Libs\NetTopologySuite.Curved\NetTopologySuite\src\NetTopologySuite\Simplify\TaggedLineStringSimplifier.cs"
"NOOP_NEW_SAME","submodule","Servers\Libs\NetTopologySuite.Curved\NetTopologySuite\src\NetTopologySuite\Simplify\TopologyPreservingSimplifier.cs"
"NOOP_NEW_SAME","submodule","Servers\Libs\NetTopologySuite.Curved\NetTopologySuite\src\NetTopologySuite\Simplify\VWLineSimplifier.cs"
"NOOP_NEW_SAME","submodule","Servers\Libs\NetTopologySuite.Curved\NetTopologySuite\src\NetTopologySuite\Simplify\VWSimplifier.cs"
"NOOP_NEW_SAME","submodule","Servers\Libs\NetTopologySuite.Curved\NetTopologySuite\src\NetTopologySuite\Triangulate\ConformingDelaunayTriangulationBuilder.cs"
"NOOP_NEW_SAME","submodule","Servers\Libs\NetTopologySuite.Curved\NetTopologySuite\src\NetTopologySuite\Triangulate\ConformingDelaunayTriangulator.cs"
"NOOP_NEW_SAME","submodule","Servers\Libs\NetTopologySuite.Curved\NetTopologySuite\src\NetTopologySuite\Triangulate\ConstraintEnforcementException.cs"
"NOOP_NEW_SAME","submodule","Servers\Libs\NetTopologySuite.Curved\NetTopologySuite\src\NetTopologySuite\Triangulate\ConstraintVertex.cs"
"NOOP_NEW_SAME","submodule","Servers\Libs\NetTopologySuite.Curved\NetTopologySuite\src\NetTopologySuite\Triangulate\ConstraintVertexFactory.cs"
"NOOP_NEW_SAME","submodule","Servers\Libs\NetTopologySuite.Curved\NetTopologySuite\src\NetTopologySuite\Triangulate\DelaunayTriangulationBuilder.cs"
"NOOP_NEW_SAME","submodule","Servers\Libs\NetTopologySuite.Curved\NetTopologySuite\src\NetTopologySuite\Triangulate\IConstraintSplitPointFinder.cs"
"NOOP_NEW_SAME","submodule","Servers\Libs\NetTopologySuite.Curved\NetTopologySuite\src\NetTopologySuite\Triangulate\IncrementalDelaunayTriangulator.cs"
"NOOP_NEW_SAME","submodule","Servers\Libs\NetTopologySuite.Curved\NetTopologySuite\src\NetTopologySuite\Triangulate\MidpointSplitPointFinder.cs"
"NOOP_NEW_SAME","submodule","Servers\Libs\NetTopologySuite.Curved\NetTopologySuite\src\NetTopologySuite\Triangulate\NonEncroachingSplitPointFinder.cs"
"NOOP_NEW_SAME","submodule","Servers\Libs\NetTopologySuite.Curved\NetTopologySuite\src\NetTopologySuite\Triangulate\QuadEdge\EdgeConnectedTriangleTraversal.cs"
"NOOP_NEW_SAME","submodule","Servers\Libs\NetTopologySuite.Curved\NetTopologySuite\src\NetTopologySuite\Triangulate\QuadEdge\IQuadEdgeLocator.cs"
"NOOP_NEW_SAME","submodule","Servers\Libs\NetTopologySuite.Curved\NetTopologySuite\src\NetTopologySuite\Triangulate\QuadEdge\ITraversalVisitor.cs"
"NOOP_NEW_SAME","submodule","Servers\Libs\NetTopologySuite.Curved\NetTopologySuite\src\NetTopologySuite\Triangulate\QuadEdge\ITriangleVisitor.cs"
"NOOP_NEW_SAME","submodule","Servers\Libs\NetTopologySuite.Curved\NetTopologySuite\src\NetTopologySuite\Triangulate\QuadEdge\LastFoundQuadEdgeLocator.cs"
"NOOP_NEW_SAME","submodule","Servers\Libs\NetTopologySuite.Curved\NetTopologySuite\src\NetTopologySuite\Triangulate\QuadEdge\LocateFailureException.cs"
"NOOP_NEW_SAME","submodule","Servers\Libs\NetTopologySuite.Curved\NetTopologySuite\src\NetTopologySuite\Triangulate\QuadEdge\QuadEdge.cs"
"NOOP_NEW_SAME","submodule","Servers\Libs\NetTopologySuite.Curved\NetTopologySuite\src\NetTopologySuite\Triangulate\QuadEdge\QuadEdgeSubdivision.cs"
"NOOP_NEW_SAME","submodule","Servers\Libs\NetTopologySuite.Curved\NetTopologySuite\src\NetTopologySuite\Triangulate\QuadEdge\QuadEdgeTriangle.cs"
"NOOP_NEW_SAME","submodule","Servers\Libs\NetTopologySuite.Curved\NetTopologySuite\src\NetTopologySuite\Triangulate\QuadEdge\QuadEdgeUtil.cs"
"NOOP_NEW_SAME","submodule","Servers\Libs\NetTopologySuite.Curved\NetTopologySuite\src\NetTopologySuite\Triangulate\QuadEdge\TrianglePredicate.cs"
"NOOP_NEW_SAME","submodule","Servers\Libs\NetTopologySuite.Curved\NetTopologySuite\src\NetTopologySuite\Triangulate\QuadEdge\Vertex.cs"
"NOOP_NEW_SAME","submodule","Servers\Libs\NetTopologySuite.Curved\NetTopologySuite\src\NetTopologySuite\Triangulate\Segment.cs"
"NOOP_NEW_SAME","submodule","Servers\Libs\NetTopologySuite.Curved\NetTopologySuite\src\NetTopologySuite\Triangulate\SplitSegment.cs"
"NOOP_NEW_SAME","submodule","Servers\Libs\NetTopologySuite.Curved\NetTopologySuite\src\NetTopologySuite\Triangulate\VertexTaggedGeometryDataMapper.cs"
"NOOP_NEW_SAME","submodule","Servers\Libs\NetTopologySuite.Curved\NetTopologySuite\src\NetTopologySuite\Triangulate\VoronoiDiagramBuilder.cs"
"NOOP_NEW_SAME","submodule","Servers\Libs\NetTopologySuite.Curved\NetTopologySuite\src\NetTopologySuite\Utilities\AlternativePriorityQueue.cs"
"NOOP_NEW_SAME","submodule","Servers\Libs\NetTopologySuite.Curved\NetTopologySuite\src\NetTopologySuite\Utilities\Assert.cs"
"NOOP_NEW_SAME","submodule","Servers\Libs\NetTopologySuite.Curved\NetTopologySuite\src\NetTopologySuite\Utilities\AssertionFailedException.cs"
"NOOP_NEW_SAME","submodule","Servers\Libs\NetTopologySuite.Curved\NetTopologySuite\src\NetTopologySuite\Utilities\BitTweaks.cs"
"NOOP_NEW_SAME","submodule","Servers\Libs\NetTopologySuite.Curved\NetTopologySuite\src\NetTopologySuite\Utilities\CoordinateArrayFilter.cs"
"NOOP_NEW_SAME","submodule","Servers\Libs\NetTopologySuite.Curved\NetTopologySuite\src\NetTopologySuite\Utilities\CoordinateCompare.cs"
"NOOP_NEW_SAME","submodule","Servers\Libs\NetTopologySuite.Curved\NetTopologySuite\src\NetTopologySuite\Utilities\CoordinateCountFilter.cs"
"NOOP_NEW_SAME","submodule","Servers\Libs\NetTopologySuite.Curved\NetTopologySuite\src\NetTopologySuite\Utilities\Degrees.cs"
"NOOP_NEW_SAME","submodule","Servers\Libs\NetTopologySuite.Curved\NetTopologySuite\src\NetTopologySuite\Utilities\EnumUtility.cs"
"NOOP_NEW_SAME","submodule","Servers\Libs\NetTopologySuite.Curved\NetTopologySuite\src\NetTopologySuite\Utilities\FunctionsUtility.cs"
"NOOP_NEW_SAME","submodule","Servers\Libs\NetTopologySuite.Curved\NetTopologySuite\src\NetTopologySuite\Utilities\Global.cs"
"NOOP_NEW_SAME","submodule","Servers\Libs\NetTopologySuite.Curved\NetTopologySuite\src\NetTopologySuite\Utilities\Guard.cs"
"NOOP_NEW_SAME","submodule","Servers\Libs\NetTopologySuite.Curved\NetTopologySuite\src\NetTopologySuite\Utilities\HexConverter.cs"
"NOOP_NEW_SAME","submodule","Servers\Libs\NetTopologySuite.Curved\NetTopologySuite\src\NetTopologySuite\Utilities\Memory.cs"
"NOOP_NEW_SAME","submodule","Servers\Libs\NetTopologySuite.Curved\NetTopologySuite\src\NetTopologySuite\Utilities\PriorityQueue.cs"
"NOOP_NEW_SAME","submodule","Servers\Libs\NetTopologySuite.Curved\NetTopologySuite\src\NetTopologySuite\Utilities\PriorityQueueNode.cs"
"NOOP_NEW_SAME","submodule","Servers\Libs\NetTopologySuite.Curved\NetTopologySuite\src\NetTopologySuite\Utilities\Radians.cs"
"NOOP_NEW_SAME","submodule","Servers\Libs\NetTopologySuite.Curved\NetTopologySuite\src\NetTopologySuite\Utilities\ReverseOrder.cs"
"NOOP_NEW_SAME","submodule","Servers\Libs\NetTopologySuite.Curved\NetTopologySuite\src\NetTopologySuite\Utilities\RToolsUtil\CharBuffer.cs"
"NOOP_NEW_SAME","submodule","Servers\Libs\NetTopologySuite.Curved\NetTopologySuite\src\NetTopologySuite\Utilities\RToolsUtil\StreamTokenizer.cs"
"NOOP_NEW_SAME","submodule","Servers\Libs\NetTopologySuite.Curved\NetTopologySuite\src\NetTopologySuite\Utilities\RToolsUtil\Token.cs"
"NOOP_NEW_SAME","submodule","Servers\Libs\NetTopologySuite.Curved\NetTopologySuite\src\NetTopologySuite\Utilities\RToolsUtil\VerbosityLevel.cs"
"NOOP_NEW_SAME","submodule","Servers\Libs\NetTopologySuite.Curved\NetTopologySuite\src\NetTopologySuite\Utilities\StreamTokenizer.cs"
"NOOP_NEW_SAME","submodule","Servers\Libs\NetTopologySuite.Curved\NetTopologySuite\src\NetTopologySuite\Utilities\TokenStream.cs"
"NOOP_NEW_SAME","submodule","Servers\Libs\NetTopologySuite.Curved\NetTopologySuite\src\NetTopologySuite\Utilities\UniqueCoordinateArrayFilter.cs"
"NOOP_NEW_SAME","submodule","Servers\Libs\NetTopologySuite.Curved\NetTopologySuite\test\NetTopologySuite.TestRunner\Functions\AffineTransformationFunctions.cs"
"NOOP_NEW_SAME","submodule","Servers\Libs\NetTopologySuite.Curved\NetTopologySuite\test\NetTopologySuite.TestRunner\Functions\BaseGeometryFunction.cs"
"NOOP_NEW_SAME","submodule","Servers\Libs\NetTopologySuite.Curved\NetTopologySuite\test\NetTopologySuite.TestRunner\Functions\BoundaryFunctions.cs"
"NOOP_NEW_SAME","submodule","Servers\Libs\NetTopologySuite.Curved\NetTopologySuite\test\NetTopologySuite.TestRunner\Functions\BufferByUnionFunctions.cs"
"NOOP_NEW_SAME","submodule","Servers\Libs\NetTopologySuite.Curved\NetTopologySuite\test\NetTopologySuite.TestRunner\Functions\BufferFunctions.cs"
"NOOP_NEW_SAME","submodule","Servers\Libs\NetTopologySuite.Curved\NetTopologySuite\test\NetTopologySuite.TestRunner\Functions\CGAlgorithmFunctions.cs"
"NOOP_NEW_SAME","submodule","Servers\Libs\NetTopologySuite.Curved\NetTopologySuite\test\NetTopologySuite.TestRunner\Functions\ConstructionFunctions.cs"
"NOOP_NEW_SAME","submodule","Servers\Libs\NetTopologySuite.Curved\NetTopologySuite\test\NetTopologySuite.TestRunner\Functions\ConversionFunctions.cs"
"NOOP_NEW_SAME","submodule","Servers\Libs\NetTopologySuite.Curved\NetTopologySuite\test\NetTopologySuite.TestRunner\Functions\CreateRandomGeometries.cs"
"NOOP_NEW_SAME","submodule","Servers\Libs\NetTopologySuite.Curved\NetTopologySuite\test\NetTopologySuite.TestRunner\Functions\CreateShapeFunctions.cs"
"NOOP_NEW_SAME","submodule","Servers\Libs\NetTopologySuite.Curved\NetTopologySuite\test\NetTopologySuite.TestRunner\Functions\DiffFunctions.cs"
"NOOP_NEW_SAME","submodule","Servers\Libs\NetTopologySuite.Curved\NetTopologySuite\test\NetTopologySuite.TestRunner\Functions\DissolveFunctions.cs"
"NOOP_NEW_SAME","submodule","Servers\Libs\NetTopologySuite.Curved\NetTopologySuite\test\NetTopologySuite.TestRunner\Functions\DistanceFunctions.cs"
"NOOP_NEW_SAME","submodule","Servers\Libs\NetTopologySuite.Curved\NetTopologySuite\test\NetTopologySuite.TestRunner\Functions\EditFunctions.cs"
"NOOP_NEW_SAME","submodule","Servers\Libs\NetTopologySuite.Curved\NetTopologySuite\test\NetTopologySuite.TestRunner\Functions\GeometryFunctionRegistry.cs"
"NOOP_NEW_SAME","submodule","Servers\Libs\NetTopologySuite.Curved\NetTopologySuite\test\NetTopologySuite.TestRunner\Functions\GeometryFunctions.cs"
"NOOP_NEW_SAME","submodule","Servers\Libs\NetTopologySuite.Curved\NetTopologySuite\test\NetTopologySuite.TestRunner\Functions\IGeometryFunction.cs"
"NOOP_NEW_SAME","submodule","Servers\Libs\NetTopologySuite.Curved\NetTopologySuite\test\NetTopologySuite.TestRunner\Functions\LinearReferencingFunctions.cs"
"NOOP_NEW_SAME","submodule","Servers\Libs\NetTopologySuite.Curved\NetTopologySuite\test\NetTopologySuite.TestRunner\Functions\LineHandlingFunctions.cs"
"NOOP_NEW_SAME","submodule","Servers\Libs\NetTopologySuite.Curved\NetTopologySuite\test\NetTopologySuite.TestRunner\Functions\LineSegmentFunctions.cs"
"NOOP_NEW_SAME","submodule","Servers\Libs\NetTopologySuite.Curved\NetTopologySuite\test\NetTopologySuite.TestRunner\Functions\NodingFunctions.cs"
"NOOP_NEW_SAME","submodule","Servers\Libs\NetTopologySuite.Curved\NetTopologySuite\test\NetTopologySuite.TestRunner\Functions\NTSFunctions.cs"
"NOOP_NEW_SAME","submodule","Servers\Libs\NetTopologySuite.Curved\NetTopologySuite\test\NetTopologySuite.TestRunner\Functions\OverlayFunctions.cs"
"NOOP_NEW_SAME","submodule","Servers\Libs\NetTopologySuite.Curved\NetTopologySuite\test\NetTopologySuite.TestRunner\Functions\PolygonizeFunctions.cs"
"NOOP_NEW_SAME","submodule","Servers\Libs\NetTopologySuite.Curved\NetTopologySuite\test\NetTopologySuite.TestRunner\Functions\PrecisionFunctions.cs"
"NOOP_NEW_SAME","submodule","Servers\Libs\NetTopologySuite.Curved\NetTopologySuite\test\NetTopologySuite.TestRunner\Functions\SelectionFunctions.cs"
"NOOP_NEW_SAME","submodule","Servers\Libs\NetTopologySuite.Curved\NetTopologySuite\test\NetTopologySuite.TestRunner\Functions\SimplificationFunctions.cs"
"NOOP_NEW_SAME","submodule","Servers\Libs\NetTopologySuite.Curved\NetTopologySuite\test\NetTopologySuite.TestRunner\Functions\SortingFunctions.cs"
"NOOP_NEW_SAME","submodule","Servers\Libs\NetTopologySuite.Curved\NetTopologySuite\test\NetTopologySuite.TestRunner\Functions\SpatialIndexFunctions.cs"
"NOOP_NEW_SAME","submodule","Servers\Libs\NetTopologySuite.Curved\NetTopologySuite\test\NetTopologySuite.TestRunner\Functions\SpreaderGeometryFunction.cs"
"NOOP_NEW_SAME","submodule","Servers\Libs\NetTopologySuite.Curved\NetTopologySuite\test\NetTopologySuite.TestRunner\Functions\TriangleFunctions.cs"
"NOOP_NEW_SAME","submodule","Servers\Libs\NetTopologySuite.Curved\NetTopologySuite\test\NetTopologySuite.TestRunner\Functions\ValidationFunctions.cs"
"NOOP_NEW_SAME","submodule","Servers\Libs\NetTopologySuite.Curved\NetTopologySuite\test\NetTopologySuite.TestRunner\NetTopologySuite.TestRunner.csproj"
"NOOP_NEW_SAME","submodule","Servers\Libs\NetTopologySuite.Curved\NetTopologySuite\test\NetTopologySuite.TestRunner\Operations\ArgumentConverter.cs"
"NOOP_NEW_SAME","submodule","Servers\Libs\NetTopologySuite.Curved\NetTopologySuite\test\NetTopologySuite.TestRunner\Operations\GeometryFunctionOperation.cs"
"NOOP_NEW_SAME","submodule","Servers\Libs\NetTopologySuite.Curved\NetTopologySuite\test\NetTopologySuite.TestRunner\Operations\IGeometryMatcher.cs"
"NOOP_NEW_SAME","submodule","Servers\Libs\NetTopologySuite.Curved\NetTopologySuite\test\NetTopologySuite.TestRunner\Operations\IGeometryOperation.cs"
"NOOP_NEW_SAME","submodule","Servers\Libs\NetTopologySuite.Curved\NetTopologySuite\test\NetTopologySuite.TestRunner\Operations\LoggingGeometryOperation.cs"
"NOOP_NEW_SAME","submodule","Servers\Libs\NetTopologySuite.Curved\NetTopologySuite\test\NetTopologySuite.TestRunner\Operations\NormalizedGeometryMatcher.cs"
"NOOP_NEW_SAME","submodule","Servers\Libs\NetTopologySuite.Curved\NetTopologySuite\test\NetTopologySuite.TestRunner\Operations\NTSTestReflectionException.cs"
"NOOP_NEW_SAME","submodule","Servers\Libs\NetTopologySuite.Curved\NetTopologySuite\test\NetTopologySuite.TestRunner\Operations\OverlayValidatedGeometryOperation.cs"
"NOOP_NEW_SAME","submodule","Servers\Libs\NetTopologySuite.Curved\NetTopologySuite\test\NetTopologySuite.TestRunner\Operations\PreparedGeometryOperation.cs"
"NOOP_NEW_SAME","submodule","Servers\Libs\NetTopologySuite.Curved\NetTopologySuite\test\NetTopologySuite.TestRunner\Operations\PreparedGeometryTeeOperation.cs"
"NOOP_NEW_SAME","submodule","Servers\Libs\NetTopologySuite.Curved\NetTopologySuite\test\NetTopologySuite.TestRunner\Operations\TeeGeometryOperation.cs"
"NOOP_NEW_SAME","submodule","Servers\Libs\NetTopologySuite.Curved\NetTopologySuite\test\NetTopologySuite.TestRunner\Operations\TestCaseGeometryFunctions.cs"
"NOOP_NEW_SAME","submodule","Servers\Libs\NetTopologySuite.Curved\NetTopologySuite\test\NetTopologySuite.TestRunner\Result\BufferResultMatcher.cs"
"NOOP_NEW_SAME","submodule","Servers\Libs\NetTopologySuite.Curved\NetTopologySuite\test\NetTopologySuite.TestRunner\Result\EqualityResultMatcher.cs"
"NOOP_NEW_SAME","submodule","Servers\Libs\NetTopologySuite.Curved\NetTopologySuite\test\NetTopologySuite.TestRunner\Result\IResultMatcher.cs"
"NOOP_NEW_SAME","submodule","Servers\Libs\NetTopologySuite.Curved\NetTopologySuite\test\NetTopologySuite.TestRunner\Result\NullResultMatcher.cs"
"NOOP_NEW_SAME","submodule","Servers\Libs\NetTopologySuite.Curved\NetTopologySuite\test\NetTopologySuite.TestRunner\Result\Result.cs"
"NOOP_NEW_SAME","submodule","Servers\Libs\NetTopologySuite.Curved\NetTopologySuite\test\NetTopologySuite.TestRunner\Utility\ClassUtility.cs"
"NOOP_NEW_SAME","submodule","Servers\Libs\NetTopologySuite.Curved\NetTopologySuite\test\NetTopologySuite.TestRunner\Utility\DoubleKeyMap.cs"
"NOOP_NEW_SAME","submodule","Servers\Libs\NetTopologySuite.Curved\NetTopologySuite\test\NetTopologySuite.TestRunner\Utility\GeometryDataUtil.cs"
"NOOP_NEW_SAME","submodule","Servers\Libs\NetTopologySuite.Curved\NetTopologySuite\test\NetTopologySuite.TestRunner\Utility\IOUtility.cs"
"NOOP_NEW_SAME","submodule","Servers\Libs\NetTopologySuite.Curved\NetTopologySuite\test\NetTopologySuite.TestRunner\Utility\MultiFormatReader.cs"
"NOOP_NEW_SAME","submodule","Servers\Libs\NetTopologySuite.Curved\NetTopologySuite\test\NetTopologySuite.TestRunner\Utility\StringUtility.cs"
"NOOP_NEW_SAME","submodule","Servers\Libs\NetTopologySuite.Curved\NetTopologySuite\test\NetTopologySuite.TestRunner\XmlTestCollection.cs"
"NOOP_NEW_SAME","submodule","Servers\Libs\NetTopologySuite.Curved\NetTopologySuite\test\NetTopologySuite.TestRunner\XmlTestController.cs"
"NOOP_NEW_SAME","submodule","Servers\Libs\NetTopologySuite.Curved\NetTopologySuite\test\NetTopologySuite.TestRunner\XmlTestDocument.cs"
"NOOP_NEW_SAME","submodule","Servers\Libs\NetTopologySuite.Curved\NetTopologySuite\test\NetTopologySuite.TestRunner\XmlTestExceptionManager.cs"
"NOOP_NEW_SAME","submodule","Servers\Libs\NetTopologySuite.Curved\NetTopologySuite\test\NetTopologySuite.TestRunner\XmlTestFactory.cs"
"NOOP_NEW_SAME","submodule","Servers\Libs\NetTopologySuite.Curved\NetTopologySuite\test\NetTopologySuite.TestRunner\XmlTestInfo.cs"
"NOOP_NEW_SAME","submodule","Servers\Libs\NetTopologySuite.Curved\NetTopologySuite\test\NetTopologySuite.TestRunner\XmlTestTimer.cs"
"NOOP_NEW_SAME","submodule","Servers\Libs\NetTopologySuite.Curved\NetTopologySuite\test\NetTopologySuite.Tests.NUnit.Performance\NetTopologySuite.Tests.NUnit.Performance.csproj"
"NOOP_NEW_SAME","submodule","Servers\Libs\NetTopologySuite.Curved\NetTopologySuite\test\NetTopologySuite.Tests.NUnit.Performance\Performance\Algorithm\DDOrientationIndexAccuracyTest.cs"
"NOOP_NEW_SAME","submodule","Servers\Libs\NetTopologySuite.Curved\NetTopologySuite\test\NetTopologySuite.Tests.NUnit.Performance\Performance\Algorithm\DDOrientationIndexCorrectTest.cs"
"NOOP_NEW_SAME","submodule","Servers\Libs\NetTopologySuite.Curved\NetTopologySuite\test\NetTopologySuite.Tests.NUnit.Performance\Performance\Algorithm\DistanceLineLineStressTest.cs"
"NOOP_NEW_SAME","submodule","Servers\Libs\NetTopologySuite.Curved\NetTopologySuite\test\NetTopologySuite.Tests.NUnit.Performance\Performance\Algorithm\IndexedPointInAreaPerfTest.cs"
"NOOP_NEW_SAME","submodule","Servers\Libs\NetTopologySuite.Curved\NetTopologySuite\test\NetTopologySuite.Tests.NUnit.Performance\Performance\Algorithm\IndexedPointInAreaStressTest.cs"
"NOOP_NEW_SAME","submodule","Servers\Libs\NetTopologySuite.Curved\NetTopologySuite\test\NetTopologySuite.Tests.NUnit.Performance\Performance\Algorithm\InteriorPointAreaPerfTest.cs"
"NOOP_NEW_SAME","submodule","Servers\Libs\NetTopologySuite.Curved\NetTopologySuite\test\NetTopologySuite.Tests.NUnit.Performance\Performance\Algorithm\IntersectionAlgorithms.cs"
"NOOP_NEW_SAME","submodule","Servers\Libs\NetTopologySuite.Curved\NetTopologySuite\test\NetTopologySuite.Tests.NUnit.Performance\Performance\Algorithm\IntersectionPerfTest.cs"
"NOOP_NEW_SAME","submodule","Servers\Libs\NetTopologySuite.Curved\NetTopologySuite\test\NetTopologySuite.Tests.NUnit.Performance\Performance\Algorithm\IntersectionStressTest.cs"
"NOOP_NEW_SAME","submodule","Servers\Libs\NetTopologySuite.Curved\NetTopologySuite\test\NetTopologySuite.Tests.NUnit.Performance\Performance\Algorithm\LineIntersectorBenchmark.cs"
"NOOP_NEW_SAME","submodule","Servers\Libs\NetTopologySuite.Curved\NetTopologySuite\test\NetTopologySuite.Tests.NUnit.Performance\Performance\Algorithm\MinimumBoundingCircleStressTest.cs"
"NOOP_NEW_SAME","submodule","Servers\Libs\NetTopologySuite.Curved\NetTopologySuite\test\NetTopologySuite.Tests.NUnit.Performance\Performance\Algorithm\PerturbedGridPolygonBuilder.cs"
"NOOP_NEW_SAME","submodule","Servers\Libs\NetTopologySuite.Curved\NetTopologySuite\test\NetTopologySuite.Tests.NUnit.Performance\Performance\Algorithm\PointInRingRobustnessTest.cs"
"NOOP_NEW_SAME","submodule","Servers\Libs\NetTopologySuite.Curved\NetTopologySuite\test\NetTopologySuite.Tests.NUnit.Performance\Performance\Algorithm\SimpleRayCrossingStressTest.cs"
"NOOP_NEW_SAME","submodule","Servers\Libs\NetTopologySuite.Curved\NetTopologySuite\test\NetTopologySuite.Tests.NUnit.Performance\Performance\AreaPrecisionPerformanceTest.cs"
"NOOP_NEW_SAME","submodule","Servers\Libs\NetTopologySuite.Curved\NetTopologySuite\test\NetTopologySuite.Tests.NUnit.Performance\Performance\Clip\RectangleClipPolygonPerformanceTest.cs"
"NOOP_NEW_SAME","submodule","Servers\Libs\NetTopologySuite.Curved\NetTopologySuite\test\NetTopologySuite.Tests.NUnit.Performance\Performance\Dissolve\LineDissolveStressTest.cs"
"NOOP_NEW_SAME","submodule","Servers\Libs\NetTopologySuite.Curved\NetTopologySuite\test\NetTopologySuite.Tests.NUnit.Performance\Performance\ExamplePerformanceTest.cs"
"NOOP_NEW_SAME","submodule","Servers\Libs\NetTopologySuite.Curved\NetTopologySuite\test\NetTopologySuite.Tests.NUnit.Performance\Performance\Index\CountItemVisitor.cs"
"NOOP_NEW_SAME","submodule","Servers\Libs\NetTopologySuite.Curved\NetTopologySuite\test\NetTopologySuite.Tests.NUnit.Performance\Performance\Index\IIndex.cs"
"NOOP_NEW_SAME","submodule","Servers\Libs\NetTopologySuite.Curved\NetTopologySuite\test\NetTopologySuite.Tests.NUnit.Performance\Performance\Index\IndexTester.cs"
"NOOP_NEW_SAME","submodule","Servers\Libs\NetTopologySuite.Curved\NetTopologySuite\test\NetTopologySuite.Tests.NUnit.Performance\Performance\Index\RtreeStressTest.cs"
"NOOP_NEW_SAME","submodule","Servers\Libs\NetTopologySuite.Curved\NetTopologySuite\test\NetTopologySuite.Tests.NUnit.Performance\Performance\Index\TreeTimeTest.cs"
"NOOP_NEW_SAME","submodule","Servers\Libs\NetTopologySuite.Curved\NetTopologySuite\test\NetTopologySuite.Tests.NUnit.Performance\Performance\Mathematics\DDExpressionPerformance.cs"
"NOOP_NEW_SAME","submodule","Servers\Libs\NetTopologySuite.Curved\NetTopologySuite\test\NetTopologySuite.Tests.NUnit.Performance\Performance\Mathematics\TriPredicate.cs"
"NOOP_NEW_SAME","submodule","Servers\Libs\NetTopologySuite.Curved\NetTopologySuite\test\NetTopologySuite.Tests.NUnit.Performance\Performance\Operation\Buffer\DepthSegmentStressTest.cs"
"NOOP_NEW_SAME","submodule","Servers\Libs\NetTopologySuite.Curved\NetTopologySuite\test\NetTopologySuite.Tests.NUnit.Performance\Performance\Operation\OverlayNG\OverlayNGPerfTest.cs"
"NOOP_NEW_SAME","submodule","Servers\Libs\NetTopologySuite.Curved\NetTopologySuite\test\NetTopologySuite.Tests.NUnit.Performance\Performance\Operation\OverlayNG\RandomPolygonOverlayFuzzer.cs"
"NOOP_NEW_SAME","submodule","Servers\Libs\NetTopologySuite.Curved\NetTopologySuite\test\NetTopologySuite.Tests.NUnit.Performance\Performance\Operation\Union\UnionPerfTester.cs"
"NOOP_NEW_SAME","submodule","Servers\Libs\NetTopologySuite.Curved\NetTopologySuite\test\NetTopologySuite.Tests.NUnit.Performance\Performance\Operation\Valid\IsValidPolygonPerformanceTest.cs"
"NOOP_NEW_SAME","submodule","Servers\Libs\NetTopologySuite.Curved\NetTopologySuite\test\NetTopologySuite.Tests.NUnit.Performance\Performance\Operation\Valid\ValidStressTest.cs"
"NOOP_NEW_SAME","submodule","Servers\Libs\NetTopologySuite.Curved\NetTopologySuite\test\NetTopologySuite.Tests.NUnit.Performance\Performance\PerformanceTestCase.cs"
"NOOP_NEW_SAME","submodule","Servers\Libs\NetTopologySuite.Curved\NetTopologySuite\test\NetTopologySuite.Tests.NUnit.Performance\Performance\PerformanceTestRunner.cs"
"NOOP_NEW_SAME","submodule","Servers\Libs\NetTopologySuite.Curved\NetTopologySuite\test\NetTopologySuite.Tests.NUnit.Performance\Performance\ThreadTestCase.cs"
"NOOP_NEW_SAME","submodule","Servers\Libs\NetTopologySuite.Curved\NetTopologySuite\test\NetTopologySuite.Tests.NUnit.Performance\Performance\ThreadTestRunner.cs"
"NOOP_NEW_SAME","submodule","Servers\Libs\NetTopologySuite.Curved\NetTopologySuite\test\NetTopologySuite.Tests.NUnit\Algorithm\AbstractPointInRingTest.cs"
"NOOP_NEW_SAME","submodule","Servers\Libs\NetTopologySuite.Curved\NetTopologySuite\test\NetTopologySuite.Tests.NUnit\Algorithm\AngleTest.cs"
"NOOP_NEW_SAME","submodule","Servers\Libs\NetTopologySuite.Curved\NetTopologySuite\test\NetTopologySuite.Tests.NUnit\Algorithm\AreaTest.cs"
"NOOP_NEW_SAME","submodule","Servers\Libs\NetTopologySuite.Curved\NetTopologySuite\test\NetTopologySuite.Tests.NUnit\Algorithm\CentroidTest.cs"
"NOOP_NEW_SAME","submodule","Servers\Libs\NetTopologySuite.Curved\NetTopologySuite\test\NetTopologySuite.Tests.NUnit\Algorithm\CGAlgorithmsTest.cs"
"NOOP_NEW_SAME","submodule","Servers\Libs\NetTopologySuite.Curved\NetTopologySuite\test\NetTopologySuite.Tests.NUnit\Algorithm\ComputeOrientationTest.cs"
"NOOP_NEW_SAME","submodule","Servers\Libs\NetTopologySuite.Curved\NetTopologySuite\test\NetTopologySuite.Tests.NUnit\Algorithm\Construct\LargestEmptyCircleTest.cs"
"NOOP_NEW_SAME","submodule","Servers\Libs\NetTopologySuite.Curved\NetTopologySuite\test\NetTopologySuite.Tests.NUnit\Algorithm\ConvexHullTest.cs"
"NOOP_NEW_SAME","submodule","Servers\Libs\NetTopologySuite.Curved\NetTopologySuite\test\NetTopologySuite.Tests.NUnit\Algorithm\DistanceComputerTest.cs"
"NOOP_NEW_SAME","submodule","Servers\Libs\NetTopologySuite.Curved\NetTopologySuite\test\NetTopologySuite.Tests.NUnit\Algorithm\InteriorPointTest.cs"
"NOOP_NEW_SAME","submodule","Servers\Libs\NetTopologySuite.Curved\NetTopologySuite\test\NetTopologySuite.Tests.NUnit\Algorithm\IntersectionTest.cs"
"NOOP_NEW_SAME","submodule","Servers\Libs\NetTopologySuite.Curved\NetTopologySuite\test\NetTopologySuite.Tests.NUnit\Algorithm\LengthTest.cs"
"NOOP_NEW_SAME","submodule","Servers\Libs\NetTopologySuite.Curved\NetTopologySuite\test\NetTopologySuite.Tests.NUnit\Algorithm\LocatePointInRingTest.cs"
"NOOP_NEW_SAME","submodule","Servers\Libs\NetTopologySuite.Curved\NetTopologySuite\test\NetTopologySuite.Tests.NUnit\Algorithm\MinimumBoundingCircleTest.cs"
"NOOP_NEW_SAME","submodule","Servers\Libs\NetTopologySuite.Curved\NetTopologySuite\test\NetTopologySuite.Tests.NUnit\Algorithm\MinimumDiameterTest.cs"
"NOOP_NEW_SAME","submodule","Servers\Libs\NetTopologySuite.Curved\NetTopologySuite\test\NetTopologySuite.Tests.NUnit\Algorithm\NonRobustCGAlgorithms.cs"
"NOOP_NEW_SAME","submodule","Servers\Libs\NetTopologySuite.Curved\NetTopologySuite\test\NetTopologySuite.Tests.NUnit\Algorithm\NonRobustLineIntersector.cs"
"NOOP_NEW_SAME","submodule","Servers\Libs\NetTopologySuite.Curved\NetTopologySuite\test\NetTopologySuite.Tests.NUnit\Algorithm\NonRobustLineIntersectorTest.cs"
"NOOP_NEW_SAME","submodule","Servers\Libs\NetTopologySuite.Curved\NetTopologySuite\test\NetTopologySuite.Tests.NUnit\Algorithm\OrientationIndexFailureTest.cs"
"NOOP_NEW_SAME","submodule","Servers\Libs\NetTopologySuite.Curved\NetTopologySuite\test\NetTopologySuite.Tests.NUnit\Algorithm\OrientationIndexTest.cs"
"NOOP_NEW_SAME","submodule","Servers\Libs\NetTopologySuite.Curved\NetTopologySuite\test\NetTopologySuite.Tests.NUnit\Algorithm\PointInAreaStressTester.cs"
"NOOP_NEW_SAME","submodule","Servers\Libs\NetTopologySuite.Curved\NetTopologySuite\test\NetTopologySuite.Tests.NUnit\Algorithm\PointInRingTest.cs"
"NOOP_NEW_SAME","submodule","Servers\Libs\NetTopologySuite.Curved\NetTopologySuite\test\NetTopologySuite.Tests.NUnit\Algorithm\PointLocationOn4DLineTest.cs"
"NOOP_NEW_SAME","submodule","Servers\Libs\NetTopologySuite.Curved\NetTopologySuite\test\NetTopologySuite.Tests.NUnit\Algorithm\PointLocationOnLineTest.cs"
"NOOP_NEW_SAME","submodule","Servers\Libs\NetTopologySuite.Curved\NetTopologySuite\test\NetTopologySuite.Tests.NUnit\Algorithm\PointLocatorTest.cs"
"NOOP_NEW_SAME","submodule","Servers\Libs\NetTopologySuite.Curved\NetTopologySuite\test\NetTopologySuite.Tests.NUnit\Algorithm\RayCrossingCounterTest.cs"
"NOOP_NEW_SAME","submodule","Servers\Libs\NetTopologySuite.Curved\NetTopologySuite\test\NetTopologySuite.Tests.NUnit\Algorithm\RectangleIntersectsTest.cs"
"NOOP_NEW_SAME","submodule","Servers\Libs\NetTopologySuite.Curved\NetTopologySuite\test\NetTopologySuite.Tests.NUnit\Algorithm\RobustLineIntersectionTest.cs"
"NOOP_NEW_SAME","submodule","Servers\Libs\NetTopologySuite.Curved\NetTopologySuite\test\NetTopologySuite.Tests.NUnit\Algorithm\RobustLineIntersectorTest.cs"
"NOOP_NEW_SAME","submodule","Servers\Libs\NetTopologySuite.Curved\NetTopologySuite\test\NetTopologySuite.Tests.NUnit\Algorithm\RobustLineIntersectorZTest.cs"
"NOOP_NEW_SAME","submodule","Servers\Libs\NetTopologySuite.Curved\NetTopologySuite\test\NetTopologySuite.Tests.NUnit\Algorithm\ShewchuksDeterminant.cs"
"NOOP_NEW_SAME","submodule","Servers\Libs\NetTopologySuite.Curved\NetTopologySuite\test\NetTopologySuite.Tests.NUnit\AssemblyInfo.cs"
"NOOP_NEW_SAME","submodule","Servers\Libs\NetTopologySuite.Curved\NetTopologySuite\test\NetTopologySuite.Tests.NUnit\Clip\RectanglePolygonClipTest.cs"
"NOOP_NEW_SAME","submodule","Servers\Libs\NetTopologySuite.Curved\NetTopologySuite\test\NetTopologySuite.Tests.NUnit\Densify\DensifierTest.cs"
"NOOP_NEW_SAME","submodule","Servers\Libs\NetTopologySuite.Curved\NetTopologySuite\test\NetTopologySuite.Tests.NUnit\Dissolve\LineDissolverTest.cs"
"NOOP_NEW_SAME","submodule","Servers\Libs\NetTopologySuite.Curved\NetTopologySuite\test\NetTopologySuite.Tests.NUnit\EdgeGraph\EdgeGraphTest.cs"
"NOOP_NEW_SAME","submodule","Servers\Libs\NetTopologySuite.Curved\NetTopologySuite\test\NetTopologySuite.Tests.NUnit\Geometries\AdditionalCoordinateTest.cs"
"NOOP_NEW_SAME","submodule","Servers\Libs\NetTopologySuite.Curved\NetTopologySuite\test\NetTopologySuite.Tests.NUnit\Geometries\AreaLengthTest.cs"
"NOOP_NEW_SAME","submodule","Servers\Libs\NetTopologySuite.Curved\NetTopologySuite\test\NetTopologySuite.Tests.NUnit\Geometries\BidirectionalComparatorTest.cs"
"NOOP_NEW_SAME","submodule","Servers\Libs\NetTopologySuite.Curved\NetTopologySuite\test\NetTopologySuite.Tests.NUnit\Geometries\CoordinateArraysTest.cs"
"NOOP_NEW_SAME","submodule","Servers\Libs\NetTopologySuite.Curved\NetTopologySuite\test\NetTopologySuite.Tests.NUnit\Geometries\CoordinateListTest.cs"
"NOOP_NEW_SAME","submodule","Servers\Libs\NetTopologySuite.Curved\NetTopologySuite\test\NetTopologySuite.Tests.NUnit\Geometries\CoordinateSequencesTest.cs"
"NOOP_NEW_SAME","submodule","Servers\Libs\NetTopologySuite.Curved\NetTopologySuite\test\NetTopologySuite.Tests.NUnit\Geometries\CoordinateTest.cs"
"NOOP_NEW_SAME","submodule","Servers\Libs\NetTopologySuite.Curved\NetTopologySuite\test\NetTopologySuite.Tests.NUnit\Geometries\EnvelopeTest.cs"
"NOOP_NEW_SAME","submodule","Servers\Libs\NetTopologySuite.Curved\NetTopologySuite\test\NetTopologySuite.Tests.NUnit\Geometries\GeometryCollectionEnumeratorTest.cs"
"NOOP_NEW_SAME","submodule","Servers\Libs\NetTopologySuite.Curved\NetTopologySuite\test\NetTopologySuite.Tests.NUnit\Geometries\GeometryCollectionImplTest.cs"
"NOOP_NEW_SAME","submodule","Servers\Libs\NetTopologySuite.Curved\NetTopologySuite\test\NetTopologySuite.Tests.NUnit\Geometries\GeometryCompareToTest.cs"
"NOOP_NEW_SAME","submodule","Servers\Libs\NetTopologySuite.Curved\NetTopologySuite\test\NetTopologySuite.Tests.NUnit\Geometries\GeometryCopyTest.cs"
"NOOP_NEW_SAME","submodule","Servers\Libs\NetTopologySuite.Curved\NetTopologySuite\test\NetTopologySuite.Tests.NUnit\Geometries\GeometryFactoryExTest.cs"
"NOOP_NEW_SAME","submodule","Servers\Libs\NetTopologySuite.Curved\NetTopologySuite\test\NetTopologySuite.Tests.NUnit\Geometries\GeometryFactoryTest.cs"
"NOOP_NEW_SAME","submodule","Servers\Libs\NetTopologySuite.Curved\NetTopologySuite\test\NetTopologySuite.Tests.NUnit\Geometries\GeometryImplTest.cs"
"NOOP_NEW_SAME","submodule","Servers\Libs\NetTopologySuite.Curved\NetTopologySuite\test\NetTopologySuite.Tests.NUnit\Geometries\GeometryOpGCUnsupportedTest.cs"
"NOOP_NEW_SAME","submodule","Servers\Libs\NetTopologySuite.Curved\NetTopologySuite\test\NetTopologySuite.Tests.NUnit\Geometries\GeometryOverlayTest.cs"
"NOOP_NEW_SAME","submodule","Servers\Libs\NetTopologySuite.Curved\NetTopologySuite\test\NetTopologySuite.Tests.NUnit\Geometries\GeometryReverseTest.cs"
"NOOP_NEW_SAME","submodule","Servers\Libs\NetTopologySuite.Curved\NetTopologySuite\test\NetTopologySuite.Tests.NUnit\Geometries\GeometryTestData.cs"
"NOOP_NEW_SAME","submodule","Servers\Libs\NetTopologySuite.Curved\NetTopologySuite\test\NetTopologySuite.Tests.NUnit\Geometries\GeometryTestFactory.cs"
"NOOP_NEW_SAME","submodule","Servers\Libs\NetTopologySuite.Curved\NetTopologySuite\test\NetTopologySuite.Tests.NUnit\Geometries\Implementation\BaseCoordinateSequenceTest.cs"
"NOOP_NEW_SAME","submodule","Servers\Libs\NetTopologySuite.Curved\NetTopologySuite\test\NetTopologySuite.Tests.NUnit\Geometries\Implementation\BasicCoordinateSequenceTest.cs"
"NOOP_NEW_SAME","submodule","Servers\Libs\NetTopologySuite.Curved\NetTopologySuite\test\NetTopologySuite.Tests.NUnit\Geometries\Implementation\CoordinateArraySequenceTest.cs"
"NOOP_NEW_SAME","submodule","Servers\Libs\NetTopologySuite.Curved\NetTopologySuite\test\NetTopologySuite.Tests.NUnit\Geometries\Implementation\CoordinateSequenceReversedTest.cs"
"NOOP_NEW_SAME","submodule","Servers\Libs\NetTopologySuite.Curved\NetTopologySuite\test\NetTopologySuite.Tests.NUnit\Geometries\Implementation\CoordinateSequenceTestBase.cs"
"NOOP_NEW_SAME","submodule","Servers\Libs\NetTopologySuite.Curved\NetTopologySuite\test\NetTopologySuite.Tests.NUnit\Geometries\Implementation\PackedCoordinateSequenceDoubleTest.cs"
"NOOP_NEW_SAME","submodule","Servers\Libs\NetTopologySuite.Curved\NetTopologySuite\test\NetTopologySuite.Tests.NUnit\Geometries\Implementation\PackedCoordinateSequenceFloatTest.cs"
"NOOP_NEW_SAME","submodule","Servers\Libs\NetTopologySuite.Curved\NetTopologySuite\test\NetTopologySuite.Tests.NUnit\Geometries\Implementation\PackedCoordinateSequenceTest.cs"
"NOOP_NEW_SAME","submodule","Servers\Libs\NetTopologySuite.Curved\NetTopologySuite\test\NetTopologySuite.Tests.NUnit\Geometries\Implementation\RawCoordinateSequenceFactoryTest.cs"
"NOOP_NEW_SAME","submodule","Servers\Libs\NetTopologySuite.Curved\NetTopologySuite\test\NetTopologySuite.Tests.NUnit\Geometries\Implementation\RawCoordinateSequenceTest.cs"
"NOOP_NEW_SAME","submodule","Servers\Libs\NetTopologySuite.Curved\NetTopologySuite\test\NetTopologySuite.Tests.NUnit\Geometries\IntervalTest.cs"
"NOOP_NEW_SAME","submodule","Servers\Libs\NetTopologySuite.Curved\NetTopologySuite\test\NetTopologySuite.Tests.NUnit\Geometries\IsRectangleTest.cs"
"NOOP_NEW_SAME","submodule","Servers\Libs\NetTopologySuite.Curved\NetTopologySuite\test\NetTopologySuite.Tests.NUnit\Geometries\MiscellaneousTest.cs"
"NOOP_NEW_SAME","submodule","Servers\Libs\NetTopologySuite.Curved\NetTopologySuite\test\NetTopologySuite.Tests.NUnit\Geometries\MultiPointImplTest.cs"
"NOOP_NEW_SAME","submodule","Servers\Libs\NetTopologySuite.Curved\NetTopologySuite\test\NetTopologySuite.Tests.NUnit\Geometries\NormalizeTest.cs"
"NOOP_NEW_SAME","submodule","Servers\Libs\NetTopologySuite.Curved\NetTopologySuite\test\NetTopologySuite.Tests.NUnit\Geometries\PointImplTest.cs"
"NOOP_NEW_SAME","submodule","Servers\Libs\NetTopologySuite.Curved\NetTopologySuite\test\NetTopologySuite.Tests.NUnit\Geometries\PrecisionModelTest.cs"
"NOOP_NEW_SAME","submodule","Servers\Libs\NetTopologySuite.Curved\NetTopologySuite\test\NetTopologySuite.Tests.NUnit\Geometries\PredicateShortCircuitTest.cs"
"NOOP_NEW_SAME","submodule","Servers\Libs\NetTopologySuite.Curved\NetTopologySuite\test\NetTopologySuite.Tests.NUnit\Geometries\Prepared\StressTestHarness.cs"
"NOOP_NEW_SAME","submodule","Servers\Libs\NetTopologySuite.Curved\NetTopologySuite\test\NetTopologySuite.Tests.NUnit\Geometries\RectanglePredicateSyntheticTest.cs"
"NOOP_NEW_SAME","submodule","Servers\Libs\NetTopologySuite.Curved\NetTopologySuite\test\NetTopologySuite.Tests.NUnit\Geometries\RectanglePredicateTest.cs"
"NOOP_NEW_SAME","submodule","Servers\Libs\NetTopologySuite.Curved\NetTopologySuite\test\NetTopologySuite.Tests.NUnit\Geometries\SegmentDensifier.cs"
"NOOP_NEW_SAME","submodule","Servers\Libs\NetTopologySuite.Curved\NetTopologySuite\test\NetTopologySuite.Tests.NUnit\Geometries\TestShapeFactory.cs"
"NOOP_NEW_SAME","submodule","Servers\Libs\NetTopologySuite.Curved\NetTopologySuite\test\NetTopologySuite.Tests.NUnit\Geometries\TriangleCircumcentreTest.cs"
"NOOP_NEW_SAME","submodule","Servers\Libs\NetTopologySuite.Curved\NetTopologySuite\test\NetTopologySuite.Tests.NUnit\Geometries\TriangleTest.cs"
"NOOP_NEW_SAME","submodule","Servers\Libs\NetTopologySuite.Curved\NetTopologySuite\test\NetTopologySuite.Tests.NUnit\Geometries\Utility\AffineTransformationBuilderTest.cs"
"NOOP_NEW_SAME","submodule","Servers\Libs\NetTopologySuite.Curved\NetTopologySuite\test\NetTopologySuite.Tests.NUnit\Geometries\Utility\AffineTransformationTest.cs"
"NOOP_NEW_SAME","submodule","Servers\Libs\NetTopologySuite.Curved\NetTopologySuite\test\NetTopologySuite.Tests.NUnit\GeometryServiceProviderTest.cs"
"NOOP_NEW_SAME","submodule","Servers\Libs\NetTopologySuite.Curved\NetTopologySuite\test\NetTopologySuite.Tests.NUnit\GeometryTestCase.cs"
"NOOP_NEW_SAME","submodule","Servers\Libs\NetTopologySuite.Curved\NetTopologySuite\test\NetTopologySuite.Tests.NUnit\Hull\ChiShapeTest.cs"
"NOOP_NEW_SAME","submodule","Servers\Libs\NetTopologySuite.Curved\NetTopologySuite\test\NetTopologySuite.Tests.NUnit\Hull\ConcaveHullTest.cs"
"NOOP_NEW_SAME","submodule","Servers\Libs\NetTopologySuite.Curved\NetTopologySuite\test\NetTopologySuite.Tests.NUnit\Index\Bintree\BinTreeCorrectTest.cs"
"NOOP_NEW_SAME","submodule","Servers\Libs\NetTopologySuite.Curved\NetTopologySuite\test\NetTopologySuite.Tests.NUnit\Index\Bintree\IntervalTest.cs"
"NOOP_NEW_SAME","submodule","Servers\Libs\NetTopologySuite.Curved\NetTopologySuite\test\NetTopologySuite.Tests.NUnit\Index\HPRtree\HPRtreeTest.cs"
"NOOP_NEW_SAME","submodule","Servers\Libs\NetTopologySuite.Curved\NetTopologySuite\test\NetTopologySuite.Tests.NUnit\Index\KdTree\KdTreeTest.cs"
"NOOP_NEW_SAME","submodule","Servers\Libs\NetTopologySuite.Curved\NetTopologySuite\test\NetTopologySuite.Tests.NUnit\Index\Quadtree\DoubleBitsTest.cs"
"NOOP_NEW_SAME","submodule","Servers\Libs\NetTopologySuite.Curved\NetTopologySuite\test\NetTopologySuite.Tests.NUnit\Index\Quadtree\QuadtreeCorrectTest.cs"
"NOOP_NEW_SAME","submodule","Servers\Libs\NetTopologySuite.Curved\NetTopologySuite\test\NetTopologySuite.Tests.NUnit\Index\SpatialIndexTest.cs"
"NOOP_NEW_SAME","submodule","Servers\Libs\NetTopologySuite.Curved\NetTopologySuite\test\NetTopologySuite.Tests.NUnit\Index\SpatialIndexTester.cs"
"NOOP_NEW_SAME","submodule","Servers\Libs\NetTopologySuite.Curved\NetTopologySuite\test\NetTopologySuite.Tests.NUnit\Index\Strtree\GeometryDistanceComparer.cs"
"NOOP_NEW_SAME","submodule","Servers\Libs\NetTopologySuite.Curved\NetTopologySuite\test\NetTopologySuite.Tests.NUnit\Index\Strtree\IntervalTest.cs"
"NOOP_NEW_SAME","submodule","Servers\Libs\NetTopologySuite.Curved\NetTopologySuite\test\NetTopologySuite.Tests.NUnit\Index\Strtree\SIRtreeTest.cs"
"NOOP_NEW_SAME","submodule","Servers\Libs\NetTopologySuite.Curved\NetTopologySuite\test\NetTopologySuite.Tests.NUnit\Index\Strtree\STRtreeDemo.cs"
"NOOP_NEW_SAME","submodule","Servers\Libs\NetTopologySuite.Curved\NetTopologySuite\test\NetTopologySuite.Tests.NUnit\Index\Strtree\STRTreeNearestNeighbourTest.cs"
"NOOP_NEW_SAME","submodule","Servers\Libs\NetTopologySuite.Curved\NetTopologySuite\test\NetTopologySuite.Tests.NUnit\Index\Strtree\STRtreeTest.cs"
"NOOP_NEW_SAME","submodule","Servers\Libs\NetTopologySuite.Curved\NetTopologySuite\test\NetTopologySuite.Tests.NUnit\IO\GML2\GMLReaderTest.cs"
"NOOP_NEW_SAME","submodule","Servers\Libs\NetTopologySuite.Curved\NetTopologySuite\test\NetTopologySuite.Tests.NUnit\IO\GML2\GMLReaderTestFromJts.cs"
"NOOP_NEW_SAME","submodule","Servers\Libs\NetTopologySuite.Curved\NetTopologySuite\test\NetTopologySuite.Tests.NUnit\IO\GML2\GMLWriterTest.cs"
"NOOP_NEW_SAME","submodule","Servers\Libs\NetTopologySuite.Curved\NetTopologySuite\test\NetTopologySuite.Tests.NUnit\IO\GML3\GML3WriterTest.cs"
"NOOP_NEW_SAME","submodule","Servers\Libs\NetTopologySuite.Curved\NetTopologySuite\test\NetTopologySuite.Tests.NUnit\IO\KML\KMLReaderTest.cs"
"NOOP_NEW_SAME","submodule","Servers\Libs\NetTopologySuite.Curved\NetTopologySuite\test\NetTopologySuite.Tests.NUnit\IO\KML\KMLWriterTest.cs"
"NOOP_NEW_SAME","submodule","Servers\Libs\NetTopologySuite.Curved\NetTopologySuite\test\NetTopologySuite.Tests.NUnit\IO\OrdinateFormatTest.cs"
"NOOP_NEW_SAME","submodule","Servers\Libs\NetTopologySuite.Curved\NetTopologySuite\test\NetTopologySuite.Tests.NUnit\IO\SerializabilityTest.cs"
"NOOP_NEW_SAME","submodule","Servers\Libs\NetTopologySuite.Curved\NetTopologySuite\test\NetTopologySuite.Tests.NUnit\IO\WKBReaderTest.cs"
"NOOP_NEW_SAME","submodule","Servers\Libs\NetTopologySuite.Curved\NetTopologySuite\test\NetTopologySuite.Tests.NUnit\IO\WKBTest.cs"
"NOOP_NEW_SAME","submodule","Servers\Libs\NetTopologySuite.Curved\NetTopologySuite\test\NetTopologySuite.Tests.NUnit\IO\WKBWriterTest.cs"
"NOOP_NEW_SAME","submodule","Servers\Libs\NetTopologySuite.Curved\NetTopologySuite\test\NetTopologySuite.Tests.NUnit\IO\WKTReaderExpTest.cs"
"NOOP_NEW_SAME","submodule","Servers\Libs\NetTopologySuite.Curved\NetTopologySuite\test\NetTopologySuite.Tests.NUnit\IO\WKTReaderParseErrorTest.cs"
"NOOP_NEW_SAME","submodule","Servers\Libs\NetTopologySuite.Curved\NetTopologySuite\test\NetTopologySuite.Tests.NUnit\IO\WKTReaderTest.cs"
"NOOP_NEW_SAME","submodule","Servers\Libs\NetTopologySuite.Curved\NetTopologySuite\test\NetTopologySuite.Tests.NUnit\IO\WKTReadWriteTest.cs"
"NOOP_NEW_SAME","submodule","Servers\Libs\NetTopologySuite.Curved\NetTopologySuite\test\NetTopologySuite.Tests.NUnit\IO\WKTWriterStaticFnTest.cs"
"NOOP_NEW_SAME","submodule","Servers\Libs\NetTopologySuite.Curved\NetTopologySuite\test\NetTopologySuite.Tests.NUnit\IO\WKTWriterTest.cs"
"NOOP_NEW_SAME","submodule","Servers\Libs\NetTopologySuite.Curved\NetTopologySuite\test\NetTopologySuite.Tests.NUnit\LinearReferencing\LengthIndexedLineTest.cs"
"NOOP_NEW_SAME","submodule","Servers\Libs\NetTopologySuite.Curved\NetTopologySuite\test\NetTopologySuite.Tests.NUnit\LinearReferencing\LocationIndexedLineTest.cs"
"NOOP_NEW_SAME","submodule","Servers\Libs\NetTopologySuite.Curved\NetTopologySuite\test\NetTopologySuite.Tests.NUnit\Mathematics\DDComputeTest.cs"
"NOOP_NEW_SAME","submodule","Servers\Libs\NetTopologySuite.Curved\NetTopologySuite\test\NetTopologySuite.Tests.NUnit\Mathematics\DDIOTest.cs"
"NOOP_NEW_SAME","submodule","Servers\Libs\NetTopologySuite.Curved\NetTopologySuite\test\NetTopologySuite.Tests.NUnit\Mathematics\Vector2DTest.cs"
"NOOP_NEW_SAME","submodule","Servers\Libs\NetTopologySuite.Curved\NetTopologySuite\test\NetTopologySuite.Tests.NUnit\NetTopologySuite.Tests.NUnit.csproj"
"NOOP_NEW_SAME","submodule","Servers\Libs\NetTopologySuite.Curved\NetTopologySuite\test\NetTopologySuite.Tests.NUnit\Noding\FastNodingValidatorTest.cs"
"NOOP_NEW_SAME","submodule","Servers\Libs\NetTopologySuite.Curved\NetTopologySuite\test\NetTopologySuite.Tests.NUnit\Noding\NodedSegmentStringTest.cs"
"NOOP_NEW_SAME","submodule","Servers\Libs\NetTopologySuite.Curved\NetTopologySuite\test\NetTopologySuite.Tests.NUnit\Noding\NodingTestUtility.cs"
"NOOP_NEW_SAME","submodule","Servers\Libs\NetTopologySuite.Curved\NetTopologySuite\test\NetTopologySuite.Tests.NUnit\Noding\SegmentPointComparatorTest.cs"
"NOOP_NEW_SAME","submodule","Servers\Libs\NetTopologySuite.Curved\NetTopologySuite\test\NetTopologySuite.Tests.NUnit\Noding\Snap\SnappingNoderTest.cs"
"NOOP_NEW_SAME","submodule","Servers\Libs\NetTopologySuite.Curved\NetTopologySuite\test\NetTopologySuite.Tests.NUnit\Noding\Snapround\HotPixelTest.cs"
"NOOP_NEW_SAME","submodule","Servers\Libs\NetTopologySuite.Curved\NetTopologySuite\test\NetTopologySuite.Tests.NUnit\Noding\Snapround\SnapRoundingNoderTest.cs"
"NOOP_NEW_SAME","submodule","Servers\Libs\NetTopologySuite.Curved\NetTopologySuite\test\NetTopologySuite.Tests.NUnit\Noding\Snapround\SnapRoundingNoderTestOne.cs"
"NOOP_NEW_SAME","submodule","Servers\Libs\NetTopologySuite.Curved\NetTopologySuite\test\NetTopologySuite.Tests.NUnit\Operation\Buffer\BufferResultValidatorTest.cs"
"NOOP_NEW_SAME","submodule","Servers\Libs\NetTopologySuite.Curved\NetTopologySuite\test\NetTopologySuite.Tests.NUnit\Operation\Buffer\BufferTest.cs"
"NOOP_NEW_SAME","submodule","Servers\Libs\NetTopologySuite.Curved\NetTopologySuite\test\NetTopologySuite.Tests.NUnit\Operation\Buffer\VariableBufferTest.cs"
"NOOP_NEW_SAME","submodule","Servers\Libs\NetTopologySuite.Curved\NetTopologySuite\test\NetTopologySuite.Tests.NUnit\Operation\Distance\BaseDistanceTest.cs"
"NOOP_NEW_SAME","submodule","Servers\Libs\NetTopologySuite.Curved\NetTopologySuite\test\NetTopologySuite.Tests.NUnit\Operation\Distance3D\Distance3DOpTest.cs"
"NOOP_NEW_SAME","submodule","Servers\Libs\NetTopologySuite.Curved\NetTopologySuite\test\NetTopologySuite.Tests.NUnit\Operation\LineMerge\LineMergerTest.cs"
"NOOP_NEW_SAME","submodule","Servers\Libs\NetTopologySuite.Curved\NetTopologySuite\test\NetTopologySuite.Tests.NUnit\Operation\LineMerge\LineSequencerTest.cs"
"NOOP_NEW_SAME","submodule","Servers\Libs\NetTopologySuite.Curved\NetTopologySuite\test\NetTopologySuite.Tests.NUnit\Operation\Overlay\OverlayMiscTest.cs"
"NOOP_NEW_SAME","submodule","Servers\Libs\NetTopologySuite.Curved\NetTopologySuite\test\NetTopologySuite.Tests.NUnit\Operation\Overlay\SnapRoundOverlayTest.cs"
"NOOP_NEW_SAME","submodule","Servers\Libs\NetTopologySuite.Curved\NetTopologySuite\test\NetTopologySuite.Tests.NUnit\Operation\OverlayNG\ElevationModelTest.cs"
"NOOP_NEW_SAME","submodule","Servers\Libs\NetTopologySuite.Curved\NetTopologySuite\test\NetTopologySuite.Tests.NUnit\Operation\OverlayNG\LineLimiterTest.cs"
"NOOP_NEW_SAME","submodule","Servers\Libs\NetTopologySuite.Curved\NetTopologySuite\test\NetTopologySuite.Tests.NUnit\Operation\OverlayNG\OverlayGraphTest.cs"
"NOOP_NEW_SAME","submodule","Servers\Libs\NetTopologySuite.Curved\NetTopologySuite\test\NetTopologySuite.Tests.NUnit\Operation\OverlayNG\OverlayNGPointsTest.cs"
"NOOP_NEW_SAME","submodule","Servers\Libs\NetTopologySuite.Curved\NetTopologySuite\test\NetTopologySuite.Tests.NUnit\Operation\OverlayNG\OverlayNGSnappingNoderTest.cs"
"NOOP_NEW_SAME","submodule","Servers\Libs\NetTopologySuite.Curved\NetTopologySuite\test\NetTopologySuite.Tests.NUnit\Operation\OverlayNG\OverlayNGSnappingTestOne.cs"
"NOOP_NEW_SAME","submodule","Servers\Libs\NetTopologySuite.Curved\NetTopologySuite\test\NetTopologySuite.Tests.NUnit\Operation\OverlayNG\OverlayNGStrictModeTest.cs"
"NOOP_NEW_SAME","submodule","Servers\Libs\NetTopologySuite.Curved\NetTopologySuite\test\NetTopologySuite.Tests.NUnit\Operation\OverlayNG\OverlayNGTestOne.cs"
"NOOP_NEW_SAME","submodule","Servers\Libs\NetTopologySuite.Curved\NetTopologySuite\test\NetTopologySuite.Tests.NUnit\Operation\OverlayNG\OverlayNGZTest.cs"
"NOOP_NEW_SAME","submodule","Servers\Libs\NetTopologySuite.Curved\NetTopologySuite\test\NetTopologySuite.Tests.NUnit\Operation\OverlayNG\PrecisionReducerTest.cs"
"NOOP_NEW_SAME","submodule","Servers\Libs\NetTopologySuite.Curved\NetTopologySuite\test\NetTopologySuite.Tests.NUnit\Operation\OverlayNG\PrecisionUtilityTest.cs"
"NOOP_NEW_SAME","submodule","Servers\Libs\NetTopologySuite.Curved\NetTopologySuite\test\NetTopologySuite.Tests.NUnit\Operation\OverlayNG\RingClipperTest.cs"
"NOOP_NEW_SAME","submodule","Servers\Libs\NetTopologySuite.Curved\NetTopologySuite\test\NetTopologySuite.Tests.NUnit\Operation\OverlayNG\UnaryUnionNGTest.cs"
"NOOP_NEW_SAME","submodule","Servers\Libs\NetTopologySuite.Curved\NetTopologySuite\test\NetTopologySuite.Tests.NUnit\Operation\Polygonize\PolygonizerTest.cs"
"NOOP_NEW_SAME","submodule","Servers\Libs\NetTopologySuite.Curved\NetTopologySuite\test\NetTopologySuite.Tests.NUnit\Operation\Predicate\RectangleIntersectsPerformance.cs"
"NOOP_NEW_SAME","submodule","Servers\Libs\NetTopologySuite.Curved\NetTopologySuite\test\NetTopologySuite.Tests.NUnit\Operation\Relate\ContainsTest.cs"
"NOOP_NEW_SAME","submodule","Servers\Libs\NetTopologySuite.Curved\NetTopologySuite\test\NetTopologySuite.Tests.NUnit\Operation\Relate\RelateBoundaryNodeRuleTest.cs"
"NOOP_NEW_SAME","submodule","Servers\Libs\NetTopologySuite.Curved\NetTopologySuite\test\NetTopologySuite.Tests.NUnit\Operation\Relate\RelateTest.cs"
"NOOP_NEW_SAME","submodule","Servers\Libs\NetTopologySuite.Curved\NetTopologySuite\test\NetTopologySuite.Tests.NUnit\Operation\SimpleTest.cs"
"NOOP_NEW_SAME","submodule","Servers\Libs\NetTopologySuite.Curved\NetTopologySuite\test\NetTopologySuite.Tests.NUnit\Operation\Union\OverlapUnionTest.cs"
"NOOP_NEW_SAME","submodule","Servers\Libs\NetTopologySuite.Curved\NetTopologySuite\test\NetTopologySuite.Tests.NUnit\Operation\Union\UnaryUnionTest.cs"
"NOOP_NEW_SAME","submodule","Servers\Libs\NetTopologySuite.Curved\NetTopologySuite\test\NetTopologySuite.Tests.NUnit\Operation\Valid\SweeplineNestedRingTester.cs"
"NOOP_NEW_SAME","submodule","Servers\Libs\NetTopologySuite.Curved\NetTopologySuite\test\NetTopologySuite.Tests.NUnit\Operation\Valid\ValidClosedRingTest.cs"
"NOOP_NEW_SAME","submodule","Servers\Libs\NetTopologySuite.Curved\NetTopologySuite\test\NetTopologySuite.Tests.NUnit\Operation\Valid\ValidSelfTouchingRingFormingHoleTest.cs"
"NOOP_NEW_SAME","submodule","Servers\Libs\NetTopologySuite.Curved\NetTopologySuite\test\NetTopologySuite.Tests.NUnit\Planargraph\DirectedEdgeTest.cs"
"NOOP_NEW_SAME","submodule","Servers\Libs\NetTopologySuite.Curved\NetTopologySuite\test\NetTopologySuite.Tests.NUnit\Precision\CommonBitsOpTest.cs"
"NOOP_NEW_SAME","submodule","Servers\Libs\NetTopologySuite.Curved\NetTopologySuite\test\NetTopologySuite.Tests.NUnit\Precision\GeometryPrecisionReducerTest.cs"
"NOOP_NEW_SAME","submodule","Servers\Libs\NetTopologySuite.Curved\NetTopologySuite\test\NetTopologySuite.Tests.NUnit\Simplify\DouglasPeuckerSimplifierTest.cs"
"NOOP_NEW_SAME","submodule","Servers\Libs\NetTopologySuite.Curved\NetTopologySuite\test\NetTopologySuite.Tests.NUnit\Simplify\GeometryOperationValidator.cs"
"NOOP_NEW_SAME","submodule","Servers\Libs\NetTopologySuite.Curved\NetTopologySuite\test\NetTopologySuite.Tests.NUnit\Simplify\SameStructureTester.cs"
"NOOP_NEW_SAME","submodule","Servers\Libs\NetTopologySuite.Curved\NetTopologySuite\test\NetTopologySuite.Tests.NUnit\Simplify\TopologyPreservingSimplifierTest.cs"
"NOOP_NEW_SAME","submodule","Servers\Libs\NetTopologySuite.Curved\NetTopologySuite\test\NetTopologySuite.Tests.NUnit\Simplify\VWSimplifierTest.cs"
"NOOP_NEW_SAME","submodule","Servers\Libs\NetTopologySuite.Curved\NetTopologySuite\test\NetTopologySuite.Tests.NUnit\TestData\bc_20K.wkt"
"NOOP_NEW_SAME","submodule","Servers\Libs\NetTopologySuite.Curved\NetTopologySuite\test\NetTopologySuite.Tests.NUnit\TestData\bc-250k.wkt"
"NOOP_NEW_SAME","submodule","Servers\Libs\NetTopologySuite.Curved\NetTopologySuite\test\NetTopologySuite.Tests.NUnit\TestData\EmbeddedResourceManager.cs"
"NOOP_NEW_SAME","submodule","Servers\Libs\NetTopologySuite.Curved\NetTopologySuite\test\NetTopologySuite.Tests.NUnit\TestData\linestrings.xml"
"NOOP_NEW_SAME","submodule","Servers\Libs\NetTopologySuite.Curved\NetTopologySuite\test\NetTopologySuite.Tests.NUnit\TestData\multilinestrings.xml"
"NOOP_NEW_SAME","submodule","Servers\Libs\NetTopologySuite.Curved\NetTopologySuite\test\NetTopologySuite.Tests.NUnit\TestData\papua.wkt"
"NOOP_NEW_SAME","submodule","Servers\Libs\NetTopologySuite.Curved\NetTopologySuite\test\NetTopologySuite.Tests.NUnit\TestData\plane.wkt"
"NOOP_NEW_SAME","submodule","Servers\Libs\NetTopologySuite.Curved\NetTopologySuite\test\NetTopologySuite.Tests.NUnit\TestData\points.xml"
"NOOP_NEW_SAME","submodule","Servers\Libs\NetTopologySuite.Curved\NetTopologySuite\test\NetTopologySuite.Tests.NUnit\TestData\polygon.wkb"
"NOOP_NEW_SAME","submodule","Servers\Libs\NetTopologySuite.Curved\NetTopologySuite\test\NetTopologySuite.Tests.NUnit\TestData\polygons.xml"
"NOOP_NEW_SAME","submodule","Servers\Libs\NetTopologySuite.Curved\NetTopologySuite\test\NetTopologySuite.Tests.NUnit\TestData\uk.wkt"
"NOOP_NEW_SAME","submodule","Servers\Libs\NetTopologySuite.Curved\NetTopologySuite\test\NetTopologySuite.Tests.NUnit\TestData\uk-arrows.wkt"
"NOOP_NEW_SAME","submodule","Servers\Libs\NetTopologySuite.Curved\NetTopologySuite\test\NetTopologySuite.Tests.NUnit\TestData\usa-lower48.wkt"
"NOOP_NEW_SAME","submodule","Servers\Libs\NetTopologySuite.Curved\NetTopologySuite\test\NetTopologySuite.Tests.NUnit\Triangulate\BasicFunctionalityTest.cs"
"NOOP_NEW_SAME","submodule","Servers\Libs\NetTopologySuite.Curved\NetTopologySuite\test\NetTopologySuite.Tests.NUnit\Triangulate\ConformingDelaunayTest.cs"
"NOOP_NEW_SAME","submodule","Servers\Libs\NetTopologySuite.Curved\NetTopologySuite\test\NetTopologySuite.Tests.NUnit\Triangulate\DelaunayPerformanceTest.cs"
"NOOP_NEW_SAME","submodule","Servers\Libs\NetTopologySuite.Curved\NetTopologySuite\test\NetTopologySuite.Tests.NUnit\Triangulate\DelaunayTest.cs"
"NOOP_NEW_SAME","submodule","Servers\Libs\NetTopologySuite.Curved\NetTopologySuite\test\NetTopologySuite.Tests.NUnit\Triangulate\VoronoiDiagramBuilderTest.cs"
"NOOP_NEW_SAME","submodule","Servers\Libs\NetTopologySuite.Curved\NetTopologySuite\test\NetTopologySuite.Tests.NUnit\Utilities\AlternativePriorityQueueTest.cs"
"NOOP_NEW_SAME","submodule","Servers\Libs\NetTopologySuite.Curved\NetTopologySuite\test\NetTopologySuite.Tests.NUnit\Utilities\IOUtil.cs"
"NOOP_NEW_SAME","submodule","Servers\Libs\NetTopologySuite.Curved\NetTopologySuite\test\NetTopologySuite.Tests.NUnit\Utilities\PointwiseGeometryAggregationTestCases.cs"
"NOOP_NEW_SAME","submodule","Servers\Libs\NetTopologySuite.Curved\NetTopologySuite\test\NetTopologySuite.Tests.NUnit\Utilities\PriorityQueueTest.cs"
"NOOP_NEW_SAME","submodule","Servers\Libs\NetTopologySuite.Curved\NetTopologySuite\test\NetTopologySuite.Tests.NUnit\Utilities\SerializationUtility.cs"
"NOOP_NEW_SAME","submodule","Servers\Libs\NetTopologySuite.Curved\NetTopologySuite\test\NetTopologySuite.Tests.NUnit\Utilities\UniqueCoordinateArrayFilterTest.cs"
"NOOP_NEW_SAME","submodule","Servers\Libs\NetTopologySuite.Curved\NetTopologySuite\test\NetTopologySuite.Tests.NUnit\WKTorBReader.cs"
"NOOP_NEW_SAME","submodule","Servers\Libs\NetTopologySuite.Curved\NetTopologySuite\test\NetTopologySuite.Tests.Vivid.XUnit\AssemblyInfo.cs"
"NOOP_NEW_SAME","submodule","Servers\Libs\NetTopologySuite.Curved\NetTopologySuite\test\NetTopologySuite.Tests.Vivid.XUnit\NetTopologySuite.Tests.Vivid.XUnit.csproj"
"NOOP_NEW_SAME","submodule","Servers\Libs\NetTopologySuite.Curved\NetTopologySuite\test\NetTopologySuite.Tests.Vivid.XUnit\XUnitExternalTests.cs"
"NOOP_NEW_SAME","submodule","Servers\Libs\NetTopologySuite.Curved\NetTopologySuite\test\NetTopologySuite.Tests.Vivid.XUnit\XUnitFailureTests.cs"
"NOOP_NEW_SAME","submodule","Servers\Libs\NetTopologySuite.Curved\NetTopologySuite\test\NetTopologySuite.Tests.Vivid.XUnit\XUnitGeneralTests.cs"
"NOOP_NEW_SAME","submodule","Servers\Libs\NetTopologySuite.Curved\NetTopologySuite\test\NetTopologySuite.Tests.Vivid.XUnit\XUnitRobustTests.cs"
"NOOP_NEW_SAME","submodule","Servers\Libs\NetTopologySuite.Curved\NetTopologySuite\test\NetTopologySuite.Tests.Vivid.XUnit\XUnitRunner.cs"
"NOOP_NEW_SAME","submodule","Servers\Libs\NetTopologySuite.Curved\NetTopologySuite\test\NetTopologySuite.Tests.Vivid.XUnit\XUnitStMLFTests.cs"
"NOOP_NEW_SAME","submodule","Servers\Libs\NetTopologySuite.Curved\NetTopologySuite\test\NetTopologySuite.Tests.Vivid.XUnit\XUnitValidateTests.cs"
"NOOP_NEW_SAME","submodule","Servers\Libs\NetTopologySuite.Curved\src\NetTopologySuite.Curved\AssemblyInfoSupplement.cs"
"NOOP_NEW_SAME","submodule","Servers\Libs\NetTopologySuite.Curved\src\NetTopologySuite.Curved\Geometries\CircularArc.cs"
"NOOP_NEW_SAME","submodule","Servers\Libs\NetTopologySuite.Curved\src\NetTopologySuite.Curved\Geometries\CircularString.cs"
"NOOP_NEW_SAME","submodule","Servers\Libs\NetTopologySuite.Curved\src\NetTopologySuite.Curved\Geometries\CompoundCurve.cs"
"NOOP_NEW_SAME","submodule","Servers\Libs\NetTopologySuite.Curved\src\NetTopologySuite.Curved\Geometries\CurvedGeometry.cs"
"NOOP_NEW_SAME","submodule","Servers\Libs\NetTopologySuite.Curved\src\NetTopologySuite.Curved\Geometries\CurvedGeometryFactory.cs"
"NOOP_NEW_SAME","submodule","Servers\Libs\NetTopologySuite.Curved\src\NetTopologySuite.Curved\Geometries\CurvedLineString.cs"
"NOOP_NEW_SAME","submodule","Servers\Libs\NetTopologySuite.Curved\src\NetTopologySuite.Curved\Geometries\CurveGeometryOperation.cs"
"NOOP_NEW_SAME","submodule","Servers\Libs\NetTopologySuite.Curved\src\NetTopologySuite.Curved\Geometries\ICurvedGeometry.cs"
"NOOP_NEW_SAME","submodule","Servers\Libs\NetTopologySuite.Curved\src\NetTopologySuite.Curved\Geometries\MultiCurve.cs"
"NOOP_NEW_SAME","submodule","Servers\Libs\NetTopologySuite.Curved\src\NetTopologySuite.Curved\Geometries\MultiSurface.cs"
"NOOP_NEW_SAME","submodule","Servers\Libs\NetTopologySuite.Curved\src\NetTopologySuite.Curved\IO\WKTReaderEx.cs"
"NOOP_NEW_SAME","submodule","Servers\Libs\NetTopologySuite.Curved\src\NetTopologySuite.Curved\IO\WKTWriterEx.cs"
"NOOP_NEW_SAME","submodule","Servers\Libs\NetTopologySuite.Curved\src\NetTopologySuite.Curved\NetTopologySuite.Curved.csproj"
"NOOP_NEW_SAME","submodule","Servers\Libs\NetTopologySuite.Curved\test\NetTopologySuite.Curved.Test\Geometries\CircularArcTest.cs"
"NOOP_NEW_SAME","submodule","Servers\Libs\NetTopologySuite.Curved\test\NetTopologySuite.Curved.Test\Geometries\CircularStringTest.cs"
"NOOP_NEW_SAME","submodule","Servers\Libs\NetTopologySuite.Curved\test\NetTopologySuite.Curved.Test\NetTopologySuite.Curved.Test.csproj"
"NOOP_NEW_SAME","submodule","Servers\Libs\NetTopologySuite.Curved\test\NetTopologySuite.Curved.Test\UnitTest1.cs"
"NOOP_NEW_SAME","submodule","Servers\Libs\NetTopologySuite\.editorconfig"
"NOOP_NEW_SAME","submodule","Servers\Libs\NetTopologySuite\.gitattributes"
"NOOP_NEW_SAME","submodule","Servers\Libs\NetTopologySuite\.github\workflows\full-ci.yml"
"NOOP_NEW_SAME","submodule","Servers\Libs\NetTopologySuite\.gitignore"
"NOOP_NEW_SAME","submodule","Servers\Libs\NetTopologySuite\CONTRIBUTING.md"
"NOOP_NEW_SAME","submodule","Servers\Libs\NetTopologySuite\data\NetTopologySuite.Samples.Shapefiles\a.dbf"
"NOOP_NEW_SAME","submodule","Servers\Libs\NetTopologySuite\data\NetTopologySuite.Samples.Shapefiles\a.prj"
"NOOP_NEW_SAME","submodule","Servers\Libs\NetTopologySuite\data\NetTopologySuite.Samples.Shapefiles\a.sbn"
"NOOP_NEW_SAME","submodule","Servers\Libs\NetTopologySuite\data\NetTopologySuite.Samples.Shapefiles\a.sbx"
"NOOP_NEW_SAME","submodule","Servers\Libs\NetTopologySuite\data\NetTopologySuite.Samples.Shapefiles\a.shp"
"NOOP_NEW_SAME","submodule","Servers\Libs\NetTopologySuite\data\NetTopologySuite.Samples.Shapefiles\a.shp.xml"
"NOOP_NEW_SAME","submodule","Servers\Libs\NetTopologySuite\data\NetTopologySuite.Samples.Shapefiles\a.shx"
"NOOP_NEW_SAME","submodule","Servers\Libs\NetTopologySuite\data\NetTopologySuite.Samples.Shapefiles\afvalbakken.dbf"
"NOOP_NEW_SAME","submodule","Servers\Libs\NetTopologySuite\data\NetTopologySuite.Samples.Shapefiles\afvalbakken.prj"
"NOOP_NEW_SAME","submodule","Servers\Libs\NetTopologySuite\data\NetTopologySuite.Samples.Shapefiles\afvalbakken.sbn"
"NOOP_NEW_SAME","submodule","Servers\Libs\NetTopologySuite\data\NetTopologySuite.Samples.Shapefiles\afvalbakken.sbx"
"NOOP_NEW_SAME","submodule","Servers\Libs\NetTopologySuite\data\NetTopologySuite.Samples.Shapefiles\afvalbakken.shp"
"NOOP_NEW_SAME","submodule","Servers\Libs\NetTopologySuite\data\NetTopologySuite.Samples.Shapefiles\afvalbakken.shx"
"NOOP_NEW_SAME","submodule","Servers\Libs\NetTopologySuite\data\NetTopologySuite.Samples.Shapefiles\AllNulls.dbf"
"NOOP_NEW_SAME","submodule","Servers\Libs\NetTopologySuite\data\NetTopologySuite.Samples.Shapefiles\AllNulls.shp"
"NOOP_NEW_SAME","submodule","Servers\Libs\NetTopologySuite\data\NetTopologySuite.Samples.Shapefiles\AllNulls.shx"
"NOOP_NEW_SAME","submodule","Servers\Libs\NetTopologySuite\data\NetTopologySuite.Samples.Shapefiles\arc.dbf"
"NOOP_NEW_SAME","submodule","Servers\Libs\NetTopologySuite\data\NetTopologySuite.Samples.Shapefiles\arc.shp"
"NOOP_NEW_SAME","submodule","Servers\Libs\NetTopologySuite\data\NetTopologySuite.Samples.Shapefiles\arc.shx"
"NOOP_NEW_SAME","submodule","Servers\Libs\NetTopologySuite\data\NetTopologySuite.Samples.Shapefiles\b.dbf"
"NOOP_NEW_SAME","submodule","Servers\Libs\NetTopologySuite\data\NetTopologySuite.Samples.Shapefiles\b.prj"
"NOOP_NEW_SAME","submodule","Servers\Libs\NetTopologySuite\data\NetTopologySuite.Samples.Shapefiles\b.sbn"
"NOOP_NEW_SAME","submodule","Servers\Libs\NetTopologySuite\data\NetTopologySuite.Samples.Shapefiles\b.sbx"
"NOOP_NEW_SAME","submodule","Servers\Libs\NetTopologySuite\data\NetTopologySuite.Samples.Shapefiles\b.shp"
"NOOP_NEW_SAME","submodule","Servers\Libs\NetTopologySuite\data\NetTopologySuite.Samples.Shapefiles\b.shp.xml"
"NOOP_NEW_SAME","submodule","Servers\Libs\NetTopologySuite\data\NetTopologySuite.Samples.Shapefiles\b.shx"
"NOOP_NEW_SAME","submodule","Servers\Libs\NetTopologySuite\data\NetTopologySuite.Samples.Shapefiles\BJmultipolygon.dbf"
"NOOP_NEW_SAME","submodule","Servers\Libs\NetTopologySuite\data\NetTopologySuite.Samples.Shapefiles\BJmultipolygon.sbn"
"NOOP_NEW_SAME","submodule","Servers\Libs\NetTopologySuite\data\NetTopologySuite.Samples.Shapefiles\BJmultipolygon.sbx"
"NOOP_NEW_SAME","submodule","Servers\Libs\NetTopologySuite\data\NetTopologySuite.Samples.Shapefiles\BJmultipolygon.shp"
"NOOP_NEW_SAME","submodule","Servers\Libs\NetTopologySuite\data\NetTopologySuite.Samples.Shapefiles\blob\blob"
"NOOP_NEW_SAME","submodule","Servers\Libs\NetTopologySuite\data\NetTopologySuite.Samples.Shapefiles\blob\queries.txt"
"NOOP_NEW_SAME","submodule","Servers\Libs\NetTopologySuite\data\NetTopologySuite.Samples.Shapefiles\blob\wkb_blob.jpg"
"NOOP_NEW_SAME","submodule","Servers\Libs\NetTopologySuite\data\NetTopologySuite.Samples.Shapefiles\CA_Cable_region.dbf"
"NOOP_NEW_SAME","submodule","Servers\Libs\NetTopologySuite\data\NetTopologySuite.Samples.Shapefiles\CA_Cable_region.prj"
"NOOP_NEW_SAME","submodule","Servers\Libs\NetTopologySuite\data\NetTopologySuite.Samples.Shapefiles\CA_Cable_region.shp"
"NOOP_NEW_SAME","submodule","Servers\Libs\NetTopologySuite\data\NetTopologySuite.Samples.Shapefiles\CA_Cable_region.shx"
"NOOP_NEW_SAME","submodule","Servers\Libs\NetTopologySuite\data\NetTopologySuite.Samples.Shapefiles\christchurch-canterbury-h.dbf"
"NOOP_NEW_SAME","submodule","Servers\Libs\NetTopologySuite\data\NetTopologySuite.Samples.Shapefiles\christchurch-canterbury-h.shp"
"NOOP_NEW_SAME","submodule","Servers\Libs\NetTopologySuite\data\NetTopologySuite.Samples.Shapefiles\christchurch-canterbury-h.shx"
"NOOP_NEW_SAME","submodule","Servers\Libs\NetTopologySuite\data\NetTopologySuite.Samples.Shapefiles\christchurch-canterbury-h.txt"
"NOOP_NEW_SAME","submodule","Servers\Libs\NetTopologySuite\data\NetTopologySuite.Samples.Shapefiles\crustal_test.dbf"
"NOOP_NEW_SAME","submodule","Servers\Libs\NetTopologySuite\data\NetTopologySuite.Samples.Shapefiles\crustal_test.shp"
"NOOP_NEW_SAME","submodule","Servers\Libs\NetTopologySuite\data\NetTopologySuite.Samples.Shapefiles\crustal_test.shx"
"NOOP_NEW_SAME","submodule","Servers\Libs\NetTopologySuite\data\NetTopologySuite.Samples.Shapefiles\crustal_test_bugged.dbf"
"NOOP_NEW_SAME","submodule","Servers\Libs\NetTopologySuite\data\NetTopologySuite.Samples.Shapefiles\crustal_test_bugged.shp"
"NOOP_NEW_SAME","submodule","Servers\Libs\NetTopologySuite\data\NetTopologySuite.Samples.Shapefiles\crustal_test_bugged.shx"
"NOOP_NEW_SAME","submodule","Servers\Libs\NetTopologySuite\data\NetTopologySuite.Samples.Shapefiles\crustal_test3d.dbf"
"NOOP_NEW_SAME","submodule","Servers\Libs\NetTopologySuite\data\NetTopologySuite.Samples.Shapefiles\crustal_test3d.shp"
"NOOP_NEW_SAME","submodule","Servers\Libs\NetTopologySuite\data\NetTopologySuite.Samples.Shapefiles\crustal_test3d.shx"
"NOOP_NEW_SAME","submodule","Servers\Libs\NetTopologySuite\data\NetTopologySuite.Samples.Shapefiles\date.dbf"
"NOOP_NEW_SAME","submodule","Servers\Libs\NetTopologySuite\data\NetTopologySuite.Samples.Shapefiles\date.shp"
"NOOP_NEW_SAME","submodule","Servers\Libs\NetTopologySuite\data\NetTopologySuite.Samples.Shapefiles\date.shx"
"NOOP_NEW_SAME","submodule","Servers\Libs\NetTopologySuite\data\NetTopologySuite.Samples.Shapefiles\DEPARTEMENT.AVL"
"NOOP_NEW_SAME","submodule","Servers\Libs\NetTopologySuite\data\NetTopologySuite.Samples.Shapefiles\DEPARTEMENT.DBF"
"NOOP_NEW_SAME","submodule","Servers\Libs\NetTopologySuite\data\NetTopologySuite.Samples.Shapefiles\DEPARTEMENT.LYR"
"NOOP_NEW_SAME","submodule","Servers\Libs\NetTopologySuite\data\NetTopologySuite.Samples.Shapefiles\DEPARTEMENT.PRJ"
"NOOP_NEW_SAME","submodule","Servers\Libs\NetTopologySuite\data\NetTopologySuite.Samples.Shapefiles\DEPARTEMENT.SHP"
"NOOP_NEW_SAME","submodule","Servers\Libs\NetTopologySuite\data\NetTopologySuite.Samples.Shapefiles\DEPARTEMENT.SHX"
"NOOP_NEW_SAME","submodule","Servers\Libs\NetTopologySuite\data\NetTopologySuite.Samples.Shapefiles\EmptyShapeFile.dbf"
"NOOP_NEW_SAME","submodule","Servers\Libs\NetTopologySuite\data\NetTopologySuite.Samples.Shapefiles\EmptyShapeFile.shp"
"NOOP_NEW_SAME","submodule","Servers\Libs\NetTopologySuite\data\NetTopologySuite.Samples.Shapefiles\error_union.dbf"
"NOOP_NEW_SAME","submodule","Servers\Libs\NetTopologySuite\data\NetTopologySuite.Samples.Shapefiles\error_union.shx"
"NOOP_NEW_SAME","submodule","Servers\Libs\NetTopologySuite\data\NetTopologySuite.Samples.Shapefiles\line_ed50_geo.dbf"
"NOOP_NEW_SAME","submodule","Servers\Libs\NetTopologySuite\data\NetTopologySuite.Samples.Shapefiles\line_ed50_geo.shp"
"NOOP_NEW_SAME","submodule","Servers\Libs\NetTopologySuite\data\NetTopologySuite.Samples.Shapefiles\line_ed50_utm36.dbf"
"NOOP_NEW_SAME","submodule","Servers\Libs\NetTopologySuite\data\NetTopologySuite.Samples.Shapefiles\line_ed50_utm36.shp"
"NOOP_NEW_SAME","submodule","Servers\Libs\NetTopologySuite\data\NetTopologySuite.Samples.Shapefiles\line_wgs84_geo.dbf"
"NOOP_NEW_SAME","submodule","Servers\Libs\NetTopologySuite\data\NetTopologySuite.Samples.Shapefiles\line_wgs84_geo.shp"
"NOOP_NEW_SAME","submodule","Servers\Libs\NetTopologySuite\data\NetTopologySuite.Samples.Shapefiles\line_wgs84_utm36.dbf"
"NOOP_NEW_SAME","submodule","Servers\Libs\NetTopologySuite\data\NetTopologySuite.Samples.Shapefiles\line_wgs84_utm36.shp"
"NOOP_NEW_SAME","submodule","Servers\Libs\NetTopologySuite\data\NetTopologySuite.Samples.Shapefiles\line_wgs84_utm36.shx"
"NOOP_NEW_SAME","submodule","Servers\Libs\NetTopologySuite\data\NetTopologySuite.Samples.Shapefiles\null_value_dbf.dbf"
"NOOP_NEW_SAME","submodule","Servers\Libs\NetTopologySuite\data\NetTopologySuite.Samples.Shapefiles\null_value_dbf.shp"
"NOOP_NEW_SAME","submodule","Servers\Libs\NetTopologySuite\data\NetTopologySuite.Samples.Shapefiles\point_wgs84_geo.dbf"
"NOOP_NEW_SAME","submodule","Servers\Libs\NetTopologySuite\data\NetTopologySuite.Samples.Shapefiles\point_wgs84_geo.shp"
"NOOP_NEW_SAME","submodule","Servers\Libs\NetTopologySuite\data\NetTopologySuite.Samples.Shapefiles\point_wgs84_utm36.dbf"
"NOOP_NEW_SAME","submodule","Servers\Libs\NetTopologySuite\data\NetTopologySuite.Samples.Shapefiles\point_wgs84_utm36.shp"
"NOOP_NEW_SAME","submodule","Servers\Libs\NetTopologySuite\data\NetTopologySuite.Samples.Shapefiles\point_wgs84_utm36.shx"
"NOOP_NEW_SAME","submodule","Servers\Libs\NetTopologySuite\data\NetTopologySuite.Samples.Shapefiles\polygon intersecting line.dbf"
"NOOP_NEW_SAME","submodule","Servers\Libs\NetTopologySuite\data\NetTopologySuite.Samples.Shapefiles\polygon intersecting line.shp"
"NOOP_NEW_SAME","submodule","Servers\Libs\NetTopologySuite\data\NetTopologySuite.Samples.Shapefiles\polygon_ed50_geo.dbf"
"NOOP_NEW_SAME","submodule","Servers\Libs\NetTopologySuite\data\NetTopologySuite.Samples.Shapefiles\polygon_ed50_geo.shp"
"NOOP_NEW_SAME","submodule","Servers\Libs\NetTopologySuite\data\NetTopologySuite.Samples.Shapefiles\polygon_ed50_utm36.dbf"
"NOOP_NEW_SAME","submodule","Servers\Libs\NetTopologySuite\data\NetTopologySuite.Samples.Shapefiles\polygon_ed50_utm36.shp"
"NOOP_NEW_SAME","submodule","Servers\Libs\NetTopologySuite\data\NetTopologySuite.Samples.Shapefiles\polygon_ed50_utm36.shx"
"NOOP_NEW_SAME","submodule","Servers\Libs\NetTopologySuite\data\NetTopologySuite.Samples.Shapefiles\polygon_wgs84_utm36.shx"
"NOOP_NEW_SAME","submodule","Servers\Libs\NetTopologySuite\data\NetTopologySuite.Samples.Shapefiles\Sept_polygones.dbf"
"NOOP_NEW_SAME","submodule","Servers\Libs\NetTopologySuite\data\NetTopologySuite.Samples.Shapefiles\Sept_polygones.sbn"
"NOOP_NEW_SAME","submodule","Servers\Libs\NetTopologySuite\data\NetTopologySuite.Samples.Shapefiles\Sept_polygones.sbx"
"NOOP_NEW_SAME","submodule","Servers\Libs\NetTopologySuite\data\NetTopologySuite.Samples.Shapefiles\Sept_polygones.shp"
"NOOP_NEW_SAME","submodule","Servers\Libs\NetTopologySuite\data\NetTopologySuite.Samples.Shapefiles\shape_pointM.shp"
"NOOP_NEW_SAME","submodule","Servers\Libs\NetTopologySuite\data\NetTopologySuite.Samples.Shapefiles\shape_PointZM.shp"
"NOOP_NEW_SAME","submodule","Servers\Libs\NetTopologySuite\data\NetTopologySuite.Samples.Shapefiles\shape_pointZM_MissingM values.shp"
"NOOP_NEW_SAME","submodule","Servers\Libs\NetTopologySuite\data\NetTopologySuite.Samples.Shapefiles\Strade.shp"
"NOOP_NEW_SAME","submodule","Servers\Libs\NetTopologySuite\data\NetTopologySuite.Samples.Shapefiles\Strade.shx"
"NOOP_NEW_SAME","submodule","Servers\Libs\NetTopologySuite\data\NetTopologySuite.Samples.Shapefiles\temp.gml"
"NOOP_NEW_SAME","submodule","Servers\Libs\NetTopologySuite\data\NetTopologySuite.Samples.Shapefiles\test_arcview.dbf"
"NOOP_NEW_SAME","submodule","Servers\Libs\NetTopologySuite\data\NetTopologySuite.Samples.Shapefiles\test_arcview.shp"
"NOOP_NEW_SAME","submodule","Servers\Libs\NetTopologySuite\data\NetTopologySuite.Samples.Shapefiles\test_arcview.shx"
"NOOP_NEW_SAME","submodule","Servers\Libs\NetTopologySuite\data\NetTopologySuite.Samples.Shapefiles\test_buffer.dbf"
"NOOP_NEW_SAME","submodule","Servers\Libs\NetTopologySuite\data\NetTopologySuite.Samples.Shapefiles\test_buffer.shp"
"NOOP_NEW_SAME","submodule","Servers\Libs\NetTopologySuite\data\NetTopologySuite.Samples.Shapefiles\test_buffer.shx"
"NOOP_NEW_SAME","submodule","Servers\Libs\NetTopologySuite\data\NetTopologySuite.Samples.Shapefiles\tnp_arc.dbf"
"NOOP_NEW_SAME","submodule","Servers\Libs\NetTopologySuite\data\NetTopologySuite.Samples.Shapefiles\tnp_arc.shp"
"NOOP_NEW_SAME","submodule","Servers\Libs\NetTopologySuite\data\NetTopologySuite.Samples.Shapefiles\tnp_arc.shx"
"NOOP_NEW_SAME","submodule","Servers\Libs\NetTopologySuite\data\NetTopologySuite.Samples.Shapefiles\tnp_multipoint.dbf"
"NOOP_NEW_SAME","submodule","Servers\Libs\NetTopologySuite\data\NetTopologySuite.Samples.Shapefiles\tnp_multipoint.shp"
"NOOP_NEW_SAME","submodule","Servers\Libs\NetTopologySuite\data\NetTopologySuite.Samples.Shapefiles\tnp_multipoint.shx"
"NOOP_NEW_SAME","submodule","Servers\Libs\NetTopologySuite\data\NetTopologySuite.Samples.Shapefiles\tnp_pol.dbf"
"NOOP_NEW_SAME","submodule","Servers\Libs\NetTopologySuite\data\NetTopologySuite.Samples.Shapefiles\tnp_pol.shp"
"NOOP_NEW_SAME","submodule","Servers\Libs\NetTopologySuite\data\NetTopologySuite.Samples.Shapefiles\tnp_pol.shx"
"NOOP_NEW_SAME","submodule","Servers\Libs\NetTopologySuite\data\NetTopologySuite.Samples.Shapefiles\tnp_pts.dbf"
"NOOP_NEW_SAME","submodule","Servers\Libs\NetTopologySuite\data\NetTopologySuite.Samples.Shapefiles\tnp_pts.shp"
"NOOP_NEW_SAME","submodule","Servers\Libs\NetTopologySuite\data\NetTopologySuite.Samples.Shapefiles\tnp_pts.shx"
"NOOP_NEW_SAME","submodule","Servers\Libs\NetTopologySuite\data\NetTopologySuite.Samples.Shapefiles\UnifiedChecksMaterial.dbf"
"NOOP_NEW_SAME","submodule","Servers\Libs\NetTopologySuite\data\NetTopologySuite.Samples.Shapefiles\UnifiedChecksMaterial.shp"
"NOOP_NEW_SAME","submodule","Servers\Libs\NetTopologySuite\data\NetTopologySuite.Samples.Shapefiles\UnifiedChecksMaterialNullAtEnd.shp"
"NOOP_NEW_SAME","submodule","Servers\Libs\NetTopologySuite\data\NetTopologySuite.Samples.Shapefiles\UnifiedChecksMaterialNullAtStart.shp"
"NOOP_NEW_SAME","submodule","Servers\Libs\NetTopologySuite\data\NetTopologySuite.Samples.Shapefiles\UnifiedChecksMaterialNullInMiddle.shp"
"NOOP_NEW_SAME","submodule","Servers\Libs\NetTopologySuite\data\NetTopologySuite.Samples.Shapefiles\US_DMA_region.dbf"
"NOOP_NEW_SAME","submodule","Servers\Libs\NetTopologySuite\data\NetTopologySuite.Samples.Shapefiles\US_DMA_region.prj"
"NOOP_NEW_SAME","submodule","Servers\Libs\NetTopologySuite\data\NetTopologySuite.Samples.Shapefiles\US_DMA_region.shp"
"NOOP_NEW_SAME","submodule","Servers\Libs\NetTopologySuite\data\NetTopologySuite.Samples.Shapefiles\US_DMA_region.shx"
"NOOP_NEW_SAME","submodule","Servers\Libs\NetTopologySuite\data\NetTopologySuite.Samples.Shapefiles\Volume2.dbf"
"NOOP_NEW_SAME","submodule","Servers\Libs\NetTopologySuite\data\NetTopologySuite.Samples.Shapefiles\Volume2.prj"
"NOOP_NEW_SAME","submodule","Servers\Libs\NetTopologySuite\data\NetTopologySuite.Samples.Shapefiles\Volume2.sbn"
"NOOP_NEW_SAME","submodule","Servers\Libs\NetTopologySuite\data\NetTopologySuite.Samples.Shapefiles\Volume2.sbx"
"NOOP_NEW_SAME","submodule","Servers\Libs\NetTopologySuite\data\NetTopologySuite.Samples.Shapefiles\Volume2.shp"
"NOOP_NEW_SAME","submodule","Servers\Libs\NetTopologySuite\data\NetTopologySuite.Samples.Shapefiles\Volume2.shx"
"NOOP_NEW_SAME","submodule","Servers\Libs\NetTopologySuite\data\NetTopologySuite.Samples.Shapefiles\with_M.dbf"
"NOOP_NEW_SAME","submodule","Servers\Libs\NetTopologySuite\data\NetTopologySuite.Samples.Shapefiles\with_M.prj"
"NOOP_NEW_SAME","submodule","Servers\Libs\NetTopologySuite\data\NetTopologySuite.Samples.Shapefiles\with_M.shp"
"NOOP_NEW_SAME","submodule","Servers\Libs\NetTopologySuite\data\NetTopologySuite.Samples.Shapefiles\Zone_ISTAT.dbf"
"NOOP_NEW_SAME","submodule","Servers\Libs\NetTopologySuite\data\NetTopologySuite.Samples.Shapefiles\Zone_ISTAT.shp"
"NOOP_NEW_SAME","submodule","Servers\Libs\NetTopologySuite\data\NetTopologySuite.Samples.Shapefiles\Zone_ISTAT.shx"
"NOOP_NEW_SAME","submodule","Servers\Libs\NetTopologySuite\data\NetTopologySuite.TestRunner.Tests\Default.xml"
"NOOP_NEW_SAME","submodule","Servers\Libs\NetTopologySuite\data\NetTopologySuite.TestRunner.Tests\failure\TestBigNastyBuffer.xml"
"NOOP_NEW_SAME","submodule","Servers\Libs\NetTopologySuite\data\NetTopologySuite.TestRunner.Tests\failure\TestBufferFailure.xml"
"NOOP_NEW_SAME","submodule","Servers\Libs\NetTopologySuite\data\NetTopologySuite.TestRunner.Tests\failure\TestBufferInsideNonEmpty.xml"
"NOOP_NEW_SAME","submodule","Servers\Libs\NetTopologySuite\data\NetTopologySuite.TestRunner.Tests\failure\TestOverlay.xml"
"NOOP_NEW_SAME","submodule","Servers\Libs\NetTopologySuite\data\NetTopologySuite.TestRunner.Tests\failure\TestReducePrecisionFailure.xml"
"NOOP_NEW_SAME","submodule","Servers\Libs\NetTopologySuite\data\NetTopologySuite.TestRunner.Tests\general\README.md"
"NOOP_NEW_SAME","submodule","Servers\Libs\NetTopologySuite\data\NetTopologySuite.TestRunner.Tests\general\TestBoundary.xml"
"NOOP_NEW_SAME","submodule","Servers\Libs\NetTopologySuite\data\NetTopologySuite.TestRunner.Tests\general\TestBuffer.xml"
"NOOP_NEW_SAME","submodule","Servers\Libs\NetTopologySuite\data\NetTopologySuite.TestRunner.Tests\general\TestBufferMitredJoin.xml"
"NOOP_NEW_SAME","submodule","Servers\Libs\NetTopologySuite\data\NetTopologySuite.TestRunner.Tests\general\TestCentroid.xml"
"NOOP_NEW_SAME","submodule","Servers\Libs\NetTopologySuite\data\NetTopologySuite.TestRunner.Tests\general\TestConvexHull.xml"
"NOOP_NEW_SAME","submodule","Servers\Libs\NetTopologySuite\data\NetTopologySuite.TestRunner.Tests\general\TestConvexHull-big.xml"
"NOOP_NEW_SAME","submodule","Servers\Libs\NetTopologySuite\data\NetTopologySuite.TestRunner.Tests\general\TestDensify.xml"
"NOOP_NEW_SAME","submodule","Servers\Libs\NetTopologySuite\data\NetTopologySuite.TestRunner.Tests\general\TestDistance.xml"
"NOOP_NEW_SAME","submodule","Servers\Libs\NetTopologySuite\data\NetTopologySuite.TestRunner.Tests\general\TestEqualsExact.xml"
"NOOP_NEW_SAME","submodule","Servers\Libs\NetTopologySuite\data\NetTopologySuite.TestRunner.Tests\general\TestFunctionAA.xml"
"NOOP_NEW_SAME","submodule","Servers\Libs\NetTopologySuite\data\NetTopologySuite.TestRunner.Tests\general\TestFunctionAAPrec.xml"
"NOOP_NEW_SAME","submodule","Servers\Libs\NetTopologySuite\data\NetTopologySuite.TestRunner.Tests\general\TestFunctionLA.xml"
"NOOP_NEW_SAME","submodule","Servers\Libs\NetTopologySuite\data\NetTopologySuite.TestRunner.Tests\general\TestFunctionLAPrec.xml"
"NOOP_NEW_SAME","submodule","Servers\Libs\NetTopologySuite\data\NetTopologySuite.TestRunner.Tests\general\TestFunctionLL.xml"
"NOOP_NEW_SAME","submodule","Servers\Libs\NetTopologySuite\data\NetTopologySuite.TestRunner.Tests\general\TestFunctionLLPrec.xml"
"NOOP_NEW_SAME","submodule","Servers\Libs\NetTopologySuite\data\NetTopologySuite.TestRunner.Tests\general\TestFunctionPA.xml"
"NOOP_NEW_SAME","submodule","Servers\Libs\NetTopologySuite\data\NetTopologySuite.TestRunner.Tests\general\TestFunctionPL.xml"
"NOOP_NEW_SAME","submodule","Servers\Libs\NetTopologySuite\data\NetTopologySuite.TestRunner.Tests\general\TestFunctionPLPrec.xml"
"NOOP_NEW_SAME","submodule","Servers\Libs\NetTopologySuite\data\NetTopologySuite.TestRunner.Tests\general\TestFunctionPP.xml"
"NOOP_NEW_SAME","submodule","Servers\Libs\NetTopologySuite\data\NetTopologySuite.TestRunner.Tests\general\TestInteriorPoint.xml"
"NOOP_NEW_SAME","submodule","Servers\Libs\NetTopologySuite\data\NetTopologySuite.TestRunner.Tests\general\TestMinimumClearance.xml"
"NOOP_NEW_SAME","submodule","Servers\Libs\NetTopologySuite\data\NetTopologySuite.TestRunner.Tests\general\TestNGOverlayA.xml"
"NOOP_NEW_SAME","submodule","Servers\Libs\NetTopologySuite\data\NetTopologySuite.TestRunner.Tests\general\TestNGOverlayAPrec.xml"
"NOOP_NEW_SAME","submodule","Servers\Libs\NetTopologySuite\data\NetTopologySuite.TestRunner.Tests\general\TestNGOverlayEmpty.xml"
"NOOP_NEW_SAME","submodule","Servers\Libs\NetTopologySuite\data\NetTopologySuite.TestRunner.Tests\general\TestNGOverlayL.xml"
"NOOP_NEW_SAME","submodule","Servers\Libs\NetTopologySuite\data\NetTopologySuite.TestRunner.Tests\general\TestNGOverlayLPrec.xml"
"NOOP_NEW_SAME","submodule","Servers\Libs\NetTopologySuite\data\NetTopologySuite.TestRunner.Tests\general\TestNGOverlayP.xml"
"NOOP_NEW_SAME","submodule","Servers\Libs\NetTopologySuite\data\NetTopologySuite.TestRunner.Tests\general\TestNGOverlayPPrec.xml"
"NOOP_NEW_SAME","submodule","Servers\Libs\NetTopologySuite\data\NetTopologySuite.TestRunner.Tests\general\TestOverlayAA.xml"
"NOOP_NEW_SAME","submodule","Servers\Libs\NetTopologySuite\data\NetTopologySuite.TestRunner.Tests\general\TestOverlayAAPrec.xml"
"NOOP_NEW_SAME","submodule","Servers\Libs\NetTopologySuite\data\NetTopologySuite.TestRunner.Tests\general\TestOverlayEmpty.xml"
"NOOP_NEW_SAME","submodule","Servers\Libs\NetTopologySuite\data\NetTopologySuite.TestRunner.Tests\general\TestOverlayLA.xml"
"NOOP_NEW_SAME","submodule","Servers\Libs\NetTopologySuite\data\NetTopologySuite.TestRunner.Tests\general\TestOverlayLAPrec.xml"
"NOOP_NEW_SAME","submodule","Servers\Libs\NetTopologySuite\data\NetTopologySuite.TestRunner.Tests\general\TestOverlayLL.xml"
"NOOP_NEW_SAME","submodule","Servers\Libs\NetTopologySuite\data\NetTopologySuite.TestRunner.Tests\general\TestOverlayLLPrec.xml"
"NOOP_NEW_SAME","submodule","Servers\Libs\NetTopologySuite\data\NetTopologySuite.TestRunner.Tests\general\TestOverlayPL.xml"
"NOOP_NEW_SAME","submodule","Servers\Libs\NetTopologySuite\data\NetTopologySuite.TestRunner.Tests\general\TestOverlayPLPrec.xml"
"NOOP_NEW_SAME","submodule","Servers\Libs\NetTopologySuite\data\NetTopologySuite.TestRunner.Tests\general\TestOverlayPP.xml"
"NOOP_NEW_SAME","submodule","Servers\Libs\NetTopologySuite\data\NetTopologySuite.TestRunner.Tests\general\TestPolygonize.xml"
"NOOP_NEW_SAME","submodule","Servers\Libs\NetTopologySuite\data\NetTopologySuite.TestRunner.Tests\general\TestPolygonizeValidPolygonal.xml"
"NOOP_NEW_SAME","submodule","Servers\Libs\NetTopologySuite\data\NetTopologySuite.TestRunner.Tests\general\TestPreparedPolygonPredicate.xml"
"NOOP_NEW_SAME","submodule","Servers\Libs\NetTopologySuite\data\NetTopologySuite.TestRunner.Tests\general\TestPreparedPredicatesWithGeometryCollection.xml"
"NOOP_NEW_SAME","submodule","Servers\Libs\NetTopologySuite\data\NetTopologySuite.TestRunner.Tests\general\TestRectanglePredicate.xml"
"NOOP_NEW_SAME","submodule","Servers\Libs\NetTopologySuite\data\NetTopologySuite.TestRunner.Tests\general\TestRelateAA.xml"
"NOOP_NEW_SAME","submodule","Servers\Libs\NetTopologySuite\data\NetTopologySuite.TestRunner.Tests\general\TestRelateAC.xml"
"NOOP_NEW_SAME","submodule","Servers\Libs\NetTopologySuite\data\NetTopologySuite.TestRunner.Tests\general\TestRelateLA.xml"
"NOOP_NEW_SAME","submodule","Servers\Libs\NetTopologySuite\data\NetTopologySuite.TestRunner.Tests\general\TestRelateLC.xml"
"NOOP_NEW_SAME","submodule","Servers\Libs\NetTopologySuite\data\NetTopologySuite.TestRunner.Tests\general\TestRelateLL.xml"
"NOOP_NEW_SAME","submodule","Servers\Libs\NetTopologySuite\data\NetTopologySuite.TestRunner.Tests\general\TestRelatePA.xml"
"NOOP_NEW_SAME","submodule","Servers\Libs\NetTopologySuite\data\NetTopologySuite.TestRunner.Tests\general\TestRelatePL.xml"
"NOOP_NEW_SAME","submodule","Servers\Libs\NetTopologySuite\data\NetTopologySuite.TestRunner.Tests\general\TestRelatePP.xml"
"NOOP_NEW_SAME","submodule","Servers\Libs\NetTopologySuite\data\NetTopologySuite.TestRunner.Tests\general\TestSimple.xml"
"NOOP_NEW_SAME","submodule","Servers\Libs\NetTopologySuite\data\NetTopologySuite.TestRunner.Tests\general\TestUnaryUnion.xml"
"NOOP_NEW_SAME","submodule","Servers\Libs\NetTopologySuite\data\NetTopologySuite.TestRunner.Tests\general\TestUnaryUnionFloating.xml"
"NOOP_NEW_SAME","submodule","Servers\Libs\NetTopologySuite\data\NetTopologySuite.TestRunner.Tests\general\TestValid.xml"
"NOOP_NEW_SAME","submodule","Servers\Libs\NetTopologySuite\data\NetTopologySuite.TestRunner.Tests\general\TestValid2.xml"
"NOOP_NEW_SAME","submodule","Servers\Libs\NetTopologySuite\data\NetTopologySuite.TestRunner.Tests\general\TestValid2-big.xml"
"NOOP_NEW_SAME","submodule","Servers\Libs\NetTopologySuite\data\NetTopologySuite.TestRunner.Tests\general\TestWithinDistance.xml"
"NOOP_NEW_SAME","submodule","Servers\Libs\NetTopologySuite\data\NetTopologySuite.TestRunner.Tests\misc\GEOSBuffer.xml"
"NOOP_NEW_SAME","submodule","Servers\Libs\NetTopologySuite\data\NetTopologySuite.TestRunner.Tests\misc\geos-bug356-buffer.xml"
"NOOP_NEW_SAME","submodule","Servers\Libs\NetTopologySuite\data\NetTopologySuite.TestRunner.Tests\misc\geos-bug838-union.xml"
"NOOP_NEW_SAME","submodule","Servers\Libs\NetTopologySuite\data\NetTopologySuite.TestRunner.Tests\misc\TestBufferExternal2.xml"
"NOOP_NEW_SAME","submodule","Servers\Libs\NetTopologySuite\data\NetTopologySuite.TestRunner.Tests\misc\TestInvalidA.xml"
"NOOP_NEW_SAME","submodule","Servers\Libs\NetTopologySuite\data\NetTopologySuite.TestRunner.Tests\misc\TestOverlay.xml"
"NOOP_NEW_SAME","submodule","Servers\Libs\NetTopologySuite\data\NetTopologySuite.TestRunner.Tests\misc\TestValid.xml"
"NOOP_NEW_SAME","submodule","Servers\Libs\NetTopologySuite\data\NetTopologySuite.TestRunner.Tests\Other.xml"
"NOOP_NEW_SAME","submodule","Servers\Libs\NetTopologySuite\data\NetTopologySuite.TestRunner.Tests\robust\MagnifyTopology.xml"
"NOOP_NEW_SAME","submodule","Servers\Libs\NetTopologySuite\data\NetTopologySuite.TestRunner.Tests\robust\overlay\TestOverlay-geos-1046-union-lines.xml"
"NOOP_NEW_SAME","submodule","Servers\Libs\NetTopologySuite\data\NetTopologySuite.TestRunner.Tests\robust\overlay\TestOverlay-geos-1051.xml"
"NOOP_NEW_SAME","submodule","Servers\Libs\NetTopologySuite\data\NetTopologySuite.TestRunner.Tests\robust\overlay\TestOverlay-geos-153.xml"
"NOOP_NEW_SAME","submodule","Servers\Libs\NetTopologySuite\data\NetTopologySuite.TestRunner.Tests\robust\overlay\TestOverlay-geos-234.xml"
"NOOP_NEW_SAME","submodule","Servers\Libs\NetTopologySuite\data\NetTopologySuite.TestRunner.Tests\robust\overlay\TestOverlay-geos-275.xml"
"NOOP_NEW_SAME","submodule","Servers\Libs\NetTopologySuite\data\NetTopologySuite.TestRunner.Tests\robust\overlay\TestOverlay-geos-350.xml"
"NOOP_NEW_SAME","submodule","Servers\Libs\NetTopologySuite\data\NetTopologySuite.TestRunner.Tests\robust\overlay\TestOverlay-geos-358.xml"
"NOOP_NEW_SAME","submodule","Servers\Libs\NetTopologySuite\data\NetTopologySuite.TestRunner.Tests\robust\overlay\TestOverlay-geos-360.xml"
"NOOP_NEW_SAME","submodule","Servers\Libs\NetTopologySuite\data\NetTopologySuite.TestRunner.Tests\robust\overlay\TestOverlay-geos-368.xml"
"NOOP_NEW_SAME","submodule","Servers\Libs\NetTopologySuite\data\NetTopologySuite.TestRunner.Tests\robust\overlay\TestOverlay-geos-392.xml"
"NOOP_NEW_SAME","submodule","Servers\Libs\NetTopologySuite\data\NetTopologySuite.TestRunner.Tests\robust\overlay\TestOverlay-geos-392-lines.xml"
"NOOP_NEW_SAME","submodule","Servers\Libs\NetTopologySuite\data\NetTopologySuite.TestRunner.Tests\robust\overlay\TestOverlay-geos-398.xml"
"NOOP_NEW_SAME","submodule","Servers\Libs\NetTopologySuite\data\NetTopologySuite.TestRunner.Tests\robust\overlay\TestOverlay-geos-459.xml"
"NOOP_NEW_SAME","submodule","Servers\Libs\NetTopologySuite\data\NetTopologySuite.TestRunner.Tests\robust\overlay\TestOverlay-geos-488.xml"
"NOOP_NEW_SAME","submodule","Servers\Libs\NetTopologySuite\data\NetTopologySuite.TestRunner.Tests\robust\overlay\TestOverlay-geos-522.xml"
"NOOP_NEW_SAME","submodule","Servers\Libs\NetTopologySuite\data\NetTopologySuite.TestRunner.Tests\robust\overlay\TestOverlay-geos-527.xml"
"NOOP_NEW_SAME","submodule","Servers\Libs\NetTopologySuite\data\NetTopologySuite.TestRunner.Tests\robust\overlay\TestOverlay-geos-586.xml"
"NOOP_NEW_SAME","submodule","Servers\Libs\NetTopologySuite\data\NetTopologySuite.TestRunner.Tests\robust\overlay\TestOverlay-geos-599.xml"
"NOOP_NEW_SAME","submodule","Servers\Libs\NetTopologySuite\data\NetTopologySuite.TestRunner.Tests\robust\overlay\TestOverlay-geos-600-lines.xml"
"NOOP_NEW_SAME","submodule","Servers\Libs\NetTopologySuite\data\NetTopologySuite.TestRunner.Tests\robust\overlay\TestOverlay-geos-615.xml"
"NOOP_NEW_SAME","submodule","Servers\Libs\NetTopologySuite\data\NetTopologySuite.TestRunner.Tests\robust\overlay\TestOverlay-geos-737.xml"
"NOOP_NEW_SAME","submodule","Servers\Libs\NetTopologySuite\data\NetTopologySuite.TestRunner.Tests\robust\overlay\TestOverlay-geos-837.xml"
"NOOP_NEW_SAME","submodule","Servers\Libs\NetTopologySuite\data\NetTopologySuite.TestRunner.Tests\robust\overlay\TestOverlay-geos-838.xml"
"NOOP_NEW_SAME","submodule","Servers\Libs\NetTopologySuite\data\NetTopologySuite.TestRunner.Tests\robust\overlay\TestOverlay-geos-994.xml"
"NOOP_NEW_SAME","submodule","Servers\Libs\NetTopologySuite\data\NetTopologySuite.TestRunner.Tests\robust\overlay\TestOverlay-geos-997-union-fail.xml"
"NOOP_NEW_SAME","submodule","Servers\Libs\NetTopologySuite\data\NetTopologySuite.TestRunner.Tests\robust\overlay\TestOverlay-geos-997-union-slow.xml"
"NOOP_NEW_SAME","submodule","Servers\Libs\NetTopologySuite\data\NetTopologySuite.TestRunner.Tests\robust\overlay\TestOverlay-geos-list.xml"
"NOOP_NEW_SAME","submodule","Servers\Libs\NetTopologySuite\data\NetTopologySuite.TestRunner.Tests\robust\overlay\TestOverlay-gisse-345341-lines.xml"
"NOOP_NEW_SAME","submodule","Servers\Libs\NetTopologySuite\data\NetTopologySuite.TestRunner.Tests\robust\overlay\TestOverlay-isochrone.xml"
"NOOP_NEW_SAME","submodule","Servers\Libs\NetTopologySuite\data\NetTopologySuite.TestRunner.Tests\robust\overlay\TestOverlay-jts-300.xml"
"NOOP_NEW_SAME","submodule","Servers\Libs\NetTopologySuite\data\NetTopologySuite.TestRunner.Tests\robust\overlay\TestOverlay-jts-798.xml"
"NOOP_NEW_SAME","submodule","Servers\Libs\NetTopologySuite\data\NetTopologySuite.TestRunner.Tests\robust\overlay\TestOverlay-jts-808.xml"
"NOOP_NEW_SAME","submodule","Servers\Libs\NetTopologySuite\data\NetTopologySuite.TestRunner.Tests\robust\overlay\TestOverlay-misc-1.xml"
"NOOP_NEW_SAME","submodule","Servers\Libs\NetTopologySuite\data\NetTopologySuite.TestRunner.Tests\robust\overlay\TestOverlay-misc-2.xml"
"NOOP_NEW_SAME","submodule","Servers\Libs\NetTopologySuite\data\NetTopologySuite.TestRunner.Tests\robust\overlay\TestOverlay-misc-3.xml"
"NOOP_NEW_SAME","submodule","Servers\Libs\NetTopologySuite\data\NetTopologySuite.TestRunner.Tests\robust\overlay\TestOverlay-misc-4.xml"
"NOOP_NEW_SAME","submodule","Servers\Libs\NetTopologySuite\data\NetTopologySuite.TestRunner.Tests\robust\overlay\TestOverlay-pg-2055.xml"
"NOOP_NEW_SAME","submodule","Servers\Libs\NetTopologySuite\data\NetTopologySuite.TestRunner.Tests\robust\overlay\TestOverlay-pg-4182-2.xml"
"NOOP_NEW_SAME","submodule","Servers\Libs\NetTopologySuite\data\NetTopologySuite.TestRunner.Tests\robust\overlay\TestOverlay-pg-4538.xml"
"NOOP_NEW_SAME","submodule","Servers\Libs\NetTopologySuite\data\NetTopologySuite.TestRunner.Tests\robust\overlay\TestOverlay-pg-4738.xml"
"NOOP_NEW_SAME","submodule","Servers\Libs\NetTopologySuite\data\NetTopologySuite.TestRunner.Tests\robust\overlay\TestOverlay-pg-list.xml"
"NOOP_NEW_SAME","submodule","Servers\Libs\NetTopologySuite\data\NetTopologySuite.TestRunner.Tests\robust\overlay\TestOverlay-qgis-29400.xml"
"NOOP_NEW_SAME","submodule","Servers\Libs\NetTopologySuite\data\NetTopologySuite.TestRunner.Tests\robust\overlay\TestOverlay-qgis-31552.xml"
"NOOP_NEW_SAME","submodule","Servers\Libs\NetTopologySuite\data\NetTopologySuite.TestRunner.Tests\robust\overlay\TestOverlay-qgis-37032.xml"
"NOOP_NEW_SAME","submodule","Servers\Libs\NetTopologySuite\data\NetTopologySuite.TestRunner.Tests\robust\overlay\TestOverlay-rsf-794.xml"
"NOOP_NEW_SAME","submodule","Servers\Libs\NetTopologySuite\data\NetTopologySuite.TestRunner.Tests\robust\overlay\TestOverlay-shapely-829.xml"
"NOOP_NEW_SAME","submodule","Servers\Libs\NetTopologySuite\data\NetTopologySuite.TestRunner.Tests\robust\overlay\TestOverlay-stmlf.xml"
"NOOP_NEW_SAME","submodule","Servers\Libs\NetTopologySuite\data\NetTopologySuite.TestRunner.Tests\robust\TestRobustBuffer.xml"
"NOOP_NEW_SAME","submodule","Servers\Libs\NetTopologySuite\data\NetTopologySuite.TestRunner.Tests\robust\TestRobustRelate.xml"
"NOOP_NEW_SAME","submodule","Servers\Libs\NetTopologySuite\data\NetTopologySuite.TestRunner.Tests\robust\TestRobustRelateFloat.xml"
"NOOP_NEW_SAME","submodule","Servers\Libs\NetTopologySuite\data\NetTopologySuite.TestRunner.Tests\stmlf\stmlf-cases-20061020_int.xml"
"NOOP_NEW_SAME","submodule","Servers\Libs\NetTopologySuite\data\NetTopologySuite.TestRunner.Tests\validate\TestRelateAA.xml"
"NOOP_NEW_SAME","submodule","Servers\Libs\NetTopologySuite\data\NetTopologySuite.TestRunner.Tests\validate\TestRelateAA-big.xml"
"NOOP_NEW_SAME","submodule","Servers\Libs\NetTopologySuite\data\NetTopologySuite.TestRunner.Tests\validate\TestRelateAC.xml"
"NOOP_NEW_SAME","submodule","Servers\Libs\NetTopologySuite\data\NetTopologySuite.TestRunner.Tests\validate\TestRelateLC.xml"
"NOOP_NEW_SAME","submodule","Servers\Libs\NetTopologySuite\data\NetTopologySuite.TestRunner.Tests\validate\TestRelateLL.xml"
"NOOP_NEW_SAME","submodule","Servers\Libs\NetTopologySuite\data\NetTopologySuite.TestRunner.Tests\validate\TestRelatePA.xml"
"NOOP_NEW_SAME","submodule","Servers\Libs\NetTopologySuite\data\NetTopologySuite.TestRunner.Tests\validate\TestRelatePL.xml"
"NOOP_NEW_SAME","submodule","Servers\Libs\NetTopologySuite\data\NetTopologySuite.TestRunner.Tests\validate\TestRelatePP.xml"
"NOOP_NEW_SAME","submodule","Servers\Libs\NetTopologySuite\data\NetTopologySuite.TestRunner.Tests\vivid\TestBoundary.xml"
"NOOP_NEW_SAME","submodule","Servers\Libs\NetTopologySuite\data\NetTopologySuite.TestRunner.Tests\vivid\TestCentroid.xml"
"NOOP_NEW_SAME","submodule","Servers\Libs\NetTopologySuite\data\NetTopologySuite.TestRunner.Tests\vivid\TestConvexHull.xml"
"NOOP_NEW_SAME","submodule","Servers\Libs\NetTopologySuite\data\NetTopologySuite.TestRunner.Tests\vivid\TestConvexHull-big.xml"
"NOOP_NEW_SAME","submodule","Servers\Libs\NetTopologySuite\data\NetTopologySuite.TestRunner.Tests\vivid\TestInteriorPoint.xml"
"NOOP_NEW_SAME","submodule","Servers\Libs\NetTopologySuite\data\NetTopologySuite.TestRunner.Tests\vivid\TestOverlayAA.xml"
"NOOP_NEW_SAME","submodule","Servers\Libs\NetTopologySuite\data\NetTopologySuite.TestRunner.Tests\vivid\TestOverlayEmpty.xml"
"NOOP_NEW_SAME","submodule","Servers\Libs\NetTopologySuite\data\NetTopologySuite.TestRunner.Tests\vivid\TestOverlayLA.xml"
"NOOP_NEW_SAME","submodule","Servers\Libs\NetTopologySuite\data\NetTopologySuite.TestRunner.Tests\vivid\TestOverlayLAPrec.xml"
"NOOP_NEW_SAME","submodule","Servers\Libs\NetTopologySuite\data\NetTopologySuite.TestRunner.Tests\vivid\TestOverlayLL.xml"
"NOOP_NEW_SAME","submodule","Servers\Libs\NetTopologySuite\data\NetTopologySuite.TestRunner.Tests\vivid\TestOverlayLLPrec.xml"
"NOOP_NEW_SAME","submodule","Servers\Libs\NetTopologySuite\data\NetTopologySuite.TestRunner.Tests\vivid\TestOverlayPA.xml"
"NOOP_NEW_SAME","submodule","Servers\Libs\NetTopologySuite\data\NetTopologySuite.TestRunner.Tests\vivid\TestOverlayPL.xml"
"NOOP_NEW_SAME","submodule","Servers\Libs\NetTopologySuite\data\NetTopologySuite.TestRunner.Tests\vivid\TestOverlayPLPrec.xml"
"NOOP_NEW_SAME","submodule","Servers\Libs\NetTopologySuite\data\NetTopologySuite.TestRunner.Tests\vivid\TestOverlayPP.xml"
"NOOP_NEW_SAME","submodule","Servers\Libs\NetTopologySuite\data\NetTopologySuite.TestRunner.Tests\vivid\TestRectanglePredicate.xml"
"NOOP_NEW_SAME","submodule","Servers\Libs\NetTopologySuite\data\NetTopologySuite.TestRunner.Tests\vivid\TestRelateAA.xml"
"NOOP_NEW_SAME","submodule","Servers\Libs\NetTopologySuite\data\NetTopologySuite.TestRunner.Tests\vivid\TestRelateAC.xml"
"NOOP_NEW_SAME","submodule","Servers\Libs\NetTopologySuite\data\NetTopologySuite.TestRunner.Tests\vivid\TestRelateLA.xml"
"NOOP_NEW_SAME","submodule","Servers\Libs\NetTopologySuite\data\NetTopologySuite.TestRunner.Tests\vivid\TestRelateLC.xml"
"NOOP_NEW_SAME","submodule","Servers\Libs\NetTopologySuite\data\NetTopologySuite.TestRunner.Tests\vivid\TestRelatePA.xml"
"NOOP_NEW_SAME","submodule","Servers\Libs\NetTopologySuite\data\NetTopologySuite.TestRunner.Tests\vivid\TestRelatePL.xml"
"NOOP_NEW_SAME","submodule","Servers\Libs\NetTopologySuite\data\NetTopologySuite.TestRunner.Tests\vivid\TestRelatePP.xml"
"NOOP_NEW_SAME","submodule","Servers\Libs\NetTopologySuite\data\NetTopologySuite.TestRunner.Tests\vivid\TestValid.xml"
"NOOP_NEW_SAME","submodule","Servers\Libs\NetTopologySuite\data\NetTopologySuite.TestRunner.Tests\vivid\TestValid2.xml"
"NOOP_NEW_SAME","submodule","Servers\Libs\NetTopologySuite\data\NetTopologySuite.TestRunner.Tests\vivid\TestValid2-big.xml"
"NOOP_NEW_SAME","submodule","Servers\Libs\NetTopologySuite\data\NetTopologySuite.TestRunner.Tests\vivid\TestWithinDistance.xml"
"NOOP_NEW_SAME","submodule","Servers\Libs\NetTopologySuite\Directory.Build.props"
"NOOP_NEW_SAME","submodule","Servers\Libs\NetTopologySuite\doc\docfx.json"
"NOOP_NEW_SAME","submodule","Servers\Libs\NetTopologySuite\doc\index.md"
"NOOP_NEW_SAME","submodule","Servers\Libs\NetTopologySuite\doc\overwrite\namespaces\NetTopologySuite.Algorithm.Construct.md"
"NOOP_NEW_SAME","submodule","Servers\Libs\NetTopologySuite\doc\overwrite\namespaces\NetTopologySuite.Algorithm.Distance.md"
"NOOP_NEW_SAME","submodule","Servers\Libs\NetTopologySuite\doc\overwrite\namespaces\NetTopologySuite.Algorithm.Hull.md"
"NOOP_NEW_SAME","submodule","Servers\Libs\NetTopologySuite\doc\overwrite\namespaces\NetTopologySuite.Algorithm.Locate.md"
"NOOP_NEW_SAME","submodule","Servers\Libs\NetTopologySuite\doc\overwrite\namespaces\NetTopologySuite.Algorithm.Match.md"
"NOOP_NEW_SAME","submodule","Servers\Libs\NetTopologySuite\doc\overwrite\namespaces\NetTopologySuite.Algorithm.md"
"NOOP_NEW_SAME","submodule","Servers\Libs\NetTopologySuite\doc\overwrite\namespaces\NetTopologySuite.Densify.md"
"NOOP_NEW_SAME","submodule","Servers\Libs\NetTopologySuite\doc\overwrite\namespaces\NetTopologySuite.Geometries.Utilities.md"
"NOOP_NEW_SAME","submodule","Servers\Libs\NetTopologySuite\doc\overwrite\namespaces\NetTopologySuite.GeometriesGraph.Index.md"
"NOOP_NEW_SAME","submodule","Servers\Libs\NetTopologySuite\doc\overwrite\namespaces\NetTopologySuite.GeometriesGraph.md"
"NOOP_NEW_SAME","submodule","Servers\Libs\NetTopologySuite\doc\overwrite\namespaces\NetTopologySuite.Index.Bintree.md"
"NOOP_NEW_SAME","submodule","Servers\Libs\NetTopologySuite\doc\overwrite\namespaces\NetTopologySuite.Index.Chain.md"
"NOOP_NEW_SAME","submodule","Servers\Libs\NetTopologySuite\doc\overwrite\namespaces\NetTopologySuite.Index.md"
"NOOP_NEW_SAME","submodule","Servers\Libs\NetTopologySuite\doc\overwrite\namespaces\NetTopologySuite.Index.Quadtree.md"
"NOOP_NEW_SAME","submodule","Servers\Libs\NetTopologySuite\doc\overwrite\namespaces\NetTopologySuite.Index.Strtree.md"
"NOOP_NEW_SAME","submodule","Servers\Libs\NetTopologySuite\doc\overwrite\namespaces\NetTopologySuite.Index.Sweepline.md"
"NOOP_NEW_SAME","submodule","Servers\Libs\NetTopologySuite\doc\overwrite\namespaces\NetTopologySuite.IO.GML2.md"
"NOOP_NEW_SAME","submodule","Servers\Libs\NetTopologySuite\doc\overwrite\namespaces\NetTopologySuite.IO.md"
"NOOP_NEW_SAME","submodule","Servers\Libs\NetTopologySuite\doc\overwrite\namespaces\NetTopologySuite.LinearReferencing.md"
"NOOP_NEW_SAME","submodule","Servers\Libs\NetTopologySuite\doc\overwrite\namespaces\NetTopologySuite.Noding.md"
"NOOP_NEW_SAME","submodule","Servers\Libs\NetTopologySuite\doc\overwrite\namespaces\NetTopologySuite.Noding.Snapround.md"
"NOOP_NEW_SAME","submodule","Servers\Libs\NetTopologySuite\doc\overwrite\namespaces\NetTopologySuite.Operation.Buffer.md"
"NOOP_NEW_SAME","submodule","Servers\Libs\NetTopologySuite\doc\overwrite\namespaces\NetTopologySuite.Operation.Distance.md"
"NOOP_NEW_SAME","submodule","Servers\Libs\NetTopologySuite\doc\overwrite\namespaces\NetTopologySuite.Operation.md"
"NOOP_NEW_SAME","submodule","Servers\Libs\NetTopologySuite\doc\overwrite\namespaces\NetTopologySuite.Operation.Overlay.md"
"NOOP_NEW_SAME","submodule","Servers\Libs\NetTopologySuite\doc\overwrite\namespaces\NetTopologySuite.Operation.OverlayNG.md"
"NOOP_NEW_SAME","submodule","Servers\Libs\NetTopologySuite\doc\overwrite\namespaces\NetTopologySuite.Operation.Polygonize.md"
"NOOP_NEW_SAME","submodule","Servers\Libs\NetTopologySuite\doc\overwrite\namespaces\NetTopologySuite.Operation.Relate.md"
"NOOP_NEW_SAME","submodule","Servers\Libs\NetTopologySuite\doc\overwrite\namespaces\NetTopologySuite.Operation.Valid.md"
"NOOP_NEW_SAME","submodule","Servers\Libs\NetTopologySuite\doc\overwrite\namespaces\NetTopologySuite.Planargraph.md"
"NOOP_NEW_SAME","submodule","Servers\Libs\NetTopologySuite\doc\overwrite\namespaces\NetTopologySuite.Precision.md"
"NOOP_NEW_SAME","submodule","Servers\Libs\NetTopologySuite\doc\overwrite\namespaces\NetTopologySuite.Simplify.md"
"NOOP_NEW_SAME","submodule","Servers\Libs\NetTopologySuite\doc\overwrite\namespaces\NetTopologySuite.Triangulate.md"
"NOOP_NEW_SAME","submodule","Servers\Libs\NetTopologySuite\doc\overwrite\namespaces\NetTopologySuite.Triangulate.Polygon.md"
"NOOP_NEW_SAME","submodule","Servers\Libs\NetTopologySuite\doc\overwrite\namespaces\NetTopologySuite.Triangulate.QuadEdge.md"
"NOOP_NEW_SAME","submodule","Servers\Libs\NetTopologySuite\doc\overwrite\namespaces\NetTopologySuite.Triangulate.Tri.md"
"NOOP_NEW_SAME","submodule","Servers\Libs\NetTopologySuite\doc\overwrite\namespaces\NetTopologySuite.Utilities.md"
"NOOP_NEW_SAME","submodule","Servers\Libs\NetTopologySuite\doc\toc.yml"
"NOOP_NEW_SAME","submodule","Servers\Libs\NetTopologySuite\generate-and-push-docs.cmd"
"NOOP_NEW_SAME","submodule","Servers\Libs\NetTopologySuite\icon.png"
"NOOP_NEW_SAME","submodule","Servers\Libs\NetTopologySuite\ISSUE_TEMPLATE.md"
"NOOP_NEW_SAME","submodule","Servers\Libs\NetTopologySuite\License.md"
"NOOP_NEW_SAME","submodule","Servers\Libs\NetTopologySuite\NetTopologySuite.sln"
"NOOP_NEW_SAME","submodule","Servers\Libs\NetTopologySuite\NetTopologySuite.sln.DotSettings"
"NOOP_NEW_SAME","submodule","Servers\Libs\NetTopologySuite\nts.snk"
"NOOP_NEW_SAME","submodule","Servers\Libs\NetTopologySuite\NuGet.config"
"NOOP_NEW_SAME","submodule","Servers\Libs\NetTopologySuite\PULL_REQUEST_TEMPLATE.md"
"NOOP_NEW_SAME","submodule","Servers\Libs\NetTopologySuite\README.md"
"NOOP_NEW_SAME","submodule","Servers\Libs\NetTopologySuite\src\Directory.Build.props"
"NOOP_NEW_SAME","submodule","Servers\Libs\NetTopologySuite\src\NetTopologySuite.Lab\AssemblyInfo.cs"
"NOOP_NEW_SAME","submodule","Servers\Libs\NetTopologySuite\src\NetTopologySuite.Lab\Clip\RectangleClipPolygon.cs"
"NOOP_NEW_SAME","submodule","Servers\Libs\NetTopologySuite\src\NetTopologySuite.Lab\ClipFunctions.cs"
"NOOP_NEW_SAME","submodule","Servers\Libs\NetTopologySuite\src\NetTopologySuite.Lab\EdgeRay\EdgeRayArea.cs"
"NOOP_NEW_SAME","submodule","Servers\Libs\NetTopologySuite\src\NetTopologySuite.Lab\EdgeRay\EdgeRayFunctions.cs"
"NOOP_NEW_SAME","submodule","Servers\Libs\NetTopologySuite\src\NetTopologySuite.Lab\EdgeRay\EdgeRayIntersectionArea.cs"
"NOOP_NEW_SAME","submodule","Servers\Libs\NetTopologySuite\src\NetTopologySuite.Lab\Geometries\Axis\ApproximateMedialAxis.cs"
"NOOP_NEW_SAME","submodule","Servers\Libs\NetTopologySuite\src\NetTopologySuite.Lab\Geometries\Utilities\GeometryEditorEx.cs"
"NOOP_NEW_SAME","submodule","Servers\Libs\NetTopologySuite\src\NetTopologySuite.Lab\Hull\ChiShape.cs"
"NOOP_NEW_SAME","submodule","Servers\Libs\NetTopologySuite\src\NetTopologySuite.Lab\IteratedOverlayFunctions.cs"
"NOOP_NEW_SAME","submodule","Servers\Libs\NetTopologySuite\src\NetTopologySuite.Lab\NetTopologySuite.Lab.csproj"
"NOOP_NEW_SAME","submodule","Servers\Libs\NetTopologySuite\src\NetTopologySuite.Lab\Operation\Union\DisjointSets.cs"
"NOOP_NEW_SAME","submodule","Servers\Libs\NetTopologySuite\src\NetTopologySuite.Lab\Operation\Union\PartitionedUnion.cs"
"NOOP_NEW_SAME","submodule","Servers\Libs\NetTopologySuite\src\NetTopologySuite.Lab\Operation\Union\SparsePolygonUnion.cs"
"NOOP_NEW_SAME","submodule","Servers\Libs\NetTopologySuite\src\NetTopologySuite.Lab\Operation\Union\SpatialPartition.cs"
"NOOP_NEW_SAME","submodule","Servers\Libs\NetTopologySuite\src\NetTopologySuite.Lab\OverlayOptFunctions.cs"
"NOOP_NEW_SAME","submodule","Servers\Libs\NetTopologySuite\src\NetTopologySuite.TestRunner.Console\App.ico"
"NOOP_NEW_SAME","submodule","Servers\Libs\NetTopologySuite\src\NetTopologySuite.TestRunner.Console\Arguments.cs"
"NOOP_NEW_SAME","submodule","Servers\Libs\NetTopologySuite\src\NetTopologySuite.TestRunner.Console\ConsoleTest.cs"
"NOOP_NEW_SAME","submodule","Servers\Libs\NetTopologySuite\src\NetTopologySuite.TestRunner.Console\NetTopologySuite.TestRunner.Console.csproj"
"NOOP_NEW_SAME","submodule","Servers\Libs\NetTopologySuite\src\NetTopologySuite.TestRunner.Console\TestInfo.cs"
"NOOP_NEW_SAME","submodule","Servers\Libs\NetTopologySuite\src\NetTopologySuite.TestRunner.Console\TestInfoCollection.cs"
"NOOP_NEW_SAME","submodule","Servers\Libs\NetTopologySuite\src\NetTopologySuite.TestRunner.Console\TestOptionsParser.cs"
"NOOP_NEW_SAME","submodule","Servers\Libs\NetTopologySuite\src\NetTopologySuite.TestRunner.Console\TestRunner.cs"
"NOOP_NEW_SAME","submodule","Servers\Libs\NetTopologySuite\src\NetTopologySuite\Algorithm\Angle.cs"
"NOOP_NEW_SAME","submodule","Servers\Libs\NetTopologySuite\src\NetTopologySuite\Algorithm\BoundaryNodeRule.cs"
"NOOP_NEW_SAME","submodule","Servers\Libs\NetTopologySuite\src\NetTopologySuite\Algorithm\Centroid.cs"
"NOOP_NEW_SAME","submodule","Servers\Libs\NetTopologySuite\src\NetTopologySuite\Algorithm\CGAlgorithmsDD.cs"
"NOOP_NEW_SAME","submodule","Servers\Libs\NetTopologySuite\src\NetTopologySuite\Algorithm\Construct\LargestEmptyCircle.cs"
"NOOP_NEW_SAME","submodule","Servers\Libs\NetTopologySuite\src\NetTopologySuite\Algorithm\Construct\MaximumInscribedCircle.cs"
"NOOP_NEW_SAME","submodule","Servers\Libs\NetTopologySuite\src\NetTopologySuite\Algorithm\ConvexHull.cs"
"NOOP_NEW_SAME","submodule","Servers\Libs\NetTopologySuite\src\NetTopologySuite\Algorithm\Distance.cs"
"NOOP_NEW_SAME","submodule","Servers\Libs\NetTopologySuite\src\NetTopologySuite\Algorithm\Distance\DiscreteFrechetDistance.cs"
"NOOP_NEW_SAME","submodule","Servers\Libs\NetTopologySuite\src\NetTopologySuite\Algorithm\Distance\DiscreteHausdorffDistance.cs"
"NOOP_NEW_SAME","submodule","Servers\Libs\NetTopologySuite\src\NetTopologySuite\Algorithm\Distance\DistanceToPoint.cs"
"NOOP_NEW_SAME","submodule","Servers\Libs\NetTopologySuite\src\NetTopologySuite\Algorithm\HCoordinate.cs"
"NOOP_NEW_SAME","submodule","Servers\Libs\NetTopologySuite\src\NetTopologySuite\Algorithm\Hull\HullTri.cs"
"NOOP_NEW_SAME","submodule","Servers\Libs\NetTopologySuite\src\NetTopologySuite\Algorithm\Hull\HullTriangulation.cs"
"NOOP_NEW_SAME","submodule","Servers\Libs\NetTopologySuite\src\NetTopologySuite\Algorithm\InteriorPoint.cs"
"NOOP_NEW_SAME","submodule","Servers\Libs\NetTopologySuite\src\NetTopologySuite\Algorithm\InteriorPointArea.cs"
"NOOP_NEW_SAME","submodule","Servers\Libs\NetTopologySuite\src\NetTopologySuite\Algorithm\InteriorPointLine.cs"
"NOOP_NEW_SAME","submodule","Servers\Libs\NetTopologySuite\src\NetTopologySuite\Algorithm\InteriorPointPoint.cs"
"NOOP_NEW_SAME","submodule","Servers\Libs\NetTopologySuite\src\NetTopologySuite\Algorithm\IntersectionComputer.cs"
"NOOP_NEW_SAME","submodule","Servers\Libs\NetTopologySuite\src\NetTopologySuite\Algorithm\IPointInAreaLocator.cs"
"NOOP_NEW_SAME","submodule","Servers\Libs\NetTopologySuite\src\NetTopologySuite\Algorithm\Length.cs"
"NOOP_NEW_SAME","submodule","Servers\Libs\NetTopologySuite\src\NetTopologySuite\Algorithm\LineIntersector.cs"
"NOOP_NEW_SAME","submodule","Servers\Libs\NetTopologySuite\src\NetTopologySuite\Algorithm\Locate\IndexedPointInAreaLocator.cs"
"NOOP_NEW_SAME","submodule","Servers\Libs\NetTopologySuite\src\NetTopologySuite\Algorithm\Locate\IPointOnGeometryLocator.cs"
"NOOP_NEW_SAME","submodule","Servers\Libs\NetTopologySuite\src\NetTopologySuite\Algorithm\Locate\SimplePointInAreaLocator.cs"
"NOOP_NEW_SAME","submodule","Servers\Libs\NetTopologySuite\src\NetTopologySuite\Algorithm\Match\AreaSimilarityMeasure.cs"
"NOOP_NEW_SAME","submodule","Servers\Libs\NetTopologySuite\src\NetTopologySuite\Algorithm\Match\FrechetSimilarityMeasure.cs"
"NOOP_NEW_SAME","submodule","Servers\Libs\NetTopologySuite\src\NetTopologySuite\Algorithm\Match\HausdorffSimilarityMeasure.cs"
"NOOP_NEW_SAME","submodule","Servers\Libs\NetTopologySuite\src\NetTopologySuite\Algorithm\Match\ISimilarityMeasure.cs"
"NOOP_NEW_SAME","submodule","Servers\Libs\NetTopologySuite\src\NetTopologySuite\Algorithm\Match\SimilarityMeasureCombiner.cs"
"NOOP_NEW_SAME","submodule","Servers\Libs\NetTopologySuite\src\NetTopologySuite\Algorithm\MinimumBoundingCircle.cs"
"NOOP_NEW_SAME","submodule","Servers\Libs\NetTopologySuite\src\NetTopologySuite\Algorithm\MinimumDiameter.cs"
"NOOP_NEW_SAME","submodule","Servers\Libs\NetTopologySuite\src\NetTopologySuite\Algorithm\NotRepresentableException.cs"
"NOOP_NEW_SAME","submodule","Servers\Libs\NetTopologySuite\src\NetTopologySuite\Algorithm\Orientation.cs"
"NOOP_NEW_SAME","submodule","Servers\Libs\NetTopologySuite\src\NetTopologySuite\Algorithm\OrientationIndex.cs"
"NOOP_NEW_SAME","submodule","Servers\Libs\NetTopologySuite\src\NetTopologySuite\Algorithm\PointLocation.cs"
"NOOP_NEW_SAME","submodule","Servers\Libs\NetTopologySuite\src\NetTopologySuite\Algorithm\PointLocator.cs"
"NOOP_NEW_SAME","submodule","Servers\Libs\NetTopologySuite\src\NetTopologySuite\Algorithm\RayCrossingCounter.cs"
"NOOP_NEW_SAME","submodule","Servers\Libs\NetTopologySuite\src\NetTopologySuite\Algorithm\RectangleLineIntersector.cs"
"NOOP_NEW_SAME","submodule","Servers\Libs\NetTopologySuite\src\NetTopologySuite\Algorithm\RobustDeterminant.cs"
"NOOP_NEW_SAME","submodule","Servers\Libs\NetTopologySuite\src\NetTopologySuite\Algorithm\RobustLineIntersector.cs"
"NOOP_NEW_SAME","submodule","Servers\Libs\NetTopologySuite\src\NetTopologySuite\ApiCompatBaseline.txt"
"NOOP_NEW_SAME","submodule","Servers\Libs\NetTopologySuite\src\NetTopologySuite\ApiCompatExcludeAttributes.txt"
"NOOP_NEW_SAME","submodule","Servers\Libs\NetTopologySuite\src\NetTopologySuite\AssemblyInfo.cs"
"NOOP_NEW_SAME","submodule","Servers\Libs\NetTopologySuite\src\NetTopologySuite\Consts.cs"
"NOOP_NEW_SAME","submodule","Servers\Libs\NetTopologySuite\src\NetTopologySuite\DataStructures\Interval.cs"
"NOOP_NEW_SAME","submodule","Servers\Libs\NetTopologySuite\src\NetTopologySuite\Densify\Densifier.cs"
"NOOP_NEW_SAME","submodule","Servers\Libs\NetTopologySuite\src\NetTopologySuite\Dissolve\DissolveEdgeGraph.cs"
"NOOP_NEW_SAME","submodule","Servers\Libs\NetTopologySuite\src\NetTopologySuite\Dissolve\DissolveHalfEdge.cs"
"NOOP_NEW_SAME","submodule","Servers\Libs\NetTopologySuite\src\NetTopologySuite\Dissolve\LineDissolver.cs"
"NOOP_NEW_SAME","submodule","Servers\Libs\NetTopologySuite\src\NetTopologySuite\EdgeGraph\EdgeGraph.cs"
"NOOP_NEW_SAME","submodule","Servers\Libs\NetTopologySuite\src\NetTopologySuite\EdgeGraph\EdgeGraphBuilder.cs"
"NOOP_NEW_SAME","submodule","Servers\Libs\NetTopologySuite\src\NetTopologySuite\EdgeGraph\HalfEdge.cs"
"NOOP_NEW_SAME","submodule","Servers\Libs\NetTopologySuite\src\NetTopologySuite\EdgeGraph\MarkHalfEdge.cs"
"NOOP_NEW_SAME","submodule","Servers\Libs\NetTopologySuite\src\NetTopologySuite\Geometries\CoordinateEqualityComparer.cs"
"NOOP_NEW_SAME","submodule","Servers\Libs\NetTopologySuite\src\NetTopologySuite\Geometries\CoordinateList.cs"
"NOOP_NEW_SAME","submodule","Servers\Libs\NetTopologySuite\src\NetTopologySuite\Geometries\CoordinateM.cs"
"NOOP_NEW_SAME","submodule","Servers\Libs\NetTopologySuite\src\NetTopologySuite\Geometries\Coordinates.cs"
"NOOP_NEW_SAME","submodule","Servers\Libs\NetTopologySuite\src\NetTopologySuite\Geometries\CoordinateSequence.cs"
"NOOP_NEW_SAME","submodule","Servers\Libs\NetTopologySuite\src\NetTopologySuite\Geometries\CoordinateSequenceComparator.cs"
"NOOP_NEW_SAME","submodule","Servers\Libs\NetTopologySuite\src\NetTopologySuite\Geometries\CoordinateSequenceFactory.cs"
"NOOP_NEW_SAME","submodule","Servers\Libs\NetTopologySuite\src\NetTopologySuite\Geometries\CoordinateSequences.cs"
"NOOP_NEW_SAME","submodule","Servers\Libs\NetTopologySuite\src\NetTopologySuite\Geometries\CoordinateZ.cs"
"NOOP_NEW_SAME","submodule","Servers\Libs\NetTopologySuite\src\NetTopologySuite\Geometries\CoordinateZM.cs"
"NOOP_NEW_SAME","submodule","Servers\Libs\NetTopologySuite\src\NetTopologySuite\Geometries\Dimension.cs"
"NOOP_NEW_SAME","submodule","Servers\Libs\NetTopologySuite\src\NetTopologySuite\Geometries\Envelope.cs"
"NOOP_NEW_SAME","submodule","Servers\Libs\NetTopologySuite\src\NetTopologySuite\Geometries\ExtraDimensionalCoordinate.cs"
"NOOP_NEW_SAME","submodule","Servers\Libs\NetTopologySuite\src\NetTopologySuite\Geometries\GeometryCollectionEnumerator.cs"
"NOOP_NEW_SAME","submodule","Servers\Libs\NetTopologySuite\src\NetTopologySuite\Geometries\GeometryComponentFilter.cs"
"NOOP_NEW_SAME","submodule","Servers\Libs\NetTopologySuite\src\NetTopologySuite\Geometries\GeometryFactory.cs"
"NOOP_NEW_SAME","submodule","Servers\Libs\NetTopologySuite\src\NetTopologySuite\Geometries\GeometryFactoryEx.cs"
"NOOP_NEW_SAME","submodule","Servers\Libs\NetTopologySuite\src\NetTopologySuite\Geometries\GeometryOverlay.cs"
"NOOP_NEW_SAME","submodule","Servers\Libs\NetTopologySuite\src\NetTopologySuite\Geometries\IBoundable.cs"
"NOOP_NEW_SAME","submodule","Servers\Libs\NetTopologySuite\src\NetTopologySuite\Geometries\ICoordinateFilter.cs"
"NOOP_NEW_SAME","submodule","Servers\Libs\NetTopologySuite\src\NetTopologySuite\Geometries\ICoordinateSequenceFilter.cs"
"NOOP_NEW_SAME","submodule","Servers\Libs\NetTopologySuite\src\NetTopologySuite\Geometries\IEntireCoordinateSequenceFilter.cs"
"NOOP_NEW_SAME","submodule","Servers\Libs\NetTopologySuite\src\NetTopologySuite\Geometries\IGeometryComponentFilter.cs"
"NOOP_NEW_SAME","submodule","Servers\Libs\NetTopologySuite\src\NetTopologySuite\Geometries\IGeometryFilter.cs"
"NOOP_NEW_SAME","submodule","Servers\Libs\NetTopologySuite\src\NetTopologySuite\Geometries\IIntersectable.cs"
"NOOP_NEW_SAME","submodule","Servers\Libs\NetTopologySuite\src\NetTopologySuite\Geometries\ILineal.cs"
"NOOP_NEW_SAME","submodule","Servers\Libs\NetTopologySuite\src\NetTopologySuite\Geometries\Implementation\CoordinateArraySequence.cs"
"NOOP_NEW_SAME","submodule","Servers\Libs\NetTopologySuite\src\NetTopologySuite\Geometries\Implementation\CoordinateArraySequenceFactory.cs"
"NOOP_NEW_SAME","submodule","Servers\Libs\NetTopologySuite\src\NetTopologySuite\Geometries\Implementation\DotSpatialAffineCoordinateSequence.cs"
"NOOP_NEW_SAME","submodule","Servers\Libs\NetTopologySuite\src\NetTopologySuite\Geometries\Implementation\DotSpatialAffineCoordinateSequenceFactory.cs"
"NOOP_NEW_SAME","submodule","Servers\Libs\NetTopologySuite\src\NetTopologySuite\Geometries\Implementation\PackedCoordinateSequence.cs"
"NOOP_NEW_SAME","submodule","Servers\Libs\NetTopologySuite\src\NetTopologySuite\Geometries\Implementation\PackedCoordinateSequenceFactory.cs"
"NOOP_NEW_SAME","submodule","Servers\Libs\NetTopologySuite\src\NetTopologySuite\Geometries\Implementation\RawCoordinateSequenceFactory.cs"
"NOOP_NEW_SAME","submodule","Servers\Libs\NetTopologySuite\src\NetTopologySuite\Geometries\IntersectionMatrix.cs"
"NOOP_NEW_SAME","submodule","Servers\Libs\NetTopologySuite\src\NetTopologySuite\Geometries\IPolygonal.cs"
"NOOP_NEW_SAME","submodule","Servers\Libs\NetTopologySuite\src\NetTopologySuite\Geometries\IPuntal.cs"
"NOOP_NEW_SAME","submodule","Servers\Libs\NetTopologySuite\src\NetTopologySuite\Geometries\LinearRing.cs"
"NOOP_NEW_SAME","submodule","Servers\Libs\NetTopologySuite\src\NetTopologySuite\Geometries\LinearRingOrientation.cs"
"NOOP_NEW_SAME","submodule","Servers\Libs\NetTopologySuite\src\NetTopologySuite\Geometries\LineSegment.cs"
"NOOP_NEW_SAME","submodule","Servers\Libs\NetTopologySuite\src\NetTopologySuite\Geometries\Location.cs"
"NOOP_NEW_SAME","submodule","Servers\Libs\NetTopologySuite\src\NetTopologySuite\Geometries\MultiLineString.cs"
"NOOP_NEW_SAME","submodule","Servers\Libs\NetTopologySuite\src\NetTopologySuite\Geometries\MultiPoint.cs"
"NOOP_NEW_SAME","submodule","Servers\Libs\NetTopologySuite\src\NetTopologySuite\Geometries\MultiPolygon.cs"
"NOOP_NEW_SAME","submodule","Servers\Libs\NetTopologySuite\src\NetTopologySuite\Geometries\OctogonalEnvelope.cs"
"NOOP_NEW_SAME","submodule","Servers\Libs\NetTopologySuite\src\NetTopologySuite\Geometries\OgcCompliantGeometryFactory.cs"
"NOOP_NEW_SAME","submodule","Servers\Libs\NetTopologySuite\src\NetTopologySuite\Geometries\OgcGeometryType.cs"
"NOOP_NEW_SAME","submodule","Servers\Libs\NetTopologySuite\src\NetTopologySuite\Geometries\Ordinate.cs"
"NOOP_NEW_SAME","submodule","Servers\Libs\NetTopologySuite\src\NetTopologySuite\Geometries\Ordinates.cs"
"NOOP_NEW_SAME","submodule","Servers\Libs\NetTopologySuite\src\NetTopologySuite\Geometries\OrdinatesUtility.cs"
"NOOP_NEW_SAME","submodule","Servers\Libs\NetTopologySuite\src\NetTopologySuite\Geometries\Point.cs"
"NOOP_NEW_SAME","submodule","Servers\Libs\NetTopologySuite\src\NetTopologySuite\Geometries\Polygon.cs"
"NOOP_NEW_SAME","submodule","Servers\Libs\NetTopologySuite\src\NetTopologySuite\Geometries\Position.cs"
"NOOP_NEW_SAME","submodule","Servers\Libs\NetTopologySuite\src\NetTopologySuite\Geometries\PrecisionModel.cs"
"NOOP_NEW_SAME","submodule","Servers\Libs\NetTopologySuite\src\NetTopologySuite\Geometries\PrecisionModels.cs"
"NOOP_NEW_SAME","submodule","Servers\Libs\NetTopologySuite\src\NetTopologySuite\Geometries\Prepared\AbstractPreparedPolygonContains.cs"
"NOOP_NEW_SAME","submodule","Servers\Libs\NetTopologySuite\src\NetTopologySuite\Geometries\Prepared\BasicPreparedGeometry.cs"
"NOOP_NEW_SAME","submodule","Servers\Libs\NetTopologySuite\src\NetTopologySuite\Geometries\Prepared\IPreparedGeometry.cs"
"NOOP_NEW_SAME","submodule","Servers\Libs\NetTopologySuite\src\NetTopologySuite\Geometries\Prepared\PreparedGeometryFactory.cs"
"NOOP_NEW_SAME","submodule","Servers\Libs\NetTopologySuite\src\NetTopologySuite\Geometries\Prepared\PreparedLineString.cs"
"NOOP_NEW_SAME","submodule","Servers\Libs\NetTopologySuite\src\NetTopologySuite\Geometries\Prepared\PreparedLineStringIntersects.cs"
"NOOP_NEW_SAME","submodule","Servers\Libs\NetTopologySuite\src\NetTopologySuite\Geometries\Prepared\PreparedPolygon.cs"
"NOOP_NEW_SAME","submodule","Servers\Libs\NetTopologySuite\src\NetTopologySuite\Geometries\Prepared\PreparedPolygonContains.cs"
"NOOP_NEW_SAME","submodule","Servers\Libs\NetTopologySuite\src\NetTopologySuite\Geometries\Prepared\PreparedPolygonContainsProperly.cs"
"NOOP_NEW_SAME","submodule","Servers\Libs\NetTopologySuite\src\NetTopologySuite\Geometries\Prepared\PreparedPolygonCovers.cs"
"NOOP_NEW_SAME","submodule","Servers\Libs\NetTopologySuite\src\NetTopologySuite\Geometries\Prepared\PreparedPolygonIntersects.cs"
"NOOP_NEW_SAME","submodule","Servers\Libs\NetTopologySuite\src\NetTopologySuite\Geometries\Prepared\PreparedPolygonPredicate.cs"
"NOOP_NEW_SAME","submodule","Servers\Libs\NetTopologySuite\src\NetTopologySuite\Geometries\Quadrant.cs"
"NOOP_NEW_SAME","submodule","Servers\Libs\NetTopologySuite\src\NetTopologySuite\Geometries\TopologyException.cs"
"NOOP_NEW_SAME","submodule","Servers\Libs\NetTopologySuite\src\NetTopologySuite\Geometries\Triangle.cs"
"NOOP_NEW_SAME","submodule","Servers\Libs\NetTopologySuite\src\NetTopologySuite\Geometries\Utilities\AffineTransformation.cs"
"NOOP_NEW_SAME","submodule","Servers\Libs\NetTopologySuite\src\NetTopologySuite\Geometries\Utilities\AffineTransformationBuilder.cs"
"NOOP_NEW_SAME","submodule","Servers\Libs\NetTopologySuite\src\NetTopologySuite\Geometries\Utilities\AffineTransformationFactory.cs"
"NOOP_NEW_SAME","submodule","Servers\Libs\NetTopologySuite\src\NetTopologySuite\Geometries\Utilities\ComponentGeometryExtractor.cs"
"NOOP_NEW_SAME","submodule","Servers\Libs\NetTopologySuite\src\NetTopologySuite\Geometries\Utilities\EnvelopeCombiner.cs"
"NOOP_NEW_SAME","submodule","Servers\Libs\NetTopologySuite\src\NetTopologySuite\Geometries\Utilities\GeometryCollectionMapper.cs"
"NOOP_NEW_SAME","submodule","Servers\Libs\NetTopologySuite\src\NetTopologySuite\Geometries\Utilities\GeometryCombiner.cs"
"NOOP_NEW_SAME","submodule","Servers\Libs\NetTopologySuite\src\NetTopologySuite\Geometries\Utilities\GeometryEditor.cs"
"NOOP_NEW_SAME","submodule","Servers\Libs\NetTopologySuite\src\NetTopologySuite\Geometries\Utilities\GeometryExtracter.cs"
"NOOP_NEW_SAME","submodule","Servers\Libs\NetTopologySuite\src\NetTopologySuite\Geometries\Utilities\GeometryFixer.cs"
"NOOP_NEW_SAME","submodule","Servers\Libs\NetTopologySuite\src\NetTopologySuite\Geometries\Utilities\GeometryMapper.cs"
"NOOP_NEW_SAME","submodule","Servers\Libs\NetTopologySuite\src\NetTopologySuite\Geometries\Utilities\GeometryTransformer.cs"
"NOOP_NEW_SAME","submodule","Servers\Libs\NetTopologySuite\src\NetTopologySuite\Geometries\Utilities\LinearComponentExtracter.cs"
"NOOP_NEW_SAME","submodule","Servers\Libs\NetTopologySuite\src\NetTopologySuite\Geometries\Utilities\LineStringExtracter.cs"
"NOOP_NEW_SAME","submodule","Servers\Libs\NetTopologySuite\src\NetTopologySuite\Geometries\Utilities\Matrix.cs"
"NOOP_NEW_SAME","submodule","Servers\Libs\NetTopologySuite\src\NetTopologySuite\Geometries\Utilities\NoninvertibleTransformationException.cs"
"NOOP_NEW_SAME","submodule","Servers\Libs\NetTopologySuite\src\NetTopologySuite\Geometries\Utilities\PointExtracter.cs"
"NOOP_NEW_SAME","submodule","Servers\Libs\NetTopologySuite\src\NetTopologySuite\Geometries\Utilities\PolygonExtracter.cs"
"NOOP_NEW_SAME","submodule","Servers\Libs\NetTopologySuite\src\NetTopologySuite\Geometries\Utilities\ShortCircuitedGeometryVisitor.cs"
"NOOP_NEW_SAME","submodule","Servers\Libs\NetTopologySuite\src\NetTopologySuite\Geometries\Utilities\SineStarFactory.cs"
"NOOP_NEW_SAME","submodule","Servers\Libs\NetTopologySuite\src\NetTopologySuite\GeometriesGraph\Depth.cs"
"NOOP_NEW_SAME","submodule","Servers\Libs\NetTopologySuite\src\NetTopologySuite\GeometriesGraph\DirectedEdge.cs"
"NOOP_NEW_SAME","submodule","Servers\Libs\NetTopologySuite\src\NetTopologySuite\GeometriesGraph\DirectedEdgeStar.cs"
"NOOP_NEW_SAME","submodule","Servers\Libs\NetTopologySuite\src\NetTopologySuite\GeometriesGraph\Edge.cs"
"NOOP_NEW_SAME","submodule","Servers\Libs\NetTopologySuite\src\NetTopologySuite\GeometriesGraph\EdgeEnd.cs"
"NOOP_NEW_SAME","submodule","Servers\Libs\NetTopologySuite\src\NetTopologySuite\GeometriesGraph\EdgeEndStar.cs"
"NOOP_NEW_SAME","submodule","Servers\Libs\NetTopologySuite\src\NetTopologySuite\GeometriesGraph\EdgeIntersection.cs"
"NOOP_NEW_SAME","submodule","Servers\Libs\NetTopologySuite\src\NetTopologySuite\GeometriesGraph\EdgeIntersectionList.cs"
"NOOP_NEW_SAME","submodule","Servers\Libs\NetTopologySuite\src\NetTopologySuite\GeometriesGraph\EdgeList.cs"
"NOOP_NEW_SAME","submodule","Servers\Libs\NetTopologySuite\src\NetTopologySuite\GeometriesGraph\EdgeNodingValidator.cs"
"NOOP_NEW_SAME","submodule","Servers\Libs\NetTopologySuite\src\NetTopologySuite\GeometriesGraph\EdgeRing.cs"
"NOOP_NEW_SAME","submodule","Servers\Libs\NetTopologySuite\src\NetTopologySuite\GeometriesGraph\GeometryGraph.cs"
"NOOP_NEW_SAME","submodule","Servers\Libs\NetTopologySuite\src\NetTopologySuite\GeometriesGraph\GraphComponent.cs"
"NOOP_NEW_SAME","submodule","Servers\Libs\NetTopologySuite\src\NetTopologySuite\GeometriesGraph\Index\EdgeSetIntersector.cs"
"NOOP_NEW_SAME","submodule","Servers\Libs\NetTopologySuite\src\NetTopologySuite\GeometriesGraph\Index\MonotoneChain.cs"
"NOOP_NEW_SAME","submodule","Servers\Libs\NetTopologySuite\src\NetTopologySuite\GeometriesGraph\Index\MonotoneChainEdge.cs"
"NOOP_NEW_SAME","submodule","Servers\Libs\NetTopologySuite\src\NetTopologySuite\GeometriesGraph\Index\MonotoneChainIndexer.cs"
"NOOP_NEW_SAME","submodule","Servers\Libs\NetTopologySuite\src\NetTopologySuite\GeometriesGraph\Index\SegmentIntersector.cs"
"NOOP_NEW_SAME","submodule","Servers\Libs\NetTopologySuite\src\NetTopologySuite\GeometriesGraph\Index\SimpleEdgeSetIntersector.cs"
"NOOP_NEW_SAME","submodule","Servers\Libs\NetTopologySuite\src\NetTopologySuite\GeometriesGraph\Index\SimpleMCSweepLineIntersector.cs"
"NOOP_NEW_SAME","submodule","Servers\Libs\NetTopologySuite\src\NetTopologySuite\GeometriesGraph\Index\SimpleSweepLineIntersector.cs"
"NOOP_NEW_SAME","submodule","Servers\Libs\NetTopologySuite\src\NetTopologySuite\GeometriesGraph\Index\SweepLineEvent.cs"
"NOOP_NEW_SAME","submodule","Servers\Libs\NetTopologySuite\src\NetTopologySuite\GeometriesGraph\Index\SweepLineSegment.cs"
"NOOP_NEW_SAME","submodule","Servers\Libs\NetTopologySuite\src\NetTopologySuite\GeometriesGraph\Label.cs"
"NOOP_NEW_SAME","submodule","Servers\Libs\NetTopologySuite\src\NetTopologySuite\GeometriesGraph\Node.cs"
"NOOP_NEW_SAME","submodule","Servers\Libs\NetTopologySuite\src\NetTopologySuite\GeometriesGraph\NodeFactory.cs"
"NOOP_NEW_SAME","submodule","Servers\Libs\NetTopologySuite\src\NetTopologySuite\GeometriesGraph\NodeMap.cs"
"NOOP_NEW_SAME","submodule","Servers\Libs\NetTopologySuite\src\NetTopologySuite\GeometriesGraph\PlanarGraph.cs"
"NOOP_NEW_SAME","submodule","Servers\Libs\NetTopologySuite\src\NetTopologySuite\GeometriesGraph\Position.cs"
"NOOP_NEW_SAME","submodule","Servers\Libs\NetTopologySuite\src\NetTopologySuite\GeometriesGraph\QuadrantOp.cs"
"NOOP_NEW_SAME","submodule","Servers\Libs\NetTopologySuite\src\NetTopologySuite\GeometriesGraph\TopologyLocation.cs"
"NOOP_NEW_SAME","submodule","Servers\Libs\NetTopologySuite\src\NetTopologySuite\Index\ArrayListVisitor.cs"
"NOOP_NEW_SAME","submodule","Servers\Libs\NetTopologySuite\src\NetTopologySuite\Index\Bintree\Bintree.cs"
"NOOP_NEW_SAME","submodule","Servers\Libs\NetTopologySuite\src\NetTopologySuite\Index\Bintree\Interval.cs"
"NOOP_NEW_SAME","submodule","Servers\Libs\NetTopologySuite\src\NetTopologySuite\Index\Bintree\Key.cs"
"NOOP_NEW_SAME","submodule","Servers\Libs\NetTopologySuite\src\NetTopologySuite\Index\Bintree\Node.cs"
"NOOP_NEW_SAME","submodule","Servers\Libs\NetTopologySuite\src\NetTopologySuite\Index\Bintree\NodeBase.cs"
"NOOP_NEW_SAME","submodule","Servers\Libs\NetTopologySuite\src\NetTopologySuite\Index\Bintree\Root.cs"
"NOOP_NEW_SAME","submodule","Servers\Libs\NetTopologySuite\src\NetTopologySuite\Index\Chain\MonotoneChain.cs"
"NOOP_NEW_SAME","submodule","Servers\Libs\NetTopologySuite\src\NetTopologySuite\Index\Chain\MonotoneChainBuilder.cs"
"NOOP_NEW_SAME","submodule","Servers\Libs\NetTopologySuite\src\NetTopologySuite\Index\Chain\MonotoneChainOverlapAction.cs"
"NOOP_NEW_SAME","submodule","Servers\Libs\NetTopologySuite\src\NetTopologySuite\Index\Chain\MonotoneChainSelectAction.cs"
"NOOP_NEW_SAME","submodule","Servers\Libs\NetTopologySuite\src\NetTopologySuite\Index\HPRtree\HilbertEncoder.cs"
"NOOP_NEW_SAME","submodule","Servers\Libs\NetTopologySuite\src\NetTopologySuite\Index\HPRtree\HPRtree.cs"
"NOOP_NEW_SAME","submodule","Servers\Libs\NetTopologySuite\src\NetTopologySuite\Index\HPRtree\Item.cs"
"NOOP_NEW_SAME","submodule","Servers\Libs\NetTopologySuite\src\NetTopologySuite\Index\IIndexVisitor.cs"
"NOOP_NEW_SAME","submodule","Servers\Libs\NetTopologySuite\src\NetTopologySuite\Index\IItemVisitor.cs"
"NOOP_NEW_SAME","submodule","Servers\Libs\NetTopologySuite\src\NetTopologySuite\Index\IntervalRTree\IntervalRTreeBranchNode.cs"
"NOOP_NEW_SAME","submodule","Servers\Libs\NetTopologySuite\src\NetTopologySuite\Index\IntervalRTree\IntervalRTreeLeafNode.cs"
"NOOP_NEW_SAME","submodule","Servers\Libs\NetTopologySuite\src\NetTopologySuite\Index\IntervalRTree\IntervalRTreeNode.cs"
"NOOP_NEW_SAME","submodule","Servers\Libs\NetTopologySuite\src\NetTopologySuite\Index\IntervalRTree\SortedPackedIntervalRTree.cs"
"NOOP_NEW_SAME","submodule","Servers\Libs\NetTopologySuite\src\NetTopologySuite\Index\ISpatialIndex.cs"
"NOOP_NEW_SAME","submodule","Servers\Libs\NetTopologySuite\src\NetTopologySuite\Index\KdTree\IKdNodeVisitor.cs"
"NOOP_NEW_SAME","submodule","Servers\Libs\NetTopologySuite\src\NetTopologySuite\Index\KdTree\KdNode.cs"
"NOOP_NEW_SAME","submodule","Servers\Libs\NetTopologySuite\src\NetTopologySuite\Index\KdTree\KdTree.cs"
"NOOP_NEW_SAME","submodule","Servers\Libs\NetTopologySuite\src\NetTopologySuite\Index\KdTree\KdTreeExtensions.cs"
"NOOP_NEW_SAME","submodule","Servers\Libs\NetTopologySuite\src\NetTopologySuite\Index\Quadtree\DoubleBits.cs"
"NOOP_NEW_SAME","submodule","Servers\Libs\NetTopologySuite\src\NetTopologySuite\Index\Quadtree\IntervalSize.cs"
"NOOP_NEW_SAME","submodule","Servers\Libs\NetTopologySuite\src\NetTopologySuite\Index\Quadtree\Key.cs"
"NOOP_NEW_SAME","submodule","Servers\Libs\NetTopologySuite\src\NetTopologySuite\Index\Quadtree\Node.cs"
"NOOP_NEW_SAME","submodule","Servers\Libs\NetTopologySuite\src\NetTopologySuite\Index\Quadtree\NodeBase.cs"
"NOOP_NEW_SAME","submodule","Servers\Libs\NetTopologySuite\src\NetTopologySuite\Index\Quadtree\Quadtree.cs"
"NOOP_NEW_SAME","submodule","Servers\Libs\NetTopologySuite\src\NetTopologySuite\Index\Quadtree\Root.cs"
"NOOP_NEW_SAME","submodule","Servers\Libs\NetTopologySuite\src\NetTopologySuite\Index\Strtree\AbstractNode.cs"
"NOOP_NEW_SAME","submodule","Servers\Libs\NetTopologySuite\src\NetTopologySuite\Index\Strtree\AbstractSTRtree.cs"
"NOOP_NEW_SAME","submodule","Servers\Libs\NetTopologySuite\src\NetTopologySuite\Index\Strtree\BoundablePair.cs"
"NOOP_NEW_SAME","submodule","Servers\Libs\NetTopologySuite\src\NetTopologySuite\Index\Strtree\BoundablePairDistanceComparer.cs"
"NOOP_NEW_SAME","submodule","Servers\Libs\NetTopologySuite\src\NetTopologySuite\Index\Strtree\EnvelopeDistance.cs"
"NOOP_NEW_SAME","submodule","Servers\Libs\NetTopologySuite\src\NetTopologySuite\Index\Strtree\GeometryItemDistance.cs"
"NOOP_NEW_SAME","submodule","Servers\Libs\NetTopologySuite\src\NetTopologySuite\Index\Strtree\IItemDistance.cs"
"NOOP_NEW_SAME","submodule","Servers\Libs\NetTopologySuite\src\NetTopologySuite\Index\Strtree\Interval.cs"
"NOOP_NEW_SAME","submodule","Servers\Libs\NetTopologySuite\src\NetTopologySuite\Index\Strtree\ItemBoundable.cs"
"NOOP_NEW_SAME","submodule","Servers\Libs\NetTopologySuite\src\NetTopologySuite\Index\Strtree\SIRtree.cs"
"NOOP_NEW_SAME","submodule","Servers\Libs\NetTopologySuite\src\NetTopologySuite\Index\Strtree\STRtree.cs"
"NOOP_NEW_SAME","submodule","Servers\Libs\NetTopologySuite\src\NetTopologySuite\Index\Sweepline\ISweepLineOverlapAction.cs"
"NOOP_NEW_SAME","submodule","Servers\Libs\NetTopologySuite\src\NetTopologySuite\Index\Sweepline\SweepLineEvent.cs"
"NOOP_NEW_SAME","submodule","Servers\Libs\NetTopologySuite\src\NetTopologySuite\Index\Sweepline\SweepLineIndex.cs"
"NOOP_NEW_SAME","submodule","Servers\Libs\NetTopologySuite\src\NetTopologySuite\Index\Sweepline\SweepLineInterval.cs"
"NOOP_NEW_SAME","submodule","Servers\Libs\NetTopologySuite\src\NetTopologySuite\IO\BEBinaryWriter.cs"
"NOOP_NEW_SAME","submodule","Servers\Libs\NetTopologySuite\src\NetTopologySuite\IO\BiEndianBinaryReader.cs"
"NOOP_NEW_SAME","submodule","Servers\Libs\NetTopologySuite\src\NetTopologySuite\IO\ByteOrder.cs"
"NOOP_NEW_SAME","submodule","Servers\Libs\NetTopologySuite\src\NetTopologySuite\IO\GeometryType.cs"
"NOOP_NEW_SAME","submodule","Servers\Libs\NetTopologySuite\src\NetTopologySuite\IO\GML2\GMLElements.cs"
"NOOP_NEW_SAME","submodule","Servers\Libs\NetTopologySuite\src\NetTopologySuite\IO\GML2\GMLReader.cs"
"NOOP_NEW_SAME","submodule","Servers\Libs\NetTopologySuite\src\NetTopologySuite\IO\GML2\GMLVersion.cs"
"NOOP_NEW_SAME","submodule","Servers\Libs\NetTopologySuite\src\NetTopologySuite\IO\GML2\GMLWriter.cs"
"NOOP_NEW_SAME","submodule","Servers\Libs\NetTopologySuite\src\NetTopologySuite\IO\GML3\GML3Writer.cs"
"NOOP_NEW_SAME","submodule","Servers\Libs\NetTopologySuite\src\NetTopologySuite\IO\KML\KMLReader.cs"
"NOOP_NEW_SAME","submodule","Servers\Libs\NetTopologySuite\src\NetTopologySuite\IO\KML\KMLWriter.cs"
"NOOP_NEW_SAME","submodule","Servers\Libs\NetTopologySuite\src\NetTopologySuite\IO\OrdinateFormat.cs"
"NOOP_NEW_SAME","submodule","Servers\Libs\NetTopologySuite\src\NetTopologySuite\IO\ParseException.cs"
"NOOP_NEW_SAME","submodule","Servers\Libs\NetTopologySuite\src\NetTopologySuite\IO\WKBGeometryTypes.cs"
"NOOP_NEW_SAME","submodule","Servers\Libs\NetTopologySuite\src\NetTopologySuite\IO\WKBHexFileReader.cs"
"NOOP_NEW_SAME","submodule","Servers\Libs\NetTopologySuite\src\NetTopologySuite\IO\WKBReader.cs"
"NOOP_NEW_SAME","submodule","Servers\Libs\NetTopologySuite\src\NetTopologySuite\IO\WKBWriter.cs"
"NOOP_NEW_SAME","submodule","Servers\Libs\NetTopologySuite\src\NetTopologySuite\IO\WKTConstants.cs"
"NOOP_NEW_SAME","submodule","Servers\Libs\NetTopologySuite\src\NetTopologySuite\IO\WKTFileReader.cs"
"NOOP_NEW_SAME","submodule","Servers\Libs\NetTopologySuite\src\NetTopologySuite\IO\WKTReader.cs"
"NOOP_NEW_SAME","submodule","Servers\Libs\NetTopologySuite\src\NetTopologySuite\IO\WKTWriter.cs"
"NOOP_NEW_SAME","submodule","Servers\Libs\NetTopologySuite\src\NetTopologySuite\LinearReferencing\ExtractLineByLocation.cs"
"NOOP_NEW_SAME","submodule","Servers\Libs\NetTopologySuite\src\NetTopologySuite\LinearReferencing\LengthIndexedLine.cs"
"NOOP_NEW_SAME","submodule","Servers\Libs\NetTopologySuite\src\NetTopologySuite\LinearReferencing\LengthIndexOfPoint.cs"
"NOOP_NEW_SAME","submodule","Servers\Libs\NetTopologySuite\src\NetTopologySuite\LinearReferencing\LengthLocationMap.cs"
"NOOP_NEW_SAME","submodule","Servers\Libs\NetTopologySuite\src\NetTopologySuite\LinearReferencing\LinearGeometryBuilder.cs"
"NOOP_NEW_SAME","submodule","Servers\Libs\NetTopologySuite\src\NetTopologySuite\LinearReferencing\LinearIterator.cs"
"NOOP_NEW_SAME","submodule","Servers\Libs\NetTopologySuite\src\NetTopologySuite\LinearReferencing\LinearLocation.cs"
"NOOP_NEW_SAME","submodule","Servers\Libs\NetTopologySuite\src\NetTopologySuite\LinearReferencing\LocationIndexedLine.cs"
"NOOP_NEW_SAME","submodule","Servers\Libs\NetTopologySuite\src\NetTopologySuite\LinearReferencing\LocationIndexOfLine.cs"
"NOOP_NEW_SAME","submodule","Servers\Libs\NetTopologySuite\src\NetTopologySuite\LinearReferencing\LocationIndexOfPoint.cs"
"NOOP_NEW_SAME","submodule","Servers\Libs\NetTopologySuite\src\NetTopologySuite\Mathematics\DD.cs"
"NOOP_NEW_SAME","submodule","Servers\Libs\NetTopologySuite\src\NetTopologySuite\Mathematics\MathUtil.cs"
"NOOP_NEW_SAME","submodule","Servers\Libs\NetTopologySuite\src\NetTopologySuite\Mathematics\Matrix.cs"
"NOOP_NEW_SAME","submodule","Servers\Libs\NetTopologySuite\src\NetTopologySuite\Mathematics\Plane3D.cs"
"NOOP_NEW_SAME","submodule","Servers\Libs\NetTopologySuite\src\NetTopologySuite\Mathematics\Vector2D.cs"
"NOOP_NEW_SAME","submodule","Servers\Libs\NetTopologySuite\src\NetTopologySuite\Mathematics\Vector3D.cs"
"NOOP_NEW_SAME","submodule","Servers\Libs\NetTopologySuite\src\NetTopologySuite\Mathematics\VectorMath.cs"
"NOOP_NEW_SAME","submodule","Servers\Libs\NetTopologySuite\src\NetTopologySuite\NetTopologySuite.csproj"
"NOOP_NEW_SAME","submodule","Servers\Libs\NetTopologySuite\src\NetTopologySuite\Noding\BasicSegmentString.cs"
"NOOP_NEW_SAME","submodule","Servers\Libs\NetTopologySuite\src\NetTopologySuite\Noding\FastNodingValidator.cs"
"NOOP_NEW_SAME","submodule","Servers\Libs\NetTopologySuite\src\NetTopologySuite\Noding\FastSegmentSetIntersectionFinder.cs"
"NOOP_NEW_SAME","submodule","Servers\Libs\NetTopologySuite\src\NetTopologySuite\Noding\INodableSegmentString.cs"
"NOOP_NEW_SAME","submodule","Servers\Libs\NetTopologySuite\src\NetTopologySuite\Noding\INoder.cs"
"NOOP_NEW_SAME","submodule","Servers\Libs\NetTopologySuite\src\NetTopologySuite\Noding\InteriorIntersectionFinderAdder.cs"
"NOOP_NEW_SAME","submodule","Servers\Libs\NetTopologySuite\src\NetTopologySuite\Noding\IntersectionAdder.cs"
"NOOP_NEW_SAME","submodule","Servers\Libs\NetTopologySuite\src\NetTopologySuite\Noding\ISegmentIntersector.cs"
"NOOP_NEW_SAME","submodule","Servers\Libs\NetTopologySuite\src\NetTopologySuite\Noding\ISegmentString.cs"
"NOOP_NEW_SAME","submodule","Servers\Libs\NetTopologySuite\src\NetTopologySuite\Noding\IteratedNoder.cs"
"NOOP_NEW_SAME","submodule","Servers\Libs\NetTopologySuite\src\NetTopologySuite\Noding\MCIndexNoder.cs"
"NOOP_NEW_SAME","submodule","Servers\Libs\NetTopologySuite\src\NetTopologySuite\Noding\NodedSegmentString.cs"
"NOOP_NEW_SAME","submodule","Servers\Libs\NetTopologySuite\src\NetTopologySuite\Noding\NodingIntersectionFinder.cs"
"NOOP_NEW_SAME","submodule","Servers\Libs\NetTopologySuite\src\NetTopologySuite\Noding\NodingValidator.cs"
"NOOP_NEW_SAME","submodule","Servers\Libs\NetTopologySuite\src\NetTopologySuite\Noding\Octant.cs"
"NOOP_NEW_SAME","submodule","Servers\Libs\NetTopologySuite\src\NetTopologySuite\Noding\OrientedCoordinateArray.cs"
"NOOP_NEW_SAME","submodule","Servers\Libs\NetTopologySuite\src\NetTopologySuite\Noding\ScaledNoder.cs"
"NOOP_NEW_SAME","submodule","Servers\Libs\NetTopologySuite\src\NetTopologySuite\Noding\SegmentExtractingNoder.cs"
"NOOP_NEW_SAME","submodule","Servers\Libs\NetTopologySuite\src\NetTopologySuite\Noding\SegmentIntersectionDetector.cs"
"NOOP_NEW_SAME","submodule","Servers\Libs\NetTopologySuite\src\NetTopologySuite\Noding\SegmentNode.cs"
"NOOP_NEW_SAME","submodule","Servers\Libs\NetTopologySuite\src\NetTopologySuite\Noding\SegmentNodeList.cs"
"NOOP_NEW_SAME","submodule","Servers\Libs\NetTopologySuite\src\NetTopologySuite\Noding\SegmentPointComparator.cs"
"NOOP_NEW_SAME","submodule","Servers\Libs\NetTopologySuite\src\NetTopologySuite\Noding\SegmentSetMutualIntersector.cs"
"NOOP_NEW_SAME","submodule","Servers\Libs\NetTopologySuite\src\NetTopologySuite\Noding\SegmentStringDissolver.cs"
"NOOP_NEW_SAME","submodule","Servers\Libs\NetTopologySuite\src\NetTopologySuite\Noding\SegmentStringUtil.cs"
"NOOP_NEW_SAME","submodule","Servers\Libs\NetTopologySuite\src\NetTopologySuite\Noding\SimpleNoder.cs"
"NOOP_NEW_SAME","submodule","Servers\Libs\NetTopologySuite\src\NetTopologySuite\Noding\SimpleSegmentSetMutualIntersector.cs"
"NOOP_NEW_SAME","submodule","Servers\Libs\NetTopologySuite\src\NetTopologySuite\Noding\SinglePassNoder.cs"
"NOOP_NEW_SAME","submodule","Servers\Libs\NetTopologySuite\src\NetTopologySuite\Noding\Snap\SnappingIntersectionAdder.cs"
"NOOP_NEW_SAME","submodule","Servers\Libs\NetTopologySuite\src\NetTopologySuite\Noding\Snap\SnappingNoder.cs"
"NOOP_NEW_SAME","submodule","Servers\Libs\NetTopologySuite\src\NetTopologySuite\Noding\Snap\SnappingPointIndex.cs"
"NOOP_NEW_SAME","submodule","Servers\Libs\NetTopologySuite\src\NetTopologySuite\Noding\Snapround\GeometryNoder.cs"
"NOOP_NEW_SAME","submodule","Servers\Libs\NetTopologySuite\src\NetTopologySuite\Noding\Snapround\HotPixel.cs"
"NOOP_NEW_SAME","submodule","Servers\Libs\NetTopologySuite\src\NetTopologySuite\Noding\Snapround\HotPixelIndex.cs"
"NOOP_NEW_SAME","submodule","Servers\Libs\NetTopologySuite\src\NetTopologySuite\Noding\Snapround\MCIndexPointSnapper.cs"
"NOOP_NEW_SAME","submodule","Servers\Libs\NetTopologySuite\src\NetTopologySuite\Noding\Snapround\MCIndexSnapRounder.cs"
"NOOP_NEW_SAME","submodule","Servers\Libs\NetTopologySuite\src\NetTopologySuite\Noding\Snapround\SimpleSnapRounder.cs"
"NOOP_NEW_SAME","submodule","Servers\Libs\NetTopologySuite\src\NetTopologySuite\Noding\Snapround\SnapRoundingIntersectionAdder.cs"
"NOOP_NEW_SAME","submodule","Servers\Libs\NetTopologySuite\src\NetTopologySuite\Noding\Snapround\SnapRoundingNoder.cs"
"NOOP_NEW_SAME","submodule","Servers\Libs\NetTopologySuite\src\NetTopologySuite\Noding\ValidatingNoder.cs"
"NOOP_NEW_SAME","submodule","Servers\Libs\NetTopologySuite\src\NetTopologySuite\NtsGeometryServices.cs"
"NOOP_NEW_SAME","submodule","Servers\Libs\NetTopologySuite\src\NetTopologySuite\Operation\BoundaryOp.cs"
"NOOP_NEW_SAME","submodule","Servers\Libs\NetTopologySuite\src\NetTopologySuite\Operation\Buffer\BufferBuilder.cs"
"NOOP_NEW_SAME","submodule","Servers\Libs\NetTopologySuite\src\NetTopologySuite\Operation\Buffer\BufferCurveSetBuilder.cs"
"NOOP_NEW_SAME","submodule","Servers\Libs\NetTopologySuite\src\NetTopologySuite\Operation\Buffer\BufferInputLineSimplifier.cs"
"NOOP_NEW_SAME","submodule","Servers\Libs\NetTopologySuite\src\NetTopologySuite\Operation\Buffer\BufferOp.cs"
"NOOP_NEW_SAME","submodule","Servers\Libs\NetTopologySuite\src\NetTopologySuite\Operation\Buffer\BufferParameters.cs"
"NOOP_NEW_SAME","submodule","Servers\Libs\NetTopologySuite\src\NetTopologySuite\Operation\Buffer\BufferSubgraph.cs"
"NOOP_NEW_SAME","submodule","Servers\Libs\NetTopologySuite\src\NetTopologySuite\Operation\Buffer\EndCapStyle.cs"
"NOOP_NEW_SAME","submodule","Servers\Libs\NetTopologySuite\src\NetTopologySuite\Operation\Buffer\JoinStyle.cs"
"NOOP_NEW_SAME","submodule","Servers\Libs\NetTopologySuite\src\NetTopologySuite\Operation\Buffer\OffsetCurve.cs"
"NOOP_NEW_SAME","submodule","Servers\Libs\NetTopologySuite\src\NetTopologySuite\Operation\Buffer\OffsetCurveBuilder.cs"
"NOOP_NEW_SAME","submodule","Servers\Libs\NetTopologySuite\src\NetTopologySuite\Operation\Buffer\OffsetCurveSetBuilder.cs"
"NOOP_NEW_SAME","submodule","Servers\Libs\NetTopologySuite\src\NetTopologySuite\Operation\Buffer\OffsetCurveVertexList.cs"
"NOOP_NEW_SAME","submodule","Servers\Libs\NetTopologySuite\src\NetTopologySuite\Operation\Buffer\OffsetSegmentGenerator.cs"
"NOOP_NEW_SAME","submodule","Servers\Libs\NetTopologySuite\src\NetTopologySuite\Operation\Buffer\OffsetSegmentString.cs"
"NOOP_NEW_SAME","submodule","Servers\Libs\NetTopologySuite\src\NetTopologySuite\Operation\Buffer\OldOffsetCurveBuilder.cs"
"NOOP_NEW_SAME","submodule","Servers\Libs\NetTopologySuite\src\NetTopologySuite\Operation\Buffer\RightmostEdgeFinder.cs"
"NOOP_NEW_SAME","submodule","Servers\Libs\NetTopologySuite\src\NetTopologySuite\Operation\Buffer\SegmentMCIndex.cs"
"NOOP_NEW_SAME","submodule","Servers\Libs\NetTopologySuite\src\NetTopologySuite\Operation\Buffer\SubgraphDepthLocater.cs"
"NOOP_NEW_SAME","submodule","Servers\Libs\NetTopologySuite\src\NetTopologySuite\Operation\Buffer\Validate\BufferDistanceValidator.cs"
"NOOP_NEW_SAME","submodule","Servers\Libs\NetTopologySuite\src\NetTopologySuite\Operation\Buffer\Validate\BufferResultValidator.cs"
"NOOP_NEW_SAME","submodule","Servers\Libs\NetTopologySuite\src\NetTopologySuite\Operation\Buffer\Validate\DistanceToPointFinder.cs"
"NOOP_NEW_SAME","submodule","Servers\Libs\NetTopologySuite\src\NetTopologySuite\Operation\Buffer\Validate\PointPairDistance.cs"
"NOOP_NEW_SAME","submodule","Servers\Libs\NetTopologySuite\src\NetTopologySuite\Operation\Buffer\VariableBuffer.cs"
"NOOP_NEW_SAME","submodule","Servers\Libs\NetTopologySuite\src\NetTopologySuite\Operation\Distance\ConnectedElementLocationFilter.cs"
"NOOP_NEW_SAME","submodule","Servers\Libs\NetTopologySuite\src\NetTopologySuite\Operation\Distance\ConnectedElementPointFilter.cs"
"NOOP_NEW_SAME","submodule","Servers\Libs\NetTopologySuite\src\NetTopologySuite\Operation\Distance\DistanceOp.cs"
"NOOP_NEW_SAME","submodule","Servers\Libs\NetTopologySuite\src\NetTopologySuite\Operation\Distance\FacetSequenceTreeBuilder.cs"
"NOOP_NEW_SAME","submodule","Servers\Libs\NetTopologySuite\src\NetTopologySuite\Operation\Distance\GeometryLocation.cs"
"NOOP_NEW_SAME","submodule","Servers\Libs\NetTopologySuite\src\NetTopologySuite\Operation\Distance\IndexedFacedDistance.cs"
"NOOP_NEW_SAME","submodule","Servers\Libs\NetTopologySuite\src\NetTopologySuite\Operation\Distance3D\Distance3DOp.cs"
"NOOP_NEW_SAME","submodule","Servers\Libs\NetTopologySuite\src\NetTopologySuite\Operation\Distance3D\PlanarPolygon3D.cs"
"NOOP_NEW_SAME","submodule","Servers\Libs\NetTopologySuite\src\NetTopologySuite\Operation\GeometryGraphOperation.cs"
"NOOP_NEW_SAME","submodule","Servers\Libs\NetTopologySuite\src\NetTopologySuite\Operation\IsSimpleOp.cs"
"NOOP_NEW_SAME","submodule","Servers\Libs\NetTopologySuite\src\NetTopologySuite\Operation\Linemerge\EdgeString.cs"
"NOOP_NEW_SAME","submodule","Servers\Libs\NetTopologySuite\src\NetTopologySuite\Operation\Linemerge\LineMergeDirectedEdge.cs"
"NOOP_NEW_SAME","submodule","Servers\Libs\NetTopologySuite\src\NetTopologySuite\Operation\Linemerge\LineMergeEdge.cs"
"NOOP_NEW_SAME","submodule","Servers\Libs\NetTopologySuite\src\NetTopologySuite\Operation\Linemerge\LineMergeGraph.cs"
"NOOP_NEW_SAME","submodule","Servers\Libs\NetTopologySuite\src\NetTopologySuite\Operation\Linemerge\LineMerger.cs"
"NOOP_NEW_SAME","submodule","Servers\Libs\NetTopologySuite\src\NetTopologySuite\Operation\Linemerge\LineSequencer.cs"
"NOOP_NEW_SAME","submodule","Servers\Libs\NetTopologySuite\src\NetTopologySuite\Operation\Overlay\EdgeSetNoder.cs"
"NOOP_NEW_SAME","submodule","Servers\Libs\NetTopologySuite\src\NetTopologySuite\Operation\Overlay\LineBuilder.cs"
"NOOP_NEW_SAME","submodule","Servers\Libs\NetTopologySuite\src\NetTopologySuite\Operation\Overlay\MaximalEdgeRing.cs"
"NOOP_NEW_SAME","submodule","Servers\Libs\NetTopologySuite\src\NetTopologySuite\Operation\Overlay\MinimalEdgeRing.cs"
"NOOP_NEW_SAME","submodule","Servers\Libs\NetTopologySuite\src\NetTopologySuite\Operation\Overlay\OverlayNodeFactory.cs"
"NOOP_NEW_SAME","submodule","Servers\Libs\NetTopologySuite\src\NetTopologySuite\Operation\Overlay\OverlayOp.cs"
"NOOP_NEW_SAME","submodule","Servers\Libs\NetTopologySuite\src\NetTopologySuite\Operation\Overlay\PolygonBuilder.cs"
"NOOP_NEW_SAME","submodule","Servers\Libs\NetTopologySuite\src\NetTopologySuite\Operation\Overlay\Snap\LineStringSnapper.cs"
"NOOP_NEW_SAME","submodule","Servers\Libs\NetTopologySuite\src\NetTopologySuite\Operation\Overlay\Snap\SnapIfNeededOverlayOp.cs"
"NOOP_NEW_SAME","submodule","Servers\Libs\NetTopologySuite\src\NetTopologySuite\Operation\Overlay\Validate\FuzzyPointLocator.cs"
"NOOP_NEW_SAME","submodule","Servers\Libs\NetTopologySuite\src\NetTopologySuite\Operation\Overlay\Validate\OffsetPointGenerator.cs"
"NOOP_NEW_SAME","submodule","Servers\Libs\NetTopologySuite\src\NetTopologySuite\Operation\Overlay\Validate\OverlayResultValidator.cs"
"NOOP_NEW_SAME","submodule","Servers\Libs\NetTopologySuite\src\NetTopologySuite\Operation\OverlayNG\CoverageUnion.cs"
"NOOP_NEW_SAME","submodule","Servers\Libs\NetTopologySuite\src\NetTopologySuite\Operation\OverlayNG\Edge.cs"
"NOOP_NEW_SAME","submodule","Servers\Libs\NetTopologySuite\src\NetTopologySuite\Operation\OverlayNG\EdgeKey.cs"
"NOOP_NEW_SAME","submodule","Servers\Libs\NetTopologySuite\src\NetTopologySuite\Operation\OverlayNG\EdgeNodingBuilder.cs"
"NOOP_NEW_SAME","submodule","Servers\Libs\NetTopologySuite\src\NetTopologySuite\Operation\OverlayNG\EdgeSourceInfo.cs"
"NOOP_NEW_SAME","submodule","Servers\Libs\NetTopologySuite\src\NetTopologySuite\Operation\OverlayNG\ElevationModel.cs"
"NOOP_NEW_SAME","submodule","Servers\Libs\NetTopologySuite\src\NetTopologySuite\Operation\OverlayNG\IndexedPointOnLineLocator.cs"
"NOOP_NEW_SAME","submodule","Servers\Libs\NetTopologySuite\src\NetTopologySuite\Operation\OverlayNG\InputGeometry.cs"
"NOOP_NEW_SAME","submodule","Servers\Libs\NetTopologySuite\src\NetTopologySuite\Operation\OverlayNG\IntersectionPointBuilder.cs"
"NOOP_NEW_SAME","submodule","Servers\Libs\NetTopologySuite\src\NetTopologySuite\Operation\OverlayNG\LineBuilder.cs"
"NOOP_NEW_SAME","submodule","Servers\Libs\NetTopologySuite\src\NetTopologySuite\Operation\OverlayNG\LineLimiter.cs"
"NOOP_NEW_SAME","submodule","Servers\Libs\NetTopologySuite\src\NetTopologySuite\Operation\OverlayNG\OverlayEdge.cs"
"NOOP_NEW_SAME","submodule","Servers\Libs\NetTopologySuite\src\NetTopologySuite\Operation\OverlayNG\OverlayEdgeRing.cs"
"NOOP_NEW_SAME","submodule","Servers\Libs\NetTopologySuite\src\NetTopologySuite\Operation\OverlayNG\OverlayGraph.cs"
"NOOP_NEW_SAME","submodule","Servers\Libs\NetTopologySuite\src\NetTopologySuite\Operation\OverlayNG\OverlayLabel.cs"
"NOOP_NEW_SAME","submodule","Servers\Libs\NetTopologySuite\src\NetTopologySuite\Operation\OverlayNG\OverlayLabeller.cs"
"NOOP_NEW_SAME","submodule","Servers\Libs\NetTopologySuite\src\NetTopologySuite\Operation\OverlayNG\OverlayMixedPoints.cs"
"NOOP_NEW_SAME","submodule","Servers\Libs\NetTopologySuite\src\NetTopologySuite\Operation\OverlayNG\OverlayNG.cs"
"NOOP_NEW_SAME","submodule","Servers\Libs\NetTopologySuite\src\NetTopologySuite\Operation\OverlayNG\OverlayNGRobust.cs"
"NOOP_NEW_SAME","submodule","Servers\Libs\NetTopologySuite\src\NetTopologySuite\Operation\OverlayNG\OverlayPoints.cs"
"NOOP_NEW_SAME","submodule","Servers\Libs\NetTopologySuite\src\NetTopologySuite\Operation\OverlayNG\OverlayUtility.cs"
"NOOP_NEW_SAME","submodule","Servers\Libs\NetTopologySuite\src\NetTopologySuite\Operation\OverlayNG\PolygonBuilder.cs"
"NOOP_NEW_SAME","submodule","Servers\Libs\NetTopologySuite\src\NetTopologySuite\Operation\OverlayNG\PrecisionReducer.cs"
"NOOP_NEW_SAME","submodule","Servers\Libs\NetTopologySuite\src\NetTopologySuite\Operation\OverlayNG\PrecisionUtility.cs"
"NOOP_NEW_SAME","submodule","Servers\Libs\NetTopologySuite\src\NetTopologySuite\Operation\OverlayNG\RingClipper.cs"
"NOOP_NEW_SAME","submodule","Servers\Libs\NetTopologySuite\src\NetTopologySuite\Operation\OverlayNG\RobustClipEnvelopeComputer.cs"
"NOOP_NEW_SAME","submodule","Servers\Libs\NetTopologySuite\src\NetTopologySuite\Operation\OverlayNG\UnaryUnionNG.cs"
"NOOP_NEW_SAME","submodule","Servers\Libs\NetTopologySuite\src\NetTopologySuite\Operation\Polygonize\EdgeRing.cs"
"NOOP_NEW_SAME","submodule","Servers\Libs\NetTopologySuite\src\NetTopologySuite\Operation\Polygonize\HoleAssigner.cs"
"NOOP_NEW_SAME","submodule","Servers\Libs\NetTopologySuite\src\NetTopologySuite\Operation\Polygonize\PolygonizeDirectedEdge.cs"
"NOOP_NEW_SAME","submodule","Servers\Libs\NetTopologySuite\src\NetTopologySuite\Operation\Polygonize\PolygonizeEdge.cs"
"NOOP_NEW_SAME","submodule","Servers\Libs\NetTopologySuite\src\NetTopologySuite\Operation\Polygonize\PolygonizeGraph.cs"
"NOOP_NEW_SAME","submodule","Servers\Libs\NetTopologySuite\src\NetTopologySuite\Operation\Polygonize\Polygonizer.cs"
"NOOP_NEW_SAME","submodule","Servers\Libs\NetTopologySuite\src\NetTopologySuite\Operation\Predicate\RectangleContains.cs"
"NOOP_NEW_SAME","submodule","Servers\Libs\NetTopologySuite\src\NetTopologySuite\Operation\Predicate\RectangleIntersects.cs"
"NOOP_NEW_SAME","submodule","Servers\Libs\NetTopologySuite\src\NetTopologySuite\Operation\Predicate\SegmentIntersectionTester.cs"
"NOOP_NEW_SAME","submodule","Servers\Libs\NetTopologySuite\src\NetTopologySuite\Operation\Relate\EdgeEndBuilder.cs"
"NOOP_NEW_SAME","submodule","Servers\Libs\NetTopologySuite\src\NetTopologySuite\Operation\Relate\EdgeEndBundle.cs"
"NOOP_NEW_SAME","submodule","Servers\Libs\NetTopologySuite\src\NetTopologySuite\Operation\Relate\EdgeEndBundleStar.cs"
"NOOP_NEW_SAME","submodule","Servers\Libs\NetTopologySuite\src\NetTopologySuite\Operation\Relate\RelateComputer.cs"
"NOOP_NEW_SAME","submodule","Servers\Libs\NetTopologySuite\src\NetTopologySuite\Operation\Relate\RelateNode.cs"
"NOOP_NEW_SAME","submodule","Servers\Libs\NetTopologySuite\src\NetTopologySuite\Operation\Relate\RelateNodeFactory.cs"
"NOOP_NEW_SAME","submodule","Servers\Libs\NetTopologySuite\src\NetTopologySuite\Operation\Relate\RelateNodeGraph.cs"
"NOOP_NEW_SAME","submodule","Servers\Libs\NetTopologySuite\src\NetTopologySuite\Operation\Relate\RelateOp.cs"
"NOOP_NEW_SAME","submodule","Servers\Libs\NetTopologySuite\src\NetTopologySuite\Operation\Union\CascadedPolygonUnion.cs"
"NOOP_NEW_SAME","submodule","Servers\Libs\NetTopologySuite\src\NetTopologySuite\Operation\Union\InputExtracter.cs"
"NOOP_NEW_SAME","submodule","Servers\Libs\NetTopologySuite\src\NetTopologySuite\Operation\Union\OverlapUnion.cs"
"NOOP_NEW_SAME","submodule","Servers\Libs\NetTopologySuite\src\NetTopologySuite\Operation\Union\PointGeometryUnion.cs"
"NOOP_NEW_SAME","submodule","Servers\Libs\NetTopologySuite\src\NetTopologySuite\Operation\Union\UnaryUnionOp.cs"
"NOOP_NEW_SAME","submodule","Servers\Libs\NetTopologySuite\src\NetTopologySuite\Operation\Union\UnionInteracting.cs"
"NOOP_NEW_SAME","submodule","Servers\Libs\NetTopologySuite\src\NetTopologySuite\Operation\Union\UnionStrategy.cs"
"NOOP_NEW_SAME","submodule","Servers\Libs\NetTopologySuite\src\NetTopologySuite\Operation\Valid\ConnectedInteriorTester.cs"
"NOOP_NEW_SAME","submodule","Servers\Libs\NetTopologySuite\src\NetTopologySuite\Operation\Valid\IndexedNestedHoleTester.cs"
"NOOP_NEW_SAME","submodule","Servers\Libs\NetTopologySuite\src\NetTopologySuite\Operation\Valid\IndexedNestedPolygonTester.cs"
"NOOP_NEW_SAME","submodule","Servers\Libs\NetTopologySuite\src\NetTopologySuite\Operation\Valid\IsSimpleOp.cs"
"NOOP_NEW_SAME","submodule","Servers\Libs\NetTopologySuite\src\NetTopologySuite\Operation\Valid\IsValidOp.cs"
"NOOP_NEW_SAME","submodule","Servers\Libs\NetTopologySuite\src\NetTopologySuite\Operation\Valid\PolygonRing.cs"
"NOOP_NEW_SAME","submodule","Servers\Libs\NetTopologySuite\src\NetTopologySuite\Operation\Valid\PolygonTopologyAnalyzer.cs"
"NOOP_NEW_SAME","submodule","Servers\Libs\NetTopologySuite\src\NetTopologySuite\Operation\Valid\RepeatedPointTester.cs"
"NOOP_NEW_SAME","submodule","Servers\Libs\NetTopologySuite\src\NetTopologySuite\Operation\Valid\TopologyValidationError.cs"
"NOOP_NEW_SAME","submodule","Servers\Libs\NetTopologySuite\src\NetTopologySuite\Planargraph\Algorithm\ConnectedSubgraphFinder.cs"
"NOOP_NEW_SAME","submodule","Servers\Libs\NetTopologySuite\src\NetTopologySuite\Planargraph\DirectedEdge.cs"
"NOOP_NEW_SAME","submodule","Servers\Libs\NetTopologySuite\src\NetTopologySuite\Planargraph\DirectedEdgeStar.cs"
"NOOP_NEW_SAME","submodule","Servers\Libs\NetTopologySuite\src\NetTopologySuite\Planargraph\Edge.cs"
"NOOP_NEW_SAME","submodule","Servers\Libs\NetTopologySuite\src\NetTopologySuite\Planargraph\GraphComponent.cs"
"NOOP_NEW_SAME","submodule","Servers\Libs\NetTopologySuite\src\NetTopologySuite\Planargraph\Node.cs"
"NOOP_NEW_SAME","submodule","Servers\Libs\NetTopologySuite\src\NetTopologySuite\Planargraph\NodeMap.cs"
"NOOP_NEW_SAME","submodule","Servers\Libs\NetTopologySuite\src\NetTopologySuite\Planargraph\PlanarGraph.cs"
"NOOP_NEW_SAME","submodule","Servers\Libs\NetTopologySuite\src\NetTopologySuite\Planargraph\Subgraph.cs"
"NOOP_NEW_SAME","submodule","Servers\Libs\NetTopologySuite\src\NetTopologySuite\Precision\CommonBits.cs"
"NOOP_NEW_SAME","submodule","Servers\Libs\NetTopologySuite\src\NetTopologySuite\Precision\CommonBitsOp.cs"
"NOOP_NEW_SAME","submodule","Servers\Libs\NetTopologySuite\src\NetTopologySuite\Precision\CommonBitsRemover.cs"
"NOOP_NEW_SAME","submodule","Servers\Libs\NetTopologySuite\src\NetTopologySuite\Precision\CoordinatePrecisionReducerFilter.cs"
"NOOP_NEW_SAME","submodule","Servers\Libs\NetTopologySuite\src\NetTopologySuite\Precision\EnhancedPrecisionOp.cs"
"NOOP_NEW_SAME","submodule","Servers\Libs\NetTopologySuite\src\NetTopologySuite\Precision\MinimumClearance.cs"
"NOOP_NEW_SAME","submodule","Servers\Libs\NetTopologySuite\src\NetTopologySuite\Precision\PointwisePrecisionReducerTransformer.cs"
"NOOP_NEW_SAME","submodule","Servers\Libs\NetTopologySuite\src\NetTopologySuite\Precision\PrecisionReducerCoordinateOperation.cs"
"NOOP_NEW_SAME","submodule","Servers\Libs\NetTopologySuite\src\NetTopologySuite\Precision\PrecisionReducerTransformer.cs"
"NOOP_NEW_SAME","submodule","Servers\Libs\NetTopologySuite\src\NetTopologySuite\Precision\SimpleMinimumClearance.cs"
"NOOP_NEW_SAME","submodule","Servers\Libs\NetTopologySuite\src\NetTopologySuite\Shape\CubicBezierCurve.cs"
"NOOP_NEW_SAME","submodule","Servers\Libs\NetTopologySuite\src\NetTopologySuite\Shape\Fractal\HilbertCode.cs"
"NOOP_NEW_SAME","submodule","Servers\Libs\NetTopologySuite\src\NetTopologySuite\Shape\Fractal\HilbertCurveBuilder.cs"
"NOOP_NEW_SAME","submodule","Servers\Libs\NetTopologySuite\src\NetTopologySuite\Shape\Fractal\KochSnowflakeBuilder.cs"
"NOOP_NEW_SAME","submodule","Servers\Libs\NetTopologySuite\src\NetTopologySuite\Shape\Fractal\MortonCode.cs"
"NOOP_NEW_SAME","submodule","Servers\Libs\NetTopologySuite\src\NetTopologySuite\Shape\Fractal\MortonCurveBuilder.cs"
"NOOP_NEW_SAME","submodule","Servers\Libs\NetTopologySuite\src\NetTopologySuite\Shape\Fractal\SierpinskiCarpetBuilder.cs"
"NOOP_NEW_SAME","submodule","Servers\Libs\NetTopologySuite\src\NetTopologySuite\Shape\GeometricShapeBuilder.cs"
"NOOP_NEW_SAME","submodule","Servers\Libs\NetTopologySuite\src\NetTopologySuite\Shape\Random\RandomPointsBuilder.cs"
"NOOP_NEW_SAME","submodule","Servers\Libs\NetTopologySuite\src\NetTopologySuite\Shape\Random\RandomPointsInGridBuilder.cs"
"NOOP_NEW_SAME","submodule","Servers\Libs\NetTopologySuite\src\NetTopologySuite\Simplify\DouglasPeuckerLineSimplifier.cs"
"NOOP_NEW_SAME","submodule","Servers\Libs\NetTopologySuite\src\NetTopologySuite\Simplify\DouglasPeuckerSimplifier.cs"
"NOOP_NEW_SAME","submodule","Servers\Libs\NetTopologySuite\src\NetTopologySuite\Simplify\LineSegmentIndex.cs"
"NOOP_NEW_SAME","submodule","Servers\Libs\NetTopologySuite\src\NetTopologySuite\Simplify\OldVWLineSimplifier.cs"
"NOOP_NEW_SAME","submodule","Servers\Libs\NetTopologySuite\src\NetTopologySuite\Simplify\TaggedLineSegment.cs"
"NOOP_NEW_SAME","submodule","Servers\Libs\NetTopologySuite\src\NetTopologySuite\Simplify\TaggedLinesSimplifier.cs"
"NOOP_NEW_SAME","submodule","Servers\Libs\NetTopologySuite\src\NetTopologySuite\Simplify\TaggedLineString.cs"
"NOOP_NEW_SAME","submodule","Servers\Libs\NetTopologySuite\src\NetTopologySuite\Simplify\TopologyPreservingSimplifier.cs"
"NOOP_NEW_SAME","submodule","Servers\Libs\NetTopologySuite\src\NetTopologySuite\Simplify\VWLineSimplifier.cs"
"NOOP_NEW_SAME","submodule","Servers\Libs\NetTopologySuite\src\NetTopologySuite\Simplify\VWSimplifier.cs"
"NOOP_NEW_SAME","submodule","Servers\Libs\NetTopologySuite\src\NetTopologySuite\Triangulate\ConformingDelaunayTriangulationBuilder.cs"
"NOOP_NEW_SAME","submodule","Servers\Libs\NetTopologySuite\src\NetTopologySuite\Triangulate\ConformingDelaunayTriangulator.cs"
"NOOP_NEW_SAME","submodule","Servers\Libs\NetTopologySuite\src\NetTopologySuite\Triangulate\ConstraintEnforcementException.cs"
"NOOP_NEW_SAME","submodule","Servers\Libs\NetTopologySuite\src\NetTopologySuite\Triangulate\ConstraintVertex.cs"
"NOOP_NEW_SAME","submodule","Servers\Libs\NetTopologySuite\src\NetTopologySuite\Triangulate\ConstraintVertexFactory.cs"
"NOOP_NEW_SAME","submodule","Servers\Libs\NetTopologySuite\src\NetTopologySuite\Triangulate\DelaunayTriangulationBuilder.cs"
"NOOP_NEW_SAME","submodule","Servers\Libs\NetTopologySuite\src\NetTopologySuite\Triangulate\IConstraintSplitPointFinder.cs"
"NOOP_NEW_SAME","submodule","Servers\Libs\NetTopologySuite\src\NetTopologySuite\Triangulate\IncrementalDelaunayTriangulator.cs"
"NOOP_NEW_SAME","submodule","Servers\Libs\NetTopologySuite\src\NetTopologySuite\Triangulate\MidpointSplitPointFinder.cs"
"NOOP_NEW_SAME","submodule","Servers\Libs\NetTopologySuite\src\NetTopologySuite\Triangulate\NonEncroachingSplitPointFinder.cs"
"NOOP_NEW_SAME","submodule","Servers\Libs\NetTopologySuite\src\NetTopologySuite\Triangulate\Polygon\ConstrainedDelaunayTriangulator.cs"
"NOOP_NEW_SAME","submodule","Servers\Libs\NetTopologySuite\src\NetTopologySuite\Triangulate\Polygon\PolygonTriangulator.cs"
"NOOP_NEW_SAME","submodule","Servers\Libs\NetTopologySuite\src\NetTopologySuite\Triangulate\Polygon\TriDelaunayImprover.cs"
"NOOP_NEW_SAME","submodule","Servers\Libs\NetTopologySuite\src\NetTopologySuite\Triangulate\Polygon\VertexSequencePackedRtree.cs"
"NOOP_NEW_SAME","submodule","Servers\Libs\NetTopologySuite\src\NetTopologySuite\Triangulate\QuadEdge\EdgeConnectedTriangleTraversal.cs"
"NOOP_NEW_SAME","submodule","Servers\Libs\NetTopologySuite\src\NetTopologySuite\Triangulate\QuadEdge\IQuadEdgeLocator.cs"
"NOOP_NEW_SAME","submodule","Servers\Libs\NetTopologySuite\src\NetTopologySuite\Triangulate\QuadEdge\ITraversalVisitor.cs"
"NOOP_NEW_SAME","submodule","Servers\Libs\NetTopologySuite\src\NetTopologySuite\Triangulate\QuadEdge\ITriangleVisitor.cs"
"NOOP_NEW_SAME","submodule","Servers\Libs\NetTopologySuite\src\NetTopologySuite\Triangulate\QuadEdge\LocateFailureException.cs"
"NOOP_NEW_SAME","submodule","Servers\Libs\NetTopologySuite\src\NetTopologySuite\Triangulate\QuadEdge\QuadEdge.cs"
"NOOP_NEW_SAME","submodule","Servers\Libs\NetTopologySuite\src\NetTopologySuite\Triangulate\QuadEdge\QuadEdgeSubdivision.cs"
"NOOP_NEW_SAME","submodule","Servers\Libs\NetTopologySuite\src\NetTopologySuite\Triangulate\QuadEdge\QuadEdgeTriangle.cs"
"NOOP_NEW_SAME","submodule","Servers\Libs\NetTopologySuite\src\NetTopologySuite\Triangulate\QuadEdge\QuadEdgeUtil.cs"
"NOOP_NEW_SAME","submodule","Servers\Libs\NetTopologySuite\src\NetTopologySuite\Triangulate\QuadEdge\TrianglePredicate.cs"
"NOOP_NEW_SAME","submodule","Servers\Libs\NetTopologySuite\src\NetTopologySuite\Triangulate\QuadEdge\Vertex.cs"
"NOOP_NEW_SAME","submodule","Servers\Libs\NetTopologySuite\src\NetTopologySuite\Triangulate\Segment.cs"
"NOOP_NEW_SAME","submodule","Servers\Libs\NetTopologySuite\src\NetTopologySuite\Triangulate\SplitSegment.cs"
"NOOP_NEW_SAME","submodule","Servers\Libs\NetTopologySuite\src\NetTopologySuite\Triangulate\Tri\Tri.cs"
"NOOP_NEW_SAME","submodule","Servers\Libs\NetTopologySuite\src\NetTopologySuite\Triangulate\Tri\TriangulationBuilder.cs"
"NOOP_NEW_SAME","submodule","Servers\Libs\NetTopologySuite\src\NetTopologySuite\Triangulate\Tri\TriEdge.cs"
"NOOP_NEW_SAME","submodule","Servers\Libs\NetTopologySuite\src\NetTopologySuite\Triangulate\VertexTaggedGeometryDataMapper.cs"
"NOOP_NEW_SAME","submodule","Servers\Libs\NetTopologySuite\src\NetTopologySuite\Triangulate\VoronoiDiagramBuilder.cs"
"NOOP_NEW_SAME","submodule","Servers\Libs\NetTopologySuite\src\NetTopologySuite\Utilities\AlternativePriorityQueue.cs"
"NOOP_NEW_SAME","submodule","Servers\Libs\NetTopologySuite\src\NetTopologySuite\Utilities\Assert.cs"
"NOOP_NEW_SAME","submodule","Servers\Libs\NetTopologySuite\src\NetTopologySuite\Utilities\AssertionFailedException.cs"
"NOOP_NEW_SAME","submodule","Servers\Libs\NetTopologySuite\src\NetTopologySuite\Utilities\BitTweaks.cs"
"NOOP_NEW_SAME","submodule","Servers\Libs\NetTopologySuite\src\NetTopologySuite\Utilities\CoordinateArrayFilter.cs"
"NOOP_NEW_SAME","submodule","Servers\Libs\NetTopologySuite\src\NetTopologySuite\Utilities\CoordinateCompare.cs"
"NOOP_NEW_SAME","submodule","Servers\Libs\NetTopologySuite\src\NetTopologySuite\Utilities\CoordinateCountFilter.cs"
"NOOP_NEW_SAME","submodule","Servers\Libs\NetTopologySuite\src\NetTopologySuite\Utilities\Degrees.cs"
"NOOP_NEW_SAME","submodule","Servers\Libs\NetTopologySuite\src\NetTopologySuite\Utilities\EnumUtility.cs"
"NOOP_NEW_SAME","submodule","Servers\Libs\NetTopologySuite\src\NetTopologySuite\Utilities\FunctionsUtility.cs"
"NOOP_NEW_SAME","submodule","Servers\Libs\NetTopologySuite\src\NetTopologySuite\Utilities\GeometricShapeFactory.cs"
"NOOP_NEW_SAME","submodule","Servers\Libs\NetTopologySuite\src\NetTopologySuite\Utilities\Global.cs"
"NOOP_NEW_SAME","submodule","Servers\Libs\NetTopologySuite\src\NetTopologySuite\Utilities\Guard.cs"
"NOOP_NEW_SAME","submodule","Servers\Libs\NetTopologySuite\src\NetTopologySuite\Utilities\HexConverter.cs"
"NOOP_NEW_SAME","submodule","Servers\Libs\NetTopologySuite\src\NetTopologySuite\Utilities\Memory.cs"
"NOOP_NEW_SAME","submodule","Servers\Libs\NetTopologySuite\src\NetTopologySuite\Utilities\PriorityQueue.cs"
"NOOP_NEW_SAME","submodule","Servers\Libs\NetTopologySuite\src\NetTopologySuite\Utilities\PriorityQueueNode.cs"
"NOOP_NEW_SAME","submodule","Servers\Libs\NetTopologySuite\src\NetTopologySuite\Utilities\Radians.cs"
"NOOP_NEW_SAME","submodule","Servers\Libs\NetTopologySuite\src\NetTopologySuite\Utilities\ReverseOrder.cs"
"NOOP_NEW_SAME","submodule","Servers\Libs\NetTopologySuite\src\NetTopologySuite\Utilities\RToolsUtil\CharBuffer.cs"
"NOOP_NEW_SAME","submodule","Servers\Libs\NetTopologySuite\src\NetTopologySuite\Utilities\RToolsUtil\StreamTokenizer.cs"
"NOOP_NEW_SAME","submodule","Servers\Libs\NetTopologySuite\src\NetTopologySuite\Utilities\RToolsUtil\Token.cs"
"NOOP_NEW_SAME","submodule","Servers\Libs\NetTopologySuite\src\NetTopologySuite\Utilities\RToolsUtil\VerbosityLevel.cs"
"NOOP_NEW_SAME","submodule","Servers\Libs\NetTopologySuite\src\NetTopologySuite\Utilities\StreamTokenizer.cs"
"NOOP_NEW_SAME","submodule","Servers\Libs\NetTopologySuite\src\NetTopologySuite\Utilities\TokenStream.cs"
"NOOP_NEW_SAME","submodule","Servers\Libs\NetTopologySuite\src\NetTopologySuite\Utilities\UniqueCoordinateArrayFilter.cs"
"NOOP_NEW_SAME","submodule","Servers\Libs\NetTopologySuite\test\Directory.Build.props"
"NOOP_NEW_SAME","submodule","Servers\Libs\NetTopologySuite\test\NetTopologySuite.Samples.Console\AssemblyInfo.cs"
"NOOP_NEW_SAME","submodule","Servers\Libs\NetTopologySuite\test\NetTopologySuite.Samples.Console\Geometries\basicexample.cs"
"NOOP_NEW_SAME","submodule","Servers\Libs\NetTopologySuite\test\NetTopologySuite.Samples.Console\Geometries\constructionexample.cs"
"NOOP_NEW_SAME","submodule","Servers\Libs\NetTopologySuite\test\NetTopologySuite.Samples.Console\Geometries\CreateOrientationDistanceMesh.cs"
"NOOP_NEW_SAME","submodule","Servers\Libs\NetTopologySuite\test\NetTopologySuite.Samples.Console\Geometries\extendedcoordinate.cs"
"NOOP_NEW_SAME","submodule","Servers\Libs\NetTopologySuite\test\NetTopologySuite.Samples.Console\Geometries\extendedcoordinateexample.cs"
"NOOP_NEW_SAME","submodule","Servers\Libs\NetTopologySuite\test\NetTopologySuite.Samples.Console\Geometries\extendedcoordinatesequence.cs"
"NOOP_NEW_SAME","submodule","Servers\Libs\NetTopologySuite\test\NetTopologySuite.Samples.Console\Geometries\extendedcoordinatesequencefactory.cs"
"NOOP_NEW_SAME","submodule","Servers\Libs\NetTopologySuite\test\NetTopologySuite.Samples.Console\Geometries\precisionmodelexample.cs"
"NOOP_NEW_SAME","submodule","Servers\Libs\NetTopologySuite\test\NetTopologySuite.Samples.Console\Geometries\simplemethodsexample.cs"
"NOOP_NEW_SAME","submodule","Servers\Libs\NetTopologySuite\test\NetTopologySuite.Samples.Console\Lab\Clean\HoleRemover.cs"
"NOOP_NEW_SAME","submodule","Servers\Libs\NetTopologySuite\test\NetTopologySuite.Samples.Console\Lab\Clean\InvalidHoleRemover.cs"
"NOOP_NEW_SAME","submodule","Servers\Libs\NetTopologySuite\test\NetTopologySuite.Samples.Console\Lab\Clean\InvalidHoleRemoverTest.cs"
"NOOP_NEW_SAME","submodule","Servers\Libs\NetTopologySuite\test\NetTopologySuite.Samples.Console\Lab\Clean\SmallHoleRemover.cs"
"NOOP_NEW_SAME","submodule","Servers\Libs\NetTopologySuite\test\NetTopologySuite.Samples.Console\Lab\Clean\SmallHoleRemoverTest.cs"
"NOOP_NEW_SAME","submodule","Servers\Libs\NetTopologySuite\test\NetTopologySuite.Samples.Console\Lab\Functions\RemoverFunctions.cs"
"NOOP_NEW_SAME","submodule","Servers\Libs\NetTopologySuite\test\NetTopologySuite.Samples.Console\LinearReferencing\LinearReferencingExample.cs"
"NOOP_NEW_SAME","submodule","Servers\Libs\NetTopologySuite\test\NetTopologySuite.Samples.Console\NetTopologySuite.Samples.Console.csproj"
"NOOP_NEW_SAME","submodule","Servers\Libs\NetTopologySuite\test\NetTopologySuite.Samples.Console\Operation\Distance\ClosestPointExample.cs"
"NOOP_NEW_SAME","submodule","Servers\Libs\NetTopologySuite\test\NetTopologySuite.Samples.Console\Operation\Linemerge\LineMergeExample.cs"
"NOOP_NEW_SAME","submodule","Servers\Libs\NetTopologySuite\test\NetTopologySuite.Samples.Console\Operation\Polygonize\PolygonizeExample.cs"
"NOOP_NEW_SAME","submodule","Servers\Libs\NetTopologySuite\test\NetTopologySuite.Samples.Console\Precision\EnhancedPrecisionOpExample.cs"
"NOOP_NEW_SAME","submodule","Servers\Libs\NetTopologySuite\test\NetTopologySuite.Samples.Console\Program.cs"
"NOOP_NEW_SAME","submodule","Servers\Libs\NetTopologySuite\test\NetTopologySuite.Samples.Console\ReadMe.txt"
"NOOP_NEW_SAME","submodule","Servers\Libs\NetTopologySuite\test\NetTopologySuite.Samples.Console\ShapeTests\GMLTesting.cs"
"NOOP_NEW_SAME","submodule","Servers\Libs\NetTopologySuite\test\NetTopologySuite.Samples.Console\SimpleTests\BaseSamples.cs"
"NOOP_NEW_SAME","submodule","Servers\Libs\NetTopologySuite\test\NetTopologySuite.Samples.Console\SimpleTests\Geometries\SerializationSamples.cs"
"NOOP_NEW_SAME","submodule","Servers\Libs\NetTopologySuite\test\NetTopologySuite.Samples.Console\SimpleTests\Geometries\ValidationSuite.cs"
"NOOP_NEW_SAME","submodule","Servers\Libs\NetTopologySuite\test\NetTopologySuite.Samples.Console\Technique\ChangeGeometryDimension.cs"
"NOOP_NEW_SAME","submodule","Servers\Libs\NetTopologySuite\test\NetTopologySuite.Samples.Console\Technique\LineStringSelfIntersections.cs"
"NOOP_NEW_SAME","submodule","Servers\Libs\NetTopologySuite\test\NetTopologySuite.Samples.Console\Technique\RemoveSpikes.cs"
"NOOP_NEW_SAME","submodule","Servers\Libs\NetTopologySuite\test\NetTopologySuite.Samples.Console\Technique\UnionUsingBuffer.cs"
"NOOP_NEW_SAME","submodule","Servers\Libs\NetTopologySuite\test\NetTopologySuite.Samples.Console\Tests\Geometries\OctagonalEnvelopeTest.cs"
"NOOP_NEW_SAME","submodule","Servers\Libs\NetTopologySuite\test\NetTopologySuite.Samples.Console\Tests\GeometryServicesTest.cs"
"NOOP_NEW_SAME","submodule","Servers\Libs\NetTopologySuite\test\NetTopologySuite.Samples.Console\Tests\Github\Issue12Fixture.cs"
"NOOP_NEW_SAME","submodule","Servers\Libs\NetTopologySuite\test\NetTopologySuite.Samples.Console\Tests\Github\Issue136Fixture.cs"
"NOOP_NEW_SAME","submodule","Servers\Libs\NetTopologySuite\test\NetTopologySuite.Samples.Console\Tests\Github\Issue150Fixture.cs"
"NOOP_NEW_SAME","submodule","Servers\Libs\NetTopologySuite\test\NetTopologySuite.Samples.Console\Tests\Github\Issue151.cs"
"NOOP_NEW_SAME","submodule","Servers\Libs\NetTopologySuite\test\NetTopologySuite.Samples.Console\Tests\Github\Issue180Fixture.cs"
"NOOP_NEW_SAME","submodule","Servers\Libs\NetTopologySuite\test\NetTopologySuite.Samples.Console\Tests\Github\Issue181Fixture.cs"
"NOOP_NEW_SAME","submodule","Servers\Libs\NetTopologySuite\test\NetTopologySuite.Samples.Console\Tests\Github\Issue269.cs"
"NOOP_NEW_SAME","submodule","Servers\Libs\NetTopologySuite\test\NetTopologySuite.Samples.Console\Tests\Github\Issue276.cs"
"NOOP_NEW_SAME","submodule","Servers\Libs\NetTopologySuite\test\NetTopologySuite.Samples.Console\Tests\Github\Issue27Fixture.cs"
"NOOP_NEW_SAME","submodule","Servers\Libs\NetTopologySuite\test\NetTopologySuite.Samples.Console\Tests\Github\Issue28Fixture.cs"
"NOOP_NEW_SAME","submodule","Servers\Libs\NetTopologySuite\test\NetTopologySuite.Samples.Console\Tests\Github\Issue31Fixture.cs"
"NOOP_NEW_SAME","submodule","Servers\Libs\NetTopologySuite\test\NetTopologySuite.Samples.Console\Tests\Github\Issue327.cs"
"NOOP_NEW_SAME","submodule","Servers\Libs\NetTopologySuite\test\NetTopologySuite.Samples.Console\Tests\Github\Issue336.cs"
"NOOP_NEW_SAME","submodule","Servers\Libs\NetTopologySuite\test\NetTopologySuite.Samples.Console\Tests\Github\Issue444.cs"
"NOOP_NEW_SAME","submodule","Servers\Libs\NetTopologySuite\test\NetTopologySuite.Samples.Console\Tests\Github\Issue447.cs"
"NOOP_NEW_SAME","submodule","Servers\Libs\NetTopologySuite\test\NetTopologySuite.Samples.Console\Tests\Github\Issue449Fixture.cs"
"NOOP_NEW_SAME","submodule","Servers\Libs\NetTopologySuite\test\NetTopologySuite.Samples.Console\Tests\Github\Issue467.cs"
"NOOP_NEW_SAME","submodule","Servers\Libs\NetTopologySuite\test\NetTopologySuite.Samples.Console\Tests\Github\Issue474Fixture.cs"
"NOOP_NEW_SAME","submodule","Servers\Libs\NetTopologySuite\test\NetTopologySuite.Samples.Console\Tests\Github\Issue47Tests.cs"
"NOOP_NEW_SAME","submodule","Servers\Libs\NetTopologySuite\test\NetTopologySuite.Samples.Console\Tests\Github\Issue508Fixture.cs"
"NOOP_NEW_SAME","submodule","Servers\Libs\NetTopologySuite\test\NetTopologySuite.Samples.Console\Tests\Github\Issue531.cs"
"NOOP_NEW_SAME","submodule","Servers\Libs\NetTopologySuite\test\NetTopologySuite.Samples.Console\Tests\Github\Issue533.cs"
"NOOP_NEW_SAME","submodule","Servers\Libs\NetTopologySuite\test\NetTopologySuite.Samples.Console\Tests\Github\Issue566and567.cs"
"NOOP_NEW_SAME","submodule","Servers\Libs\NetTopologySuite\test\NetTopologySuite.Samples.Console\Tests\Github\Issue87Fixture.cs"
"NOOP_NEW_SAME","submodule","Servers\Libs\NetTopologySuite\test\NetTopologySuite.Samples.Console\Tests\Github\Issue96Fixture.cs"
"NOOP_NEW_SAME","submodule","Servers\Libs\NetTopologySuite\test\NetTopologySuite.Samples.Console\Tests\Github\Issues.cs"
"NOOP_NEW_SAME","submodule","Servers\Libs\NetTopologySuite\test\NetTopologySuite.Samples.Console\Tests\IO\GmlTest.cs"
"NOOP_NEW_SAME","submodule","Servers\Libs\NetTopologySuite\test\NetTopologySuite.Samples.Console\Tests\Operation\Linemerge\LineSequencerFileTest.cs"
"NOOP_NEW_SAME","submodule","Servers\Libs\NetTopologySuite\test\NetTopologySuite.Samples.Console\Tests\Operation\Linemerge\LineSequencerTest.cs"
"NOOP_NEW_SAME","submodule","Servers\Libs\NetTopologySuite\test\NetTopologySuite.Samples.Console\Tests\Performances\PreparedGeometryFixture.cs"
"NOOP_NEW_SAME","submodule","Servers\Libs\NetTopologySuite\test\NetTopologySuite.Samples.Console\Tests\Performances\SortedListsFixture.cs"
"NOOP_NEW_SAME","submodule","Servers\Libs\NetTopologySuite\test\NetTopologySuite.Samples.Console\Tests\Readme.txt"
"NOOP_NEW_SAME","submodule","Servers\Libs\NetTopologySuite\test\NetTopologySuite.Samples.Console\Tests\StackOverflow\MakeValid.cs"
"NOOP_NEW_SAME","submodule","Servers\Libs\NetTopologySuite\test\NetTopologySuite.Samples.Console\Tests\Various\AffineTransformBuilderUsage.cs"
"NOOP_NEW_SAME","submodule","Servers\Libs\NetTopologySuite\test\NetTopologySuite.Samples.Console\Tests\Various\BufferTest.cs"
"NOOP_NEW_SAME","submodule","Servers\Libs\NetTopologySuite\test\NetTopologySuite.Samples.Console\Tests\Various\cant-read-file1.gml"
"NOOP_NEW_SAME","submodule","Servers\Libs\NetTopologySuite\test\NetTopologySuite.Samples.Console\Tests\Various\cant-read-file2.gml"
"NOOP_NEW_SAME","submodule","Servers\Libs\NetTopologySuite\test\NetTopologySuite.Samples.Console\Tests\Various\cant-read-file3.gml"
"NOOP_NEW_SAME","submodule","Servers\Libs\NetTopologySuite\test\NetTopologySuite.Samples.Console\Tests\Various\cant-read-file4.gml"
"NOOP_NEW_SAME","submodule","Servers\Libs\NetTopologySuite\test\NetTopologySuite.Samples.Console\Tests\Various\CoordinateArraysTest.cs"
"NOOP_NEW_SAME","submodule","Servers\Libs\NetTopologySuite\test\NetTopologySuite.Samples.Console\Tests\Various\CoversTest.cs"
"NOOP_NEW_SAME","submodule","Servers\Libs\NetTopologySuite\test\NetTopologySuite.Samples.Console\Tests\Various\FormattingTest.cs"
"NOOP_NEW_SAME","submodule","Servers\Libs\NetTopologySuite\test\NetTopologySuite.Samples.Console\Tests\Various\GeomBinOpTest_Issue14_Simplified.cs"
"NOOP_NEW_SAME","submodule","Servers\Libs\NetTopologySuite\test\NetTopologySuite.Samples.Console\Tests\Various\GeometriesFixture.cs"
"NOOP_NEW_SAME","submodule","Servers\Libs\NetTopologySuite\test\NetTopologySuite.Samples.Console\Tests\Various\GoogleGroupTests.cs"
"NOOP_NEW_SAME","submodule","Servers\Libs\NetTopologySuite\test\NetTopologySuite.Samples.Console\Tests\Various\GoogleIssueTrackerTests.cs"
"NOOP_NEW_SAME","submodule","Servers\Libs\NetTopologySuite\test\NetTopologySuite.Samples.Console\Tests\Various\IntesectIterationTest.cs"
"NOOP_NEW_SAME","submodule","Servers\Libs\NetTopologySuite\test\NetTopologySuite.Samples.Console\Tests\Various\Issue102Test.cs"
"NOOP_NEW_SAME","submodule","Servers\Libs\NetTopologySuite\test\NetTopologySuite.Samples.Console\Tests\Various\Issue103Tests.cs"
"NOOP_NEW_SAME","submodule","Servers\Libs\NetTopologySuite\test\NetTopologySuite.Samples.Console\Tests\Various\Issue117Tests.cs"
"NOOP_NEW_SAME","submodule","Servers\Libs\NetTopologySuite\test\NetTopologySuite.Samples.Console\Tests\Various\Issue131Test.cs"
"NOOP_NEW_SAME","submodule","Servers\Libs\NetTopologySuite\test\NetTopologySuite.Samples.Console\Tests\Various\Issue171TestFixture.cs"
"NOOP_NEW_SAME","submodule","Servers\Libs\NetTopologySuite\test\NetTopologySuite.Samples.Console\Tests\Various\Issue172TestFixture.cs"
"NOOP_NEW_SAME","submodule","Servers\Libs\NetTopologySuite\test\NetTopologySuite.Samples.Console\Tests\Various\Issue174TestFixture.cs"
"NOOP_NEW_SAME","submodule","Servers\Libs\NetTopologySuite\test\NetTopologySuite.Samples.Console\Tests\Various\Issue179Fixture.cs"
"NOOP_NEW_SAME","submodule","Servers\Libs\NetTopologySuite\test\NetTopologySuite.Samples.Console\Tests\Various\Issue26Tests.cs"
"NOOP_NEW_SAME","submodule","Servers\Libs\NetTopologySuite\test\NetTopologySuite.Samples.Console\Tests\Various\Issue35Tests.cs"
"NOOP_NEW_SAME","submodule","Servers\Libs\NetTopologySuite\test\NetTopologySuite.Samples.Console\Tests\Various\Issue36Tests.cs"
"NOOP_NEW_SAME","submodule","Servers\Libs\NetTopologySuite\test\NetTopologySuite.Samples.Console\Tests\Various\Issue37Test.cs"
"NOOP_NEW_SAME","submodule","Servers\Libs\NetTopologySuite\test\NetTopologySuite.Samples.Console\Tests\Various\Issue469Tests.cs"
"NOOP_NEW_SAME","submodule","Servers\Libs\NetTopologySuite\test\NetTopologySuite.Samples.Console\Tests\Various\Issue56Test.cs"
"NOOP_NEW_SAME","submodule","Servers\Libs\NetTopologySuite\test\NetTopologySuite.Samples.Console\Tests\Various\Issue58Tests.cs"
"NOOP_NEW_SAME","submodule","Servers\Libs\NetTopologySuite\test\NetTopologySuite.Samples.Console\Tests\Various\Issue68Tests.cs"
"NOOP_NEW_SAME","submodule","Servers\Libs\NetTopologySuite\test\NetTopologySuite.Samples.Console\Tests\Various\Issue75Tests.cs"
"NOOP_NEW_SAME","submodule","Servers\Libs\NetTopologySuite\test\NetTopologySuite.Samples.Console\Tests\Various\Issue86Test.cs"
"NOOP_NEW_SAME","submodule","Servers\Libs\NetTopologySuite\test\NetTopologySuite.Samples.Console\Tests\Various\Issue94Test.cs"
"NOOP_NEW_SAME","submodule","Servers\Libs\NetTopologySuite\test\NetTopologySuite.Samples.Console\Tests\Various\IsValidTest.cs"
"NOOP_NEW_SAME","submodule","Servers\Libs\NetTopologySuite\test\NetTopologySuite.Samples.Console\Tests\Various\MiscUtil\DoubleConverter.cs"
"NOOP_NEW_SAME","submodule","Servers\Libs\NetTopologySuite\test\NetTopologySuite.Samples.Console\Tests\Various\MiscUtil\licence.txt"
"NOOP_NEW_SAME","submodule","Servers\Libs\NetTopologySuite\test\NetTopologySuite.Samples.Console\Tests\Various\MiscUtil\readme.txt"
"NOOP_NEW_SAME","submodule","Servers\Libs\NetTopologySuite\test\NetTopologySuite.Samples.Console\Tests\Various\OGCTests.cs"
"NOOP_NEW_SAME","submodule","Servers\Libs\NetTopologySuite\test\NetTopologySuite.Samples.Console\Tests\Various\OracleWKBTest.cs"
"NOOP_NEW_SAME","submodule","Servers\Libs\NetTopologySuite\test\NetTopologySuite.Samples.Console\Tests\Various\PrecisionTest.cs"
"NOOP_NEW_SAME","submodule","Servers\Libs\NetTopologySuite\test\NetTopologySuite.Samples.Console\Tests\Various\QuadTreeTest.cs"
"NOOP_NEW_SAME","submodule","Servers\Libs\NetTopologySuite\test\NetTopologySuite.Samples.Console\Tests\Various\read-ok-file.gml"
"NOOP_NEW_SAME","submodule","Servers\Libs\NetTopologySuite\test\NetTopologySuite.Samples.Console\Tests\Various\ReverseTest.cs"
"NOOP_NEW_SAME","submodule","Servers\Libs\NetTopologySuite\test\NetTopologySuite.Samples.Console\Voronoi\VoronoiExample.cs"
"NOOP_NEW_SAME","submodule","Servers\Libs\NetTopologySuite\test\NetTopologySuite.TestRunner\Functions\AffineTransformationFunctions.cs"
"NOOP_NEW_SAME","submodule","Servers\Libs\NetTopologySuite\test\NetTopologySuite.TestRunner\Functions\BaseGeometryFunction.cs"
"NOOP_NEW_SAME","submodule","Servers\Libs\NetTopologySuite\test\NetTopologySuite.TestRunner\Functions\BoundaryFunctions.cs"
"NOOP_NEW_SAME","submodule","Servers\Libs\NetTopologySuite\test\NetTopologySuite.TestRunner\Functions\BufferByUnionFunctions.cs"
"NOOP_NEW_SAME","submodule","Servers\Libs\NetTopologySuite\test\NetTopologySuite.TestRunner\Functions\BufferFunctions.cs"
"NOOP_NEW_SAME","submodule","Servers\Libs\NetTopologySuite\test\NetTopologySuite.TestRunner\Functions\CGAlgorithmFunctions.cs"
"NOOP_NEW_SAME","submodule","Servers\Libs\NetTopologySuite\test\NetTopologySuite.TestRunner\Functions\ConstructionFunctions.cs"
"NOOP_NEW_SAME","submodule","Servers\Libs\NetTopologySuite\test\NetTopologySuite.TestRunner\Functions\ConversionFunctions.cs"
"NOOP_NEW_SAME","submodule","Servers\Libs\NetTopologySuite\test\NetTopologySuite.TestRunner\Functions\CreateRandomGeometries.cs"
"NOOP_NEW_SAME","submodule","Servers\Libs\NetTopologySuite\test\NetTopologySuite.TestRunner\Functions\CreateShapeFunctions.cs"
"NOOP_NEW_SAME","submodule","Servers\Libs\NetTopologySuite\test\NetTopologySuite.TestRunner\Functions\DiffFunctions.cs"
"NOOP_NEW_SAME","submodule","Servers\Libs\NetTopologySuite\test\NetTopologySuite.TestRunner\Functions\DissolveFunctions.cs"
"NOOP_NEW_SAME","submodule","Servers\Libs\NetTopologySuite\test\NetTopologySuite.TestRunner\Functions\DistanceFunctions.cs"
"NOOP_NEW_SAME","submodule","Servers\Libs\NetTopologySuite\test\NetTopologySuite.TestRunner\Functions\EditFunctions.cs"
"NOOP_NEW_SAME","submodule","Servers\Libs\NetTopologySuite\test\NetTopologySuite.TestRunner\Functions\GeometryFunctionRegistry.cs"
"NOOP_NEW_SAME","submodule","Servers\Libs\NetTopologySuite\test\NetTopologySuite.TestRunner\Functions\GeometryFunctions.cs"
"NOOP_NEW_SAME","submodule","Servers\Libs\NetTopologySuite\test\NetTopologySuite.TestRunner\Functions\IGeometryFunction.cs"
"NOOP_NEW_SAME","submodule","Servers\Libs\NetTopologySuite\test\NetTopologySuite.TestRunner\Functions\LinearReferencingFunctions.cs"
"NOOP_NEW_SAME","submodule","Servers\Libs\NetTopologySuite\test\NetTopologySuite.TestRunner\Functions\LineHandlingFunctions.cs"
"NOOP_NEW_SAME","submodule","Servers\Libs\NetTopologySuite\test\NetTopologySuite.TestRunner\Functions\LineSegmentFunctions.cs"
"NOOP_NEW_SAME","submodule","Servers\Libs\NetTopologySuite\test\NetTopologySuite.TestRunner\Functions\NodingFunctions.cs"
"NOOP_NEW_SAME","submodule","Servers\Libs\NetTopologySuite\test\NetTopologySuite.TestRunner\Functions\NTSFunctions.cs"
"NOOP_NEW_SAME","submodule","Servers\Libs\NetTopologySuite\test\NetTopologySuite.TestRunner\Functions\OverlayFunctions.cs"
"NOOP_NEW_SAME","submodule","Servers\Libs\NetTopologySuite\test\NetTopologySuite.TestRunner\Functions\PolygonizeFunctions.cs"
"NOOP_NEW_SAME","submodule","Servers\Libs\NetTopologySuite\test\NetTopologySuite.TestRunner\Functions\PrecisionFunctions.cs"
"NOOP_NEW_SAME","submodule","Servers\Libs\NetTopologySuite\test\NetTopologySuite.TestRunner\Functions\SelectionFunctions.cs"
"NOOP_NEW_SAME","submodule","Servers\Libs\NetTopologySuite\test\NetTopologySuite.TestRunner\Functions\SimplificationFunctions.cs"
"NOOP_NEW_SAME","submodule","Servers\Libs\NetTopologySuite\test\NetTopologySuite.TestRunner\Functions\SortingFunctions.cs"
"NOOP_NEW_SAME","submodule","Servers\Libs\NetTopologySuite\test\NetTopologySuite.TestRunner\Functions\SpatialIndexFunctions.cs"
"NOOP_NEW_SAME","submodule","Servers\Libs\NetTopologySuite\test\NetTopologySuite.TestRunner\Functions\SpreaderGeometryFunction.cs"
"NOOP_NEW_SAME","submodule","Servers\Libs\NetTopologySuite\test\NetTopologySuite.TestRunner\Functions\StaticMethodGeometryFunction.cs"
"NOOP_NEW_SAME","submodule","Servers\Libs\NetTopologySuite\test\NetTopologySuite.TestRunner\Functions\TestCaseGeometryFunctions.cs"
"NOOP_NEW_SAME","submodule","Servers\Libs\NetTopologySuite\test\NetTopologySuite.TestRunner\Functions\TriangleFunctions.cs"
"NOOP_NEW_SAME","submodule","Servers\Libs\NetTopologySuite\test\NetTopologySuite.TestRunner\Functions\ValidationFunctions.cs"
"NOOP_NEW_SAME","submodule","Servers\Libs\NetTopologySuite\test\NetTopologySuite.TestRunner\NetTopologySuite.TestRunner.csproj"
"NOOP_NEW_SAME","submodule","Servers\Libs\NetTopologySuite\test\NetTopologySuite.TestRunner\Operations\ArgumentConverter.cs"
"NOOP_NEW_SAME","submodule","Servers\Libs\NetTopologySuite\test\NetTopologySuite.TestRunner\Operations\BufferValidatedGeometryOperation.cs"
"NOOP_NEW_SAME","submodule","Servers\Libs\NetTopologySuite\test\NetTopologySuite.TestRunner\Operations\GeometryFunctionOperation.cs"
"NOOP_NEW_SAME","submodule","Servers\Libs\NetTopologySuite\test\NetTopologySuite.TestRunner\Operations\GeometryMethodOperation.cs"
"NOOP_NEW_SAME","submodule","Servers\Libs\NetTopologySuite\test\NetTopologySuite.TestRunner\Operations\IGeometryMatcher.cs"
"NOOP_NEW_SAME","submodule","Servers\Libs\NetTopologySuite\test\NetTopologySuite.TestRunner\Operations\IGeometryOperation.cs"
"NOOP_NEW_SAME","submodule","Servers\Libs\NetTopologySuite\test\NetTopologySuite.TestRunner\Operations\LoggingGeometryOperation.cs"
"NOOP_NEW_SAME","submodule","Servers\Libs\NetTopologySuite\test\NetTopologySuite.TestRunner\Operations\NormalizedGeometryMatcher.cs"
"NOOP_NEW_SAME","submodule","Servers\Libs\NetTopologySuite\test\NetTopologySuite.TestRunner\Operations\NTSTestReflectionException.cs"
"NOOP_NEW_SAME","submodule","Servers\Libs\NetTopologySuite\test\NetTopologySuite.TestRunner\Operations\OverlayValidatedGeometryOperation.cs"
"NOOP_NEW_SAME","submodule","Servers\Libs\NetTopologySuite\test\NetTopologySuite.TestRunner\Operations\PreparedGeometryOperation.cs"
"NOOP_NEW_SAME","submodule","Servers\Libs\NetTopologySuite\test\NetTopologySuite.TestRunner\Operations\PreparedGeometryTeeOperation.cs"
"NOOP_NEW_SAME","submodule","Servers\Libs\NetTopologySuite\test\NetTopologySuite.TestRunner\Operations\TeeGeometryOperation.cs"
"NOOP_NEW_SAME","submodule","Servers\Libs\NetTopologySuite\test\NetTopologySuite.TestRunner\Operations\TestCaseGeometryFunctions.cs"
"NOOP_NEW_SAME","submodule","Servers\Libs\NetTopologySuite\test\NetTopologySuite.TestRunner\Result\BufferResultMatcher.cs"
"NOOP_NEW_SAME","submodule","Servers\Libs\NetTopologySuite\test\NetTopologySuite.TestRunner\Result\EqualityResultMatcher.cs"
"NOOP_NEW_SAME","submodule","Servers\Libs\NetTopologySuite\test\NetTopologySuite.TestRunner\Result\IResultMatcher.cs"
"NOOP_NEW_SAME","submodule","Servers\Libs\NetTopologySuite\test\NetTopologySuite.TestRunner\Result\NullResultMatcher.cs"
"NOOP_NEW_SAME","submodule","Servers\Libs\NetTopologySuite\test\NetTopologySuite.TestRunner\Result\Result.cs"
"NOOP_NEW_SAME","submodule","Servers\Libs\NetTopologySuite\test\NetTopologySuite.TestRunner\Utility\ClassUtility.cs"
"NOOP_NEW_SAME","submodule","Servers\Libs\NetTopologySuite\test\NetTopologySuite.TestRunner\Utility\DoubleKeyMap.cs"
"NOOP_NEW_SAME","submodule","Servers\Libs\NetTopologySuite\test\NetTopologySuite.TestRunner\Utility\GeometryDataUtil.cs"
"NOOP_NEW_SAME","submodule","Servers\Libs\NetTopologySuite\test\NetTopologySuite.TestRunner\Utility\IOUtility.cs"
"NOOP_NEW_SAME","submodule","Servers\Libs\NetTopologySuite\test\NetTopologySuite.TestRunner\Utility\MultiFormatReader.cs"
"NOOP_NEW_SAME","submodule","Servers\Libs\NetTopologySuite\test\NetTopologySuite.TestRunner\Utility\StringUtility.cs"
"NOOP_NEW_SAME","submodule","Servers\Libs\NetTopologySuite\test\NetTopologySuite.TestRunner\XmlTest.cs"
"NOOP_NEW_SAME","submodule","Servers\Libs\NetTopologySuite\test\NetTopologySuite.TestRunner\XmlTestCollection.cs"
"NOOP_NEW_SAME","submodule","Servers\Libs\NetTopologySuite\test\NetTopologySuite.TestRunner\XmlTestController.cs"
"NOOP_NEW_SAME","submodule","Servers\Libs\NetTopologySuite\test\NetTopologySuite.TestRunner\XmlTestDocument.cs"
"NOOP_NEW_SAME","submodule","Servers\Libs\NetTopologySuite\test\NetTopologySuite.TestRunner\XmlTestExceptionManager.cs"
"NOOP_NEW_SAME","submodule","Servers\Libs\NetTopologySuite\test\NetTopologySuite.TestRunner\XmlTestFactory.cs"
"NOOP_NEW_SAME","submodule","Servers\Libs\NetTopologySuite\test\NetTopologySuite.TestRunner\XmlTestInfo.cs"
"NOOP_NEW_SAME","submodule","Servers\Libs\NetTopologySuite\test\NetTopologySuite.TestRunner\XmlTestTimer.cs"
"NOOP_NEW_SAME","submodule","Servers\Libs\NetTopologySuite\test\NetTopologySuite.Tests.NUnit.Performance\NetTopologySuite.Tests.NUnit.Performance.csproj"
"NOOP_NEW_SAME","submodule","Servers\Libs\NetTopologySuite\test\NetTopologySuite.Tests.NUnit.Performance\Performance\Algorithm\DDOrientationIndexCorrectTest.cs"
"NOOP_NEW_SAME","submodule","Servers\Libs\NetTopologySuite\test\NetTopologySuite.Tests.NUnit.Performance\Performance\Algorithm\DistanceLineLineStressTest.cs"
"NOOP_NEW_SAME","submodule","Servers\Libs\NetTopologySuite\test\NetTopologySuite.Tests.NUnit.Performance\Performance\Algorithm\IndexedPointInAreaPerfTest.cs"
"NOOP_NEW_SAME","submodule","Servers\Libs\NetTopologySuite\test\NetTopologySuite.Tests.NUnit.Performance\Performance\Algorithm\IndexedPointInAreaStressTest.cs"
"NOOP_NEW_SAME","submodule","Servers\Libs\NetTopologySuite\test\NetTopologySuite.Tests.NUnit.Performance\Performance\Algorithm\InteriorPointAreaPerfTest.cs"
"NOOP_NEW_SAME","submodule","Servers\Libs\NetTopologySuite\test\NetTopologySuite.Tests.NUnit.Performance\Performance\Algorithm\IntersectionAlgorithms.cs"
"NOOP_NEW_SAME","submodule","Servers\Libs\NetTopologySuite\test\NetTopologySuite.Tests.NUnit.Performance\Performance\Algorithm\IntersectionPerfTest.cs"
"NOOP_NEW_SAME","submodule","Servers\Libs\NetTopologySuite\test\NetTopologySuite.Tests.NUnit.Performance\Performance\Algorithm\IntersectionStressTest.cs"
"NOOP_NEW_SAME","submodule","Servers\Libs\NetTopologySuite\test\NetTopologySuite.Tests.NUnit.Performance\Performance\Algorithm\LineIntersectorBenchmark.cs"
"NOOP_NEW_SAME","submodule","Servers\Libs\NetTopologySuite\test\NetTopologySuite.Tests.NUnit.Performance\Performance\Algorithm\MinimumBoundingCircleStressTest.cs"
"NOOP_NEW_SAME","submodule","Servers\Libs\NetTopologySuite\test\NetTopologySuite.Tests.NUnit.Performance\Performance\Algorithm\PerturbedGridPolygonBuilder.cs"
"NOOP_NEW_SAME","submodule","Servers\Libs\NetTopologySuite\test\NetTopologySuite.Tests.NUnit.Performance\Performance\Algorithm\PointInRingRobustnessTest.cs"
"NOOP_NEW_SAME","submodule","Servers\Libs\NetTopologySuite\test\NetTopologySuite.Tests.NUnit.Performance\Performance\Algorithm\SimpleRayCrossingStressTest.cs"
"NOOP_NEW_SAME","submodule","Servers\Libs\NetTopologySuite\test\NetTopologySuite.Tests.NUnit.Performance\Performance\AreaPrecisionPerformanceTest.cs"
"NOOP_NEW_SAME","submodule","Servers\Libs\NetTopologySuite\test\NetTopologySuite.Tests.NUnit.Performance\Performance\Clip\RectangleClipPolygonPerformanceTest.cs"
"NOOP_NEW_SAME","submodule","Servers\Libs\NetTopologySuite\test\NetTopologySuite.Tests.NUnit.Performance\Performance\Dissolve\LineDissolveStressTest.cs"
"NOOP_NEW_SAME","submodule","Servers\Libs\NetTopologySuite\test\NetTopologySuite.Tests.NUnit.Performance\Performance\EdgeRay\EdgeRayPerformanceTest.cs"
"NOOP_NEW_SAME","submodule","Servers\Libs\NetTopologySuite\test\NetTopologySuite.Tests.NUnit.Performance\Performance\ExamplePerformanceTest.cs"
"NOOP_NEW_SAME","submodule","Servers\Libs\NetTopologySuite\test\NetTopologySuite.Tests.NUnit.Performance\Performance\Geometries\Prepared\PreparedGeometryConcurrencyBugTest.cs"
"NOOP_NEW_SAME","submodule","Servers\Libs\NetTopologySuite\test\NetTopologySuite.Tests.NUnit.Performance\Performance\Geometries\Prepared\PreparedGeometryThreadSafeTest.cs"
"NOOP_NEW_SAME","submodule","Servers\Libs\NetTopologySuite\test\NetTopologySuite.Tests.NUnit.Performance\Performance\Geometries\Prepared\PreparedLineIntersectsPerformanceTest.cs"
"NOOP_NEW_SAME","submodule","Servers\Libs\NetTopologySuite\test\NetTopologySuite.Tests.NUnit.Performance\Performance\Geometries\Prepared\PreparedPolygonCoversPerTest.cs"
"NOOP_NEW_SAME","submodule","Servers\Libs\NetTopologySuite\test\NetTopologySuite.Tests.NUnit.Performance\Performance\Geometries\Prepared\TestDataBuilder.cs"
"NOOP_NEW_SAME","submodule","Servers\Libs\NetTopologySuite\test\NetTopologySuite.Tests.NUnit.Performance\Performance\Geometries\Utility\GeometryFixerFuzzer.cs"
"NOOP_NEW_SAME","submodule","Servers\Libs\NetTopologySuite\test\NetTopologySuite.Tests.NUnit.Performance\Performance\Index\CountItemVisitor.cs"
"NOOP_NEW_SAME","submodule","Servers\Libs\NetTopologySuite\test\NetTopologySuite.Tests.NUnit.Performance\Performance\Index\EnvelopeList.cs"
"NOOP_NEW_SAME","submodule","Servers\Libs\NetTopologySuite\test\NetTopologySuite.Tests.NUnit.Performance\Performance\Index\HPRtreePerfTest.cs"
"NOOP_NEW_SAME","submodule","Servers\Libs\NetTopologySuite\test\NetTopologySuite.Tests.NUnit.Performance\Performance\Index\IIndex.cs"
"NOOP_NEW_SAME","submodule","Servers\Libs\NetTopologySuite\test\NetTopologySuite.Tests.NUnit.Performance\Performance\Index\IndexTester.cs"
"NOOP_NEW_SAME","submodule","Servers\Libs\NetTopologySuite\test\NetTopologySuite.Tests.NUnit.Performance\Performance\Index\KdTreeStressTest.cs"
"NOOP_NEW_SAME","submodule","Servers\Libs\NetTopologySuite\test\NetTopologySuite.Tests.NUnit.Performance\Performance\Index\RtreeStressTest.cs"
"NOOP_NEW_SAME","submodule","Servers\Libs\NetTopologySuite\test\NetTopologySuite.Tests.NUnit.Performance\Performance\Index\STRtreePerfTest.cs"
"NOOP_NEW_SAME","submodule","Servers\Libs\NetTopologySuite\test\NetTopologySuite.Tests.NUnit.Performance\Performance\Index\TreeTimeTest.cs"
"NOOP_NEW_SAME","submodule","Servers\Libs\NetTopologySuite\test\NetTopologySuite.Tests.NUnit.Performance\Performance\Mathematics\DDExpressionPerformance.cs"
"NOOP_NEW_SAME","submodule","Servers\Libs\NetTopologySuite\test\NetTopologySuite.Tests.NUnit.Performance\Performance\Mathematics\InCirclePerformance.cs"
"NOOP_NEW_SAME","submodule","Servers\Libs\NetTopologySuite\test\NetTopologySuite.Tests.NUnit.Performance\Performance\Mathematics\TriPredicate.cs"
"NOOP_NEW_SAME","submodule","Servers\Libs\NetTopologySuite\test\NetTopologySuite.Tests.NUnit.Performance\Performance\Operation\Buffer\FileBufferResultValidatorTest.cs"
"NOOP_NEW_SAME","submodule","Servers\Libs\NetTopologySuite\test\NetTopologySuite.Tests.NUnit.Performance\Performance\Operation\Buffer\IteratedBufferStressTest.cs"
"NOOP_NEW_SAME","submodule","Servers\Libs\NetTopologySuite\test\NetTopologySuite.Tests.NUnit.Performance\Performance\Operation\Buffer\PolygonBufferStressTest.cs"
"NOOP_NEW_SAME","submodule","Servers\Libs\NetTopologySuite\test\NetTopologySuite.Tests.NUnit.Performance\Performance\Operation\Distance\CachedFastDistance.cs"
"NOOP_NEW_SAME","submodule","Servers\Libs\NetTopologySuite\test\NetTopologySuite.Tests.NUnit.Performance\Performance\Operation\Distance\DistanceGeomPairPerfTest.cs"
"NOOP_NEW_SAME","submodule","Servers\Libs\NetTopologySuite\test\NetTopologySuite.Tests.NUnit.Performance\Performance\Operation\Distance\TestPerfDistanceLinePoints.cs"
"NOOP_NEW_SAME","submodule","Servers\Libs\NetTopologySuite\test\NetTopologySuite.Tests.NUnit.Performance\Performance\Operation\Overlay\OverlayNodingStressTest.cs"
"NOOP_NEW_SAME","submodule","Servers\Libs\NetTopologySuite\test\NetTopologySuite.Tests.NUnit.Performance\Performance\Operation\OverlayNG\OverlayNGSnapRoundingPerfTest.cs"
"NOOP_NEW_SAME","submodule","Servers\Libs\NetTopologySuite\test\NetTopologySuite.Tests.NUnit.Performance\Performance\Operation\OverlayNG\RandomPolygonBuilder.cs"
"NOOP_NEW_SAME","submodule","Servers\Libs\NetTopologySuite\test\NetTopologySuite.Tests.NUnit.Performance\Performance\Operation\OverlayNG\RandomPolygonOverlayFuzzer.cs"
"NOOP_NEW_SAME","submodule","Servers\Libs\NetTopologySuite\test\NetTopologySuite.Tests.NUnit.Performance\Performance\Operation\Polygonize\PolygonizerPerfTest.cs"
"NOOP_NEW_SAME","submodule","Servers\Libs\NetTopologySuite\test\NetTopologySuite.Tests.NUnit.Performance\Performance\Operation\Relate\RelateMonotoneLinesPerfTest.cs"
"NOOP_NEW_SAME","submodule","Servers\Libs\NetTopologySuite\test\NetTopologySuite.Tests.NUnit.Performance\Performance\Operation\Union\UnionPerfTester.cs"
"NOOP_NEW_SAME","submodule","Servers\Libs\NetTopologySuite\test\NetTopologySuite.Tests.NUnit.Performance\Performance\Operation\Valid\IsValidNestedRingTester.cs"
"NOOP_NEW_SAME","submodule","Servers\Libs\NetTopologySuite\test\NetTopologySuite.Tests.NUnit.Performance\Performance\Operation\Valid\IsValidPolygonPerformanceTest.cs"
"NOOP_NEW_SAME","submodule","Servers\Libs\NetTopologySuite\test\NetTopologySuite.Tests.NUnit.Performance\Performance\Operation\Valid\ValidStressTest.cs"
"NOOP_NEW_SAME","submodule","Servers\Libs\NetTopologySuite\test\NetTopologySuite.Tests.NUnit.Performance\Performance\PerformanceTestCase.cs"
"NOOP_NEW_SAME","submodule","Servers\Libs\NetTopologySuite\test\NetTopologySuite.Tests.NUnit.Performance\Performance\PerformanceTestRunner.cs"
"NOOP_NEW_SAME","submodule","Servers\Libs\NetTopologySuite\test\NetTopologySuite.Tests.NUnit.Performance\Performance\Precision\GeometryPrecisionReducerPerfTest.cs"
"NOOP_NEW_SAME","submodule","Servers\Libs\NetTopologySuite\test\NetTopologySuite.Tests.NUnit.Performance\Performance\ThreadTestCase.cs"
"NOOP_NEW_SAME","submodule","Servers\Libs\NetTopologySuite\test\NetTopologySuite.Tests.NUnit.Performance\Performance\ThreadTestRunner.cs"
"NOOP_NEW_SAME","submodule","Servers\Libs\NetTopologySuite\test\NetTopologySuite.Tests.NUnit\Algorithm\AbstractPointInRingTest.cs"
"NOOP_NEW_SAME","submodule","Servers\Libs\NetTopologySuite\test\NetTopologySuite.Tests.NUnit\Algorithm\AngleTest.cs"
"NOOP_NEW_SAME","submodule","Servers\Libs\NetTopologySuite\test\NetTopologySuite.Tests.NUnit\Algorithm\AreaTest.cs"
"NOOP_NEW_SAME","submodule","Servers\Libs\NetTopologySuite\test\NetTopologySuite.Tests.NUnit\Algorithm\Axis\ApproximateMedialAxisTest.cs"
"NOOP_NEW_SAME","submodule","Servers\Libs\NetTopologySuite\test\NetTopologySuite.Tests.NUnit\Algorithm\CentroidTest.cs"
"NOOP_NEW_SAME","submodule","Servers\Libs\NetTopologySuite\test\NetTopologySuite.Tests.NUnit\Algorithm\CGAlgorithmsTest.cs"
"NOOP_NEW_SAME","submodule","Servers\Libs\NetTopologySuite\test\NetTopologySuite.Tests.NUnit\Algorithm\ComputeOrientationTest.cs"
"NOOP_NEW_SAME","submodule","Servers\Libs\NetTopologySuite\test\NetTopologySuite.Tests.NUnit\Algorithm\Construct\LargestEmptyCircleTest.cs"
"NOOP_NEW_SAME","submodule","Servers\Libs\NetTopologySuite\test\NetTopologySuite.Tests.NUnit\Algorithm\Construct\MaximumInscribedCircleTest.cs"
"NOOP_NEW_SAME","submodule","Servers\Libs\NetTopologySuite\test\NetTopologySuite.Tests.NUnit\Algorithm\ConvexHullTest.cs"
"NOOP_NEW_SAME","submodule","Servers\Libs\NetTopologySuite\test\NetTopologySuite.Tests.NUnit\Algorithm\Distance\DiscreteFrechetDistanceDiagonalTest.cs"
"NOOP_NEW_SAME","submodule","Servers\Libs\NetTopologySuite\test\NetTopologySuite.Tests.NUnit\Algorithm\Distance\DiscreteFrechetDistanceSimple.cs"
"NOOP_NEW_SAME","submodule","Servers\Libs\NetTopologySuite\test\NetTopologySuite.Tests.NUnit\Algorithm\Distance\DiscreteFrechetDistanceTest.cs"
"NOOP_NEW_SAME","submodule","Servers\Libs\NetTopologySuite\test\NetTopologySuite.Tests.NUnit\Algorithm\Distance\DiscreteHausdorffDistanceTest.cs"
"NOOP_NEW_SAME","submodule","Servers\Libs\NetTopologySuite\test\NetTopologySuite.Tests.NUnit\Algorithm\Distance\MatrixStorageTest.cs"
"NOOP_NEW_SAME","submodule","Servers\Libs\NetTopologySuite\test\NetTopologySuite.Tests.NUnit\Algorithm\DistanceComputerTest.cs"
"NOOP_NEW_SAME","submodule","Servers\Libs\NetTopologySuite\test\NetTopologySuite.Tests.NUnit\Algorithm\Hull\ConcaveHullTest.cs"
"NOOP_NEW_SAME","submodule","Servers\Libs\NetTopologySuite\test\NetTopologySuite.Tests.NUnit\Algorithm\InteriorPointTest.cs"
"NOOP_NEW_SAME","submodule","Servers\Libs\NetTopologySuite\test\NetTopologySuite.Tests.NUnit\Algorithm\IntersectionTest.cs"
"NOOP_NEW_SAME","submodule","Servers\Libs\NetTopologySuite\test\NetTopologySuite.Tests.NUnit\Algorithm\LengthTest.cs"
"NOOP_NEW_SAME","submodule","Servers\Libs\NetTopologySuite\test\NetTopologySuite.Tests.NUnit\Algorithm\Locate\IndexedPointInAreaLocatorTest.cs"
"NOOP_NEW_SAME","submodule","Servers\Libs\NetTopologySuite\test\NetTopologySuite.Tests.NUnit\Algorithm\Locate\SimplePointInAreaLocatorTest.cs"
"NOOP_NEW_SAME","submodule","Servers\Libs\NetTopologySuite\test\NetTopologySuite.Tests.NUnit\Algorithm\LocatePointInRingTest.cs"
"NOOP_NEW_SAME","submodule","Servers\Libs\NetTopologySuite\test\NetTopologySuite.Tests.NUnit\Algorithm\Match\FrechetSimilarityMeasureTest.cs"
"NOOP_NEW_SAME","submodule","Servers\Libs\NetTopologySuite\test\NetTopologySuite.Tests.NUnit\Algorithm\Match\HausdorffSimilarityMeasureTest.cs"
"NOOP_NEW_SAME","submodule","Servers\Libs\NetTopologySuite\test\NetTopologySuite.Tests.NUnit\Algorithm\MinimumBoundingCircleTest.cs"
"NOOP_NEW_SAME","submodule","Servers\Libs\NetTopologySuite\test\NetTopologySuite.Tests.NUnit\Algorithm\MinimumDiameterTest.cs"
"NOOP_NEW_SAME","submodule","Servers\Libs\NetTopologySuite\test\NetTopologySuite.Tests.NUnit\Algorithm\NonRobustCGAlgorithms.cs"
"NOOP_NEW_SAME","submodule","Servers\Libs\NetTopologySuite\test\NetTopologySuite.Tests.NUnit\Algorithm\NonRobustLineIntersector.cs"
"NOOP_NEW_SAME","submodule","Servers\Libs\NetTopologySuite\test\NetTopologySuite.Tests.NUnit\Algorithm\NonRobustLineIntersectorTest.cs"
"NOOP_NEW_SAME","submodule","Servers\Libs\NetTopologySuite\test\NetTopologySuite.Tests.NUnit\Algorithm\NonRobustRayCrossingCounter.cs"
"NOOP_NEW_SAME","submodule","Servers\Libs\NetTopologySuite\test\NetTopologySuite.Tests.NUnit\Algorithm\OrientationIndexFailureTest.cs"
"NOOP_NEW_SAME","submodule","Servers\Libs\NetTopologySuite\test\NetTopologySuite.Tests.NUnit\Algorithm\OrientationIndexTest.cs"
"NOOP_NEW_SAME","submodule","Servers\Libs\NetTopologySuite\test\NetTopologySuite.Tests.NUnit\Algorithm\OrientationIsCCWTest.cs"
"NOOP_NEW_SAME","submodule","Servers\Libs\NetTopologySuite\test\NetTopologySuite.Tests.NUnit\Algorithm\PointInAreaStressTester.cs"
"NOOP_NEW_SAME","submodule","Servers\Libs\NetTopologySuite\test\NetTopologySuite.Tests.NUnit\Algorithm\PointInRingTest.cs"
"NOOP_NEW_SAME","submodule","Servers\Libs\NetTopologySuite\test\NetTopologySuite.Tests.NUnit\Algorithm\PointLocationOn4DLineTest.cs"
"NOOP_NEW_SAME","submodule","Servers\Libs\NetTopologySuite\test\NetTopologySuite.Tests.NUnit\Algorithm\PointLocationOnLineTest.cs"
"NOOP_NEW_SAME","submodule","Servers\Libs\NetTopologySuite\test\NetTopologySuite.Tests.NUnit\Algorithm\PointLocatorTest.cs"
"NOOP_NEW_SAME","submodule","Servers\Libs\NetTopologySuite\test\NetTopologySuite.Tests.NUnit\Algorithm\RayCrossingCounterTest.cs"
"NOOP_NEW_SAME","submodule","Servers\Libs\NetTopologySuite\test\NetTopologySuite.Tests.NUnit\Algorithm\RectangleIntersectsTest.cs"
"NOOP_NEW_SAME","submodule","Servers\Libs\NetTopologySuite\test\NetTopologySuite.Tests.NUnit\Algorithm\RobustLineIntersectionTest.cs"
"NOOP_NEW_SAME","submodule","Servers\Libs\NetTopologySuite\test\NetTopologySuite.Tests.NUnit\Algorithm\RobustLineIntersectorTest.cs"
"NOOP_NEW_SAME","submodule","Servers\Libs\NetTopologySuite\test\NetTopologySuite.Tests.NUnit\Algorithm\RobustLineIntersectorZTest.cs"
"NOOP_NEW_SAME","submodule","Servers\Libs\NetTopologySuite\test\NetTopologySuite.Tests.NUnit\AssemblyInfo.cs"
"NOOP_NEW_SAME","submodule","Servers\Libs\NetTopologySuite\test\NetTopologySuite.Tests.NUnit\Clip\RectanglePolygonClipTest.cs"
"NOOP_NEW_SAME","submodule","Servers\Libs\NetTopologySuite\test\NetTopologySuite.Tests.NUnit\Densify\DensifierTest.cs"
"NOOP_NEW_SAME","submodule","Servers\Libs\NetTopologySuite\test\NetTopologySuite.Tests.NUnit\Dissolve\LineDissolverTest.cs"
"NOOP_NEW_SAME","submodule","Servers\Libs\NetTopologySuite\test\NetTopologySuite.Tests.NUnit\EdgeGraph\EdgeGraphTest.cs"
"NOOP_NEW_SAME","submodule","Servers\Libs\NetTopologySuite\test\NetTopologySuite.Tests.NUnit\Geometries\AdditionalCoordinateTest.cs"
"NOOP_NEW_SAME","submodule","Servers\Libs\NetTopologySuite\test\NetTopologySuite.Tests.NUnit\Geometries\AreaLengthTest.cs"
"NOOP_NEW_SAME","submodule","Servers\Libs\NetTopologySuite\test\NetTopologySuite.Tests.NUnit\Geometries\BidirectionalComparatorTest.cs"
"NOOP_NEW_SAME","submodule","Servers\Libs\NetTopologySuite\test\NetTopologySuite.Tests.NUnit\Geometries\CoordinateArraysTest.cs"
"NOOP_NEW_SAME","submodule","Servers\Libs\NetTopologySuite\test\NetTopologySuite.Tests.NUnit\Geometries\CoordinateListTest.cs"
"NOOP_NEW_SAME","submodule","Servers\Libs\NetTopologySuite\test\NetTopologySuite.Tests.NUnit\Geometries\CoordinateSequencesTest.cs"
"NOOP_NEW_SAME","submodule","Servers\Libs\NetTopologySuite\test\NetTopologySuite.Tests.NUnit\Geometries\CoordinateTest.cs"
"NOOP_NEW_SAME","submodule","Servers\Libs\NetTopologySuite\test\NetTopologySuite.Tests.NUnit\Geometries\EnvelopeTest.cs"
"NOOP_NEW_SAME","submodule","Servers\Libs\NetTopologySuite\test\NetTopologySuite.Tests.NUnit\Geometries\GeometryCollectionEnumeratorTest.cs"
"NOOP_NEW_SAME","submodule","Servers\Libs\NetTopologySuite\test\NetTopologySuite.Tests.NUnit\Geometries\GeometryCollectionImplTest.cs"
"NOOP_NEW_SAME","submodule","Servers\Libs\NetTopologySuite\test\NetTopologySuite.Tests.NUnit\Geometries\GeometryCompareToTest.cs"
"NOOP_NEW_SAME","submodule","Servers\Libs\NetTopologySuite\test\NetTopologySuite.Tests.NUnit\Geometries\GeometryCopyTest.cs"
"NOOP_NEW_SAME","submodule","Servers\Libs\NetTopologySuite\test\NetTopologySuite.Tests.NUnit\Geometries\GeometryFactoryExTest.cs"
"NOOP_NEW_SAME","submodule","Servers\Libs\NetTopologySuite\test\NetTopologySuite.Tests.NUnit\Geometries\GeometryFactoryTest.cs"
"NOOP_NEW_SAME","submodule","Servers\Libs\NetTopologySuite\test\NetTopologySuite.Tests.NUnit\Geometries\GeometryImplTest.cs"
"NOOP_NEW_SAME","submodule","Servers\Libs\NetTopologySuite\test\NetTopologySuite.Tests.NUnit\Geometries\GeometryOpGCUnsupportedTest.cs"
"NOOP_NEW_SAME","submodule","Servers\Libs\NetTopologySuite\test\NetTopologySuite.Tests.NUnit\Geometries\GeometryOverlayTest.cs"
"NOOP_NEW_SAME","submodule","Servers\Libs\NetTopologySuite\test\NetTopologySuite.Tests.NUnit\Geometries\GeometryReverseTest.cs"
"NOOP_NEW_SAME","submodule","Servers\Libs\NetTopologySuite\test\NetTopologySuite.Tests.NUnit\Geometries\GeometryTestData.cs"
"NOOP_NEW_SAME","submodule","Servers\Libs\NetTopologySuite\test\NetTopologySuite.Tests.NUnit\Geometries\GeometryTestFactory.cs"
"NOOP_NEW_SAME","submodule","Servers\Libs\NetTopologySuite\test\NetTopologySuite.Tests.NUnit\Geometries\GeometryZMTest.cs"
"NOOP_NEW_SAME","submodule","Servers\Libs\NetTopologySuite\test\NetTopologySuite.Tests.NUnit\Geometries\Implementation\BaseCoordinateSequenceTest.cs"
"NOOP_NEW_SAME","submodule","Servers\Libs\NetTopologySuite\test\NetTopologySuite.Tests.NUnit\Geometries\Implementation\BasicCoordinateSequenceTest.cs"
"NOOP_NEW_SAME","submodule","Servers\Libs\NetTopologySuite\test\NetTopologySuite.Tests.NUnit\Geometries\Implementation\CoordinateSequenceTestBase.cs"
"NOOP_NEW_SAME","submodule","Servers\Libs\NetTopologySuite\test\NetTopologySuite.Tests.NUnit\Geometries\Implementation\PackedCoordinateSequenceDoubleTest.cs"
"NOOP_NEW_SAME","submodule","Servers\Libs\NetTopologySuite\test\NetTopologySuite.Tests.NUnit\Geometries\Implementation\PackedCoordinateSequenceFloatTest.cs"
"NOOP_NEW_SAME","submodule","Servers\Libs\NetTopologySuite\test\NetTopologySuite.Tests.NUnit\Geometries\Implementation\PackedCoordinateSequenceTest.cs"
"NOOP_NEW_SAME","submodule","Servers\Libs\NetTopologySuite\test\NetTopologySuite.Tests.NUnit\Geometries\Implementation\RawCoordinateSequenceFactoryTest.cs"
"NOOP_NEW_SAME","submodule","Servers\Libs\NetTopologySuite\test\NetTopologySuite.Tests.NUnit\Geometries\Implementation\RawCoordinateSequenceTest.cs"
"NOOP_NEW_SAME","submodule","Servers\Libs\NetTopologySuite\test\NetTopologySuite.Tests.NUnit\Geometries\IntersectionMatrixTest.cs"
"NOOP_NEW_SAME","submodule","Servers\Libs\NetTopologySuite\test\NetTopologySuite.Tests.NUnit\Geometries\IntervalTest.cs"
"NOOP_NEW_SAME","submodule","Servers\Libs\NetTopologySuite\test\NetTopologySuite.Tests.NUnit\Geometries\IsRectangleTest.cs"
"NOOP_NEW_SAME","submodule","Servers\Libs\NetTopologySuite\test\NetTopologySuite.Tests.NUnit\Geometries\LineSegmentTest.cs"
"NOOP_NEW_SAME","submodule","Servers\Libs\NetTopologySuite\test\NetTopologySuite.Tests.NUnit\Geometries\MiscellaneousTest.cs"
"NOOP_NEW_SAME","submodule","Servers\Libs\NetTopologySuite\test\NetTopologySuite.Tests.NUnit\Geometries\MultiPointImplTest.cs"
"NOOP_NEW_SAME","submodule","Servers\Libs\NetTopologySuite\test\NetTopologySuite.Tests.NUnit\Geometries\NormalizeTest.cs"
"NOOP_NEW_SAME","submodule","Servers\Libs\NetTopologySuite\test\NetTopologySuite.Tests.NUnit\Geometries\PointImplTest.cs"
"NOOP_NEW_SAME","submodule","Servers\Libs\NetTopologySuite\test\NetTopologySuite.Tests.NUnit\Geometries\PrecisionModelTest.cs"
"NOOP_NEW_SAME","submodule","Servers\Libs\NetTopologySuite\test\NetTopologySuite.Tests.NUnit\Geometries\PredicateShortCircuitTest.cs"
"NOOP_NEW_SAME","submodule","Servers\Libs\NetTopologySuite\test\NetTopologySuite.Tests.NUnit\Geometries\Prepared\PreparedPolygonIntersectsStressTest.cs"
"NOOP_NEW_SAME","submodule","Servers\Libs\NetTopologySuite\test\NetTopologySuite.Tests.NUnit\Geometries\Prepared\PreparedPolygonStressTest.cs"
"NOOP_NEW_SAME","submodule","Servers\Libs\NetTopologySuite\test\NetTopologySuite.Tests.NUnit\Geometries\Prepared\StressTestHarness.cs"
"NOOP_NEW_SAME","submodule","Servers\Libs\NetTopologySuite\test\NetTopologySuite.Tests.NUnit\Geometries\RectanglePredicateSyntheticTest.cs"
"NOOP_NEW_SAME","submodule","Servers\Libs\NetTopologySuite\test\NetTopologySuite.Tests.NUnit\Geometries\RectanglePredicateTest.cs"
"NOOP_NEW_SAME","submodule","Servers\Libs\NetTopologySuite\test\NetTopologySuite.Tests.NUnit\Geometries\SegmentDensifier.cs"
"NOOP_NEW_SAME","submodule","Servers\Libs\NetTopologySuite\test\NetTopologySuite.Tests.NUnit\Geometries\TestShapeFactory.cs"
"NOOP_NEW_SAME","submodule","Servers\Libs\NetTopologySuite\test\NetTopologySuite.Tests.NUnit\Geometries\TriangleCircumcentreTest.cs"
"NOOP_NEW_SAME","submodule","Servers\Libs\NetTopologySuite\test\NetTopologySuite.Tests.NUnit\Geometries\TriangleTest.cs"
"NOOP_NEW_SAME","submodule","Servers\Libs\NetTopologySuite\test\NetTopologySuite.Tests.NUnit\Geometries\Utility\AffineTransformationBuilderTest.cs"
"NOOP_NEW_SAME","submodule","Servers\Libs\NetTopologySuite\test\NetTopologySuite.Tests.NUnit\Geometries\Utility\AffineTransformationTest.cs"
"NOOP_NEW_SAME","submodule","Servers\Libs\NetTopologySuite\test\NetTopologySuite.Tests.NUnit\Geometries\Utility\EnvelopeCombinerTests.cs"
"NOOP_NEW_SAME","submodule","Servers\Libs\NetTopologySuite\test\NetTopologySuite.Tests.NUnit\Geometries\Utility\GeometryExtracterTest.cs"
"NOOP_NEW_SAME","submodule","Servers\Libs\NetTopologySuite\test\NetTopologySuite.Tests.NUnit\Geometries\Utility\GeometryFixerTest.cs"
"NOOP_NEW_SAME","submodule","Servers\Libs\NetTopologySuite\test\NetTopologySuite.Tests.NUnit\Geometries\Utility\GeometryMapperTest.cs"
"NOOP_NEW_SAME","submodule","Servers\Libs\NetTopologySuite\test\NetTopologySuite.Tests.NUnit\GeometryServiceProviderTest.cs"
"NOOP_NEW_SAME","submodule","Servers\Libs\NetTopologySuite\test\NetTopologySuite.Tests.NUnit\GeometryTestCase.cs"
"NOOP_NEW_SAME","submodule","Servers\Libs\NetTopologySuite\test\NetTopologySuite.Tests.NUnit\Hull\ChiShapeTest.cs"
"NOOP_NEW_SAME","submodule","Servers\Libs\NetTopologySuite\test\NetTopologySuite.Tests.NUnit\Index\IntervalRtree\SortedPackedIntervalRtreeTest.cs"
"NOOP_NEW_SAME","submodule","Servers\Libs\NetTopologySuite\test\NetTopologySuite.Tests.NUnit\Index\KdTree\KdTreeTest.cs"
"NOOP_NEW_SAME","submodule","Servers\Libs\NetTopologySuite\test\NetTopologySuite.Tests.NUnit\Index\Quadtree\DoubleBitsTest.cs"
"NOOP_NEW_SAME","submodule","Servers\Libs\NetTopologySuite\test\NetTopologySuite.Tests.NUnit\Index\Quadtree\IsEmptyTest.cs"
"NOOP_NEW_SAME","submodule","Servers\Libs\NetTopologySuite\test\NetTopologySuite.Tests.NUnit\Index\Quadtree\QuadtreeCorrectTest.cs"
"NOOP_NEW_SAME","submodule","Servers\Libs\NetTopologySuite\test\NetTopologySuite.Tests.NUnit\Index\Quadtree\QuadtreeTest.cs"
"NOOP_NEW_SAME","submodule","Servers\Libs\NetTopologySuite\test\NetTopologySuite.Tests.NUnit\Index\SpatialIndexTest.cs"
"NOOP_NEW_SAME","submodule","Servers\Libs\NetTopologySuite\test\NetTopologySuite.Tests.NUnit\Index\SpatialIndexTester.cs"
"NOOP_NEW_SAME","submodule","Servers\Libs\NetTopologySuite\test\NetTopologySuite.Tests.NUnit\Index\Strtree\GeometryDistanceComparer.cs"
"NOOP_NEW_SAME","submodule","Servers\Libs\NetTopologySuite\test\NetTopologySuite.Tests.NUnit\Index\Strtree\IntervalTest.cs"
"NOOP_NEW_SAME","submodule","Servers\Libs\NetTopologySuite\test\NetTopologySuite.Tests.NUnit\Index\Strtree\SIRtreeTest.cs"
"NOOP_NEW_SAME","submodule","Servers\Libs\NetTopologySuite\test\NetTopologySuite.Tests.NUnit\Index\Strtree\STRtreeDemo.cs"
"NOOP_NEW_SAME","submodule","Servers\Libs\NetTopologySuite\test\NetTopologySuite.Tests.NUnit\Index\Strtree\STRTreeNearestNeighbourTest.cs"
"NOOP_NEW_SAME","submodule","Servers\Libs\NetTopologySuite\test\NetTopologySuite.Tests.NUnit\Index\Strtree\STRtreeTest.cs"
"NOOP_NEW_SAME","submodule","Servers\Libs\NetTopologySuite\test\NetTopologySuite.Tests.NUnit\IO\GML2\GMLReaderTest.cs"
"NOOP_NEW_SAME","submodule","Servers\Libs\NetTopologySuite\test\NetTopologySuite.Tests.NUnit\IO\GML2\GMLReaderTestFromJts.cs"
"NOOP_NEW_SAME","submodule","Servers\Libs\NetTopologySuite\test\NetTopologySuite.Tests.NUnit\IO\GML2\GMLWriterTest.cs"
"NOOP_NEW_SAME","submodule","Servers\Libs\NetTopologySuite\test\NetTopologySuite.Tests.NUnit\IO\GML3\GML3WriterTest.cs"
"NOOP_NEW_SAME","submodule","Servers\Libs\NetTopologySuite\test\NetTopologySuite.Tests.NUnit\IO\KML\KMLReaderTest.cs"
"NOOP_NEW_SAME","submodule","Servers\Libs\NetTopologySuite\test\NetTopologySuite.Tests.NUnit\IO\KML\KMLWriterTest.cs"
"NOOP_NEW_SAME","submodule","Servers\Libs\NetTopologySuite\test\NetTopologySuite.Tests.NUnit\IO\OrdinateFormatTest.cs"
"NOOP_NEW_SAME","submodule","Servers\Libs\NetTopologySuite\test\NetTopologySuite.Tests.NUnit\IO\SerializabilityTest.cs"
"NOOP_NEW_SAME","submodule","Servers\Libs\NetTopologySuite\test\NetTopologySuite.Tests.NUnit\IO\WKBReaderTest.cs"
"NOOP_NEW_SAME","submodule","Servers\Libs\NetTopologySuite\test\NetTopologySuite.Tests.NUnit\IO\WKBTest.cs"
"NOOP_NEW_SAME","submodule","Servers\Libs\NetTopologySuite\test\NetTopologySuite.Tests.NUnit\IO\WKTReaderExpNotationTest.cs"
"NOOP_NEW_SAME","submodule","Servers\Libs\NetTopologySuite\test\NetTopologySuite.Tests.NUnit\IO\WKTReaderFixStructureTest.cs"
"NOOP_NEW_SAME","submodule","Servers\Libs\NetTopologySuite\test\NetTopologySuite.Tests.NUnit\IO\WKTReaderParseErrorTest.cs"
"NOOP_NEW_SAME","submodule","Servers\Libs\NetTopologySuite\test\NetTopologySuite.Tests.NUnit\IO\WKTWriterStaticFnTest.cs"
"NOOP_NEW_SAME","submodule","Servers\Libs\NetTopologySuite\test\NetTopologySuite.Tests.NUnit\IO\WKTWriterTest.cs"
"NOOP_NEW_SAME","submodule","Servers\Libs\NetTopologySuite\test\NetTopologySuite.Tests.NUnit\LinearReferencing\LengthIndexedLineTest.cs"
"NOOP_NEW_SAME","submodule","Servers\Libs\NetTopologySuite\test\NetTopologySuite.Tests.NUnit\LinearReferencing\LinearLocationTest.cs"
"NOOP_NEW_SAME","submodule","Servers\Libs\NetTopologySuite\test\NetTopologySuite.Tests.NUnit\LinearReferencing\LocationIndexedLineTest.cs"
"NOOP_NEW_SAME","submodule","Servers\Libs\NetTopologySuite\test\NetTopologySuite.Tests.NUnit\Mathematics\DDBasicTest.cs"
"NOOP_NEW_SAME","submodule","Servers\Libs\NetTopologySuite\test\NetTopologySuite.Tests.NUnit\Mathematics\DDComputeTest.cs"
"NOOP_NEW_SAME","submodule","Servers\Libs\NetTopologySuite\test\NetTopologySuite.Tests.NUnit\Mathematics\DDIOTest.cs"
"NOOP_NEW_SAME","submodule","Servers\Libs\NetTopologySuite\test\NetTopologySuite.Tests.NUnit\Mathematics\Vector2DTest.cs"
"NOOP_NEW_SAME","submodule","Servers\Libs\NetTopologySuite\test\NetTopologySuite.Tests.NUnit\Mathematics\Vector3DTest.cs"
"NOOP_NEW_SAME","submodule","Servers\Libs\NetTopologySuite\test\NetTopologySuite.Tests.NUnit\NetTopologySuite.Tests.NUnit.csproj"
"NOOP_NEW_SAME","submodule","Servers\Libs\NetTopologySuite\test\NetTopologySuite.Tests.NUnit\Noding\FastNodingValidatorTest.cs"
"NOOP_NEW_SAME","submodule","Servers\Libs\NetTopologySuite\test\NetTopologySuite.Tests.NUnit\Noding\NodedSegmentStringTest.cs"
"NOOP_NEW_SAME","submodule","Servers\Libs\NetTopologySuite\test\NetTopologySuite.Tests.NUnit\Noding\NodingTestUtility.cs"
"NOOP_NEW_SAME","submodule","Servers\Libs\NetTopologySuite\test\NetTopologySuite.Tests.NUnit\Noding\SegmentPointComparatorFullTest.cs"
"NOOP_NEW_SAME","submodule","Servers\Libs\NetTopologySuite\test\NetTopologySuite.Tests.NUnit\Noding\SegmentPointComparatorTest.cs"
"NOOP_NEW_SAME","submodule","Servers\Libs\NetTopologySuite\test\NetTopologySuite.Tests.NUnit\Noding\Snap\SnappingNoderTest.cs"
"NOOP_NEW_SAME","submodule","Servers\Libs\NetTopologySuite\test\NetTopologySuite.Tests.NUnit\Noding\Snapround\HotPixelTest.cs"
"NOOP_NEW_SAME","submodule","Servers\Libs\NetTopologySuite\test\NetTopologySuite.Tests.NUnit\Noding\Snapround\SegmentStringNodingTest.cs"
"NOOP_NEW_SAME","submodule","Servers\Libs\NetTopologySuite\test\NetTopologySuite.Tests.NUnit\Noding\Snapround\SnapRoundingNoderTest.cs"
"NOOP_NEW_SAME","submodule","Servers\Libs\NetTopologySuite\test\NetTopologySuite.Tests.NUnit\Noding\Snapround\SnapRoundingTest.cs"
"NOOP_NEW_SAME","submodule","Servers\Libs\NetTopologySuite\test\NetTopologySuite.Tests.NUnit\Operation\BoundaryTest.cs"
"NOOP_NEW_SAME","submodule","Servers\Libs\NetTopologySuite\test\NetTopologySuite.Tests.NUnit\Operation\Buffer\BufferParameterTest.cs"
"NOOP_NEW_SAME","submodule","Servers\Libs\NetTopologySuite\test\NetTopologySuite.Tests.NUnit\Operation\Buffer\BufferResultValidatorTest.cs"
"NOOP_NEW_SAME","submodule","Servers\Libs\NetTopologySuite\test\NetTopologySuite.Tests.NUnit\Operation\Buffer\BufferTest.cs"
"NOOP_NEW_SAME","submodule","Servers\Libs\NetTopologySuite\test\NetTopologySuite.Tests.NUnit\Operation\Buffer\BufferValidator.cs"
"NOOP_NEW_SAME","submodule","Servers\Libs\NetTopologySuite\test\NetTopologySuite.Tests.NUnit\Operation\Buffer\Test.cs"
"NOOP_NEW_SAME","submodule","Servers\Libs\NetTopologySuite\test\NetTopologySuite.Tests.NUnit\Operation\Distance\BaseDistanceTest.cs"
"NOOP_NEW_SAME","submodule","Servers\Libs\NetTopologySuite\test\NetTopologySuite.Tests.NUnit\Operation\Distance\DistanceTest.cs"
"NOOP_NEW_SAME","submodule","Servers\Libs\NetTopologySuite\test\NetTopologySuite.Tests.NUnit\Operation\Distance\IndexedFacetDistanceTest.cs"
"NOOP_NEW_SAME","submodule","Servers\Libs\NetTopologySuite\test\NetTopologySuite.Tests.NUnit\Operation\Distance3D\WithinDistance3DTest.cs"
"NOOP_NEW_SAME","submodule","Servers\Libs\NetTopologySuite\test\NetTopologySuite.Tests.NUnit\Operation\LineMerge\LineMergerTest.cs"
"NOOP_NEW_SAME","submodule","Servers\Libs\NetTopologySuite\test\NetTopologySuite.Tests.NUnit\Operation\LineMerge\LineSequencerTest.cs"
"NOOP_NEW_SAME","submodule","Servers\Libs\NetTopologySuite\test\NetTopologySuite.Tests.NUnit\Operation\Overlay\FixedPrecisionSnappingTest.cs"
"NOOP_NEW_SAME","submodule","Servers\Libs\NetTopologySuite\test\NetTopologySuite.Tests.NUnit\Operation\Overlay\SnapRoundOverlayTest.cs"
"NOOP_NEW_SAME","submodule","Servers\Libs\NetTopologySuite\test\NetTopologySuite.Tests.NUnit\Operation\OverlayNG\CoverageUnionTest.cs"
"NOOP_NEW_SAME","submodule","Servers\Libs\NetTopologySuite\test\NetTopologySuite.Tests.NUnit\Operation\OverlayNG\LineLimiterTest.cs"
"NOOP_NEW_SAME","submodule","Servers\Libs\NetTopologySuite\test\NetTopologySuite.Tests.NUnit\Operation\OverlayNG\OverlayGraphTest.cs"
"NOOP_NEW_SAME","submodule","Servers\Libs\NetTopologySuite\test\NetTopologySuite.Tests.NUnit\Operation\OverlayNG\OverlayNGFloatingNoderTest.cs"
"NOOP_NEW_SAME","submodule","Servers\Libs\NetTopologySuite\test\NetTopologySuite.Tests.NUnit\Operation\OverlayNG\OverlayNGMixedPointsTest.cs"
"NOOP_NEW_SAME","submodule","Servers\Libs\NetTopologySuite\test\NetTopologySuite.Tests.NUnit\Operation\OverlayNG\OverlayNGPointsTest.cs"
"NOOP_NEW_SAME","submodule","Servers\Libs\NetTopologySuite\test\NetTopologySuite.Tests.NUnit\Operation\OverlayNG\OverlayNGRobustTest.cs"
"NOOP_NEW_SAME","submodule","Servers\Libs\NetTopologySuite\test\NetTopologySuite.Tests.NUnit\Operation\OverlayNG\OverlayNGSnappingNoderTest.cs"
"NOOP_NEW_SAME","submodule","Servers\Libs\NetTopologySuite\test\NetTopologySuite.Tests.NUnit\Operation\OverlayNG\OverlayNGSnappingTestOne.cs"
"NOOP_NEW_SAME","submodule","Servers\Libs\NetTopologySuite\test\NetTopologySuite.Tests.NUnit\Operation\OverlayNG\OverlayNGStrictModeTest.cs"
"NOOP_NEW_SAME","submodule","Servers\Libs\NetTopologySuite\test\NetTopologySuite.Tests.NUnit\Operation\OverlayNG\OverlayNGTest.cs"
"NOOP_NEW_SAME","submodule","Servers\Libs\NetTopologySuite\test\NetTopologySuite.Tests.NUnit\Operation\OverlayNG\OverlayNGTestOne.cs"
"NOOP_NEW_SAME","submodule","Servers\Libs\NetTopologySuite\test\NetTopologySuite.Tests.NUnit\Operation\OverlayNG\OverlayNGZTest.cs"
"NOOP_NEW_SAME","submodule","Servers\Libs\NetTopologySuite\test\NetTopologySuite.Tests.NUnit\Operation\OverlayNG\PrecisionReducerTest.cs"
"NOOP_NEW_SAME","submodule","Servers\Libs\NetTopologySuite\test\NetTopologySuite.Tests.NUnit\Operation\OverlayNG\PrecisionUtilityTest.cs"
"NOOP_NEW_SAME","submodule","Servers\Libs\NetTopologySuite\test\NetTopologySuite.Tests.NUnit\Operation\OverlayNG\RingClipperTest.cs"
"NOOP_NEW_SAME","submodule","Servers\Libs\NetTopologySuite\test\NetTopologySuite.Tests.NUnit\Operation\OverlayNG\UnaryUnionNGTest.cs"
"NOOP_NEW_SAME","submodule","Servers\Libs\NetTopologySuite\test\NetTopologySuite.Tests.NUnit\Operation\Predicate\RectangleIntersectsPerformance.cs"
"NOOP_NEW_SAME","submodule","Servers\Libs\NetTopologySuite\test\NetTopologySuite.Tests.NUnit\Operation\Relate\ContainsTest.cs"
"NOOP_NEW_SAME","submodule","Servers\Libs\NetTopologySuite\test\NetTopologySuite.Tests.NUnit\Operation\Relate\RelateTest.cs"
"NOOP_NEW_SAME","submodule","Servers\Libs\NetTopologySuite\test\NetTopologySuite.Tests.NUnit\Operation\Union\CascadedPolygonUnionFileTest.cs"
"NOOP_NEW_SAME","submodule","Servers\Libs\NetTopologySuite\test\NetTopologySuite.Tests.NUnit\Operation\Union\CascadedPolygonUnionTest.cs"
"NOOP_NEW_SAME","submodule","Servers\Libs\NetTopologySuite\test\NetTopologySuite.Tests.NUnit\Operation\Union\CascadedPolygonUnionTester.cs"
"NOOP_NEW_SAME","submodule","Servers\Libs\NetTopologySuite\test\NetTopologySuite.Tests.NUnit\Operation\Union\DisjointSetsTest.cs"
"NOOP_NEW_SAME","submodule","Servers\Libs\NetTopologySuite\test\NetTopologySuite.Tests.NUnit\Operation\Union\OverlapUnionTest.cs"
"NOOP_NEW_SAME","submodule","Servers\Libs\NetTopologySuite\test\NetTopologySuite.Tests.NUnit\Operation\Union\SparsePolygonUnionTest.cs"
"NOOP_NEW_SAME","submodule","Servers\Libs\NetTopologySuite\test\NetTopologySuite.Tests.NUnit\Operation\Union\UnaryUnionTest.cs"
"NOOP_NEW_SAME","submodule","Servers\Libs\NetTopologySuite\test\NetTopologySuite.Tests.NUnit\Operation\Valid\IsSimpleTest.cs"
"NOOP_NEW_SAME","submodule","Servers\Libs\NetTopologySuite\test\NetTopologySuite.Tests.NUnit\Operation\Valid\IsValidTest.cs"
"NOOP_NEW_SAME","submodule","Servers\Libs\NetTopologySuite\test\NetTopologySuite.Tests.NUnit\Operation\Valid\PolygonNodeTest.cs"
"NOOP_NEW_SAME","submodule","Servers\Libs\NetTopologySuite\test\NetTopologySuite.Tests.NUnit\Operation\Valid\ValidClosedRingTest.cs"
"NOOP_NEW_SAME","submodule","Servers\Libs\NetTopologySuite\test\NetTopologySuite.Tests.NUnit\Operation\Valid\ValidSelfTouchingRingTest.cs"
"NOOP_NEW_SAME","submodule","Servers\Libs\NetTopologySuite\test\NetTopologySuite.Tests.NUnit\Planargraph\DirectedEdgeTest.cs"
"NOOP_NEW_SAME","submodule","Servers\Libs\NetTopologySuite\test\NetTopologySuite.Tests.NUnit\Precision\CommonBitsOpTest.cs"
"NOOP_NEW_SAME","submodule","Servers\Libs\NetTopologySuite\test\NetTopologySuite.Tests.NUnit\Precision\GeometryPrecisionReducerPointwiseTest.cs"
"NOOP_NEW_SAME","submodule","Servers\Libs\NetTopologySuite\test\NetTopologySuite.Tests.NUnit\Precision\GeometryPrecisionReducerTest.cs"
"NOOP_NEW_SAME","submodule","Servers\Libs\NetTopologySuite\test\NetTopologySuite.Tests.NUnit\Shape\CubicBezierCurveTest.cs"
"NOOP_NEW_SAME","submodule","Servers\Libs\NetTopologySuite\test\NetTopologySuite.Tests.NUnit\Shape\Fractal\HilbertCodeTest.cs"
"NOOP_NEW_SAME","submodule","Servers\Libs\NetTopologySuite\test\NetTopologySuite.Tests.NUnit\Shape\Fractal\MortonCodeTest.cs"
"NOOP_NEW_SAME","submodule","Servers\Libs\NetTopologySuite\test\NetTopologySuite.Tests.NUnit\Simplify\DouglasPeuckerSimplifierTest.cs"
"NOOP_NEW_SAME","submodule","Servers\Libs\NetTopologySuite\test\NetTopologySuite.Tests.NUnit\Simplify\GeometryOperationValidator.cs"
"NOOP_NEW_SAME","submodule","Servers\Libs\NetTopologySuite\test\NetTopologySuite.Tests.NUnit\Simplify\SameStructureTester.cs"
"NOOP_NEW_SAME","submodule","Servers\Libs\NetTopologySuite\test\NetTopologySuite.Tests.NUnit\Simplify\TopologyPreservingSimplifierTest.cs"
"NOOP_NEW_SAME","submodule","Servers\Libs\NetTopologySuite\test\NetTopologySuite.Tests.NUnit\Simplify\VWSimplifierTest.cs"
"NOOP_NEW_SAME","submodule","Servers\Libs\NetTopologySuite\test\NetTopologySuite.Tests.NUnit\TestData\africa.wkt"
"NOOP_NEW_SAME","submodule","Servers\Libs\NetTopologySuite\test\NetTopologySuite.Tests.NUnit\TestData\Base 64.txt"
"NOOP_NEW_SAME","submodule","Servers\Libs\NetTopologySuite\test\NetTopologySuite.Tests.NUnit\TestData\bc-250k.wkt"
"NOOP_NEW_SAME","submodule","Servers\Libs\NetTopologySuite\test\NetTopologySuite.Tests.NUnit\TestData\EmbeddedResourceManager.cs"
"NOOP_NEW_SAME","submodule","Servers\Libs\NetTopologySuite\test\NetTopologySuite.Tests.NUnit\TestData\europe.wkt"
"NOOP_NEW_SAME","submodule","Servers\Libs\NetTopologySuite\test\NetTopologySuite.Tests.NUnit\TestData\linestrings.xml"
"NOOP_NEW_SAME","submodule","Servers\Libs\NetTopologySuite\test\NetTopologySuite.Tests.NUnit\TestData\multilinestrings.xml"
"NOOP_NEW_SAME","submodule","Servers\Libs\NetTopologySuite\test\NetTopologySuite.Tests.NUnit\TestData\multipoints.xml"
"NOOP_NEW_SAME","submodule","Servers\Libs\NetTopologySuite\test\NetTopologySuite.Tests.NUnit\TestData\multipolygons.xml"
"NOOP_NEW_SAME","submodule","Servers\Libs\NetTopologySuite\test\NetTopologySuite.Tests.NUnit\TestData\plane.wkt"
"NOOP_NEW_SAME","submodule","Servers\Libs\NetTopologySuite\test\NetTopologySuite.Tests.NUnit\TestData\points.xml"
"NOOP_NEW_SAME","submodule","Servers\Libs\NetTopologySuite\test\NetTopologySuite.Tests.NUnit\TestData\polygon.wkb"
"NOOP_NEW_SAME","submodule","Servers\Libs\NetTopologySuite\test\NetTopologySuite.Tests.NUnit\TestData\polygons.xml"
"NOOP_NEW_SAME","submodule","Servers\Libs\NetTopologySuite\test\NetTopologySuite.Tests.NUnit\TestData\uk.wkt"
"NOOP_NEW_SAME","submodule","Servers\Libs\NetTopologySuite\test\NetTopologySuite.Tests.NUnit\TestData\uk-arrows.wkt"
"NOOP_NEW_SAME","submodule","Servers\Libs\NetTopologySuite\test\NetTopologySuite.Tests.NUnit\TestData\usa-lower48.wkt"
"NOOP_NEW_SAME","submodule","Servers\Libs\NetTopologySuite\test\NetTopologySuite.Tests.NUnit\Triangulate\BasicFunctionalityTest.cs"
"NOOP_NEW_SAME","submodule","Servers\Libs\NetTopologySuite\test\NetTopologySuite.Tests.NUnit\Triangulate\DelaunayPerformanceTest.cs"
"NOOP_NEW_SAME","submodule","Servers\Libs\NetTopologySuite\test\NetTopologySuite.Tests.NUnit\Triangulate\DelaunayTest.cs"
"NOOP_NEW_SAME","submodule","Servers\Libs\NetTopologySuite\test\NetTopologySuite.Tests.NUnit\Triangulate\Polygon\ConstrainedDelaunayTriangulatorTest.cs"
"NOOP_NEW_SAME","submodule","Servers\Libs\NetTopologySuite\test\NetTopologySuite.Tests.NUnit\Triangulate\Polygon\PolygonTriangulatorTest.cs"
"NOOP_NEW_SAME","submodule","Servers\Libs\NetTopologySuite\test\NetTopologySuite.Tests.NUnit\Triangulate\Polygon\VertexSequencePackedRtreeTest.cs"
"NOOP_NEW_SAME","submodule","Servers\Libs\NetTopologySuite\test\NetTopologySuite.Tests.NUnit\Triangulate\Tri\TriTest.cs"
"NOOP_NEW_SAME","submodule","Servers\Libs\NetTopologySuite\test\NetTopologySuite.Tests.NUnit\Triangulate\VoronoiDiagramBuilderTest.cs"
"NOOP_NEW_SAME","submodule","Servers\Libs\NetTopologySuite\test\NetTopologySuite.Tests.NUnit\Triangulate\VoronoiTest.cs"
"NOOP_NEW_SAME","submodule","Servers\Libs\NetTopologySuite\test\NetTopologySuite.Tests.NUnit\Utilities\PointwiseGeometryAggregationTestCases.cs"
"NOOP_NEW_SAME","submodule","Servers\Libs\NetTopologySuite\test\NetTopologySuite.Tests.NUnit\Utilities\PriorityQueueTest.cs"
"NOOP_NEW_SAME","submodule","Servers\Libs\NetTopologySuite\test\NetTopologySuite.Tests.NUnit\Utilities\SerializationUtility.cs"
"NOOP_NEW_SAME","submodule","Servers\Libs\NetTopologySuite\test\NetTopologySuite.Tests.NUnit\Utilities\UniqueCoordinateArrayFilterTest.cs"
"NOOP_NEW_SAME","submodule","Servers\Libs\NetTopologySuite\test\NetTopologySuite.Tests.NUnit\WKTorBReader.cs"
"NOOP_NEW_SAME","submodule","Servers\Libs\NetTopologySuite\test\NetTopologySuite.Tests.Vivid.XUnit\AssemblyInfo.cs"
"NOOP_NEW_SAME","submodule","Servers\Libs\NetTopologySuite\test\NetTopologySuite.Tests.Vivid.XUnit\NetTopologySuite.Tests.Vivid.XUnit.csproj"
"NOOP_NEW_SAME","submodule","Servers\Libs\NetTopologySuite\test\NetTopologySuite.Tests.Vivid.XUnit\XUnitExternalTests.cs"
"NOOP_NEW_SAME","submodule","Servers\Libs\NetTopologySuite\test\NetTopologySuite.Tests.Vivid.XUnit\XUnitFailureTests.cs"
"NOOP_NEW_SAME","submodule","Servers\Libs\NetTopologySuite\test\NetTopologySuite.Tests.Vivid.XUnit\XUnitGeneralTests.cs"
"NOOP_NEW_SAME","submodule","Servers\Libs\NetTopologySuite\test\NetTopologySuite.Tests.Vivid.XUnit\XUnitRobustOverlayTests.cs"
"NOOP_NEW_SAME","submodule","Servers\Libs\NetTopologySuite\test\NetTopologySuite.Tests.Vivid.XUnit\XUnitRobustTests.cs"
"NOOP_NEW_SAME","submodule","Servers\Libs\NetTopologySuite\test\NetTopologySuite.Tests.Vivid.XUnit\XUnitRunner.cs"
"NOOP_NEW_SAME","submodule","Servers\Libs\NetTopologySuite\test\NetTopologySuite.Tests.Vivid.XUnit\XUnitStMLFTests.cs"
"NOOP_NEW_SAME","submodule","Servers\Libs\NetTopologySuite\test\NetTopologySuite.Tests.Vivid.XUnit\XUnitValidateTests.cs"
"NOOP_NEW_SAME","submodule","Servers\Libs\NetTopologySuite\tools\.gitignore"
